[2026-04-16 19:47:10] ERROR: [DB] Connection failed: Access denied for user 'root'@'localhost' (using password: NO)
[2026-04-16 19:54:37] ERROR: [DB] Connection failed: Access denied for user 'root'@'localhost' (using password: NO)
[2026-04-17 11:45:12] INFO: Wisber backend running on port 3000
[2026-04-17 11:45:12] ERROR: [DB] Connection failed: Access denied for user 'root'@'localhost' (using password: NO)
[2026-04-17 11:45:36] INFO: Wisber backend running on port 3000
[2026-04-17 11:45:36] ERROR: [DB] Connection failed: Access denied for user 'root'@'localhost' (using password: NO)
[2026-04-17 11:47:21] INFO: Wisber backend running on port 3000
[2026-04-17 11:47:21] ERROR: [DB] Connection failed: Access denied for user 'root'@'localhost' (using password: NO)
[2026-04-17 11:47:49] INFO: Wisber backend running on port 3000
[2026-04-17 11:47:49] ERROR: [DB] Connection failed: Unknown database 'wisber'
[2026-04-17 11:48:22] INFO: Wisber backend running on port 3000
[2026-04-17 11:48:22] INFO: [DB] Sequelize connected to MySQL
[2026-04-17 13:16:03] ERROR: Error
    at Query.run (C:\Users\moham\Desktop\Alfa Project\Aman app\backend\node_modules\sequelize\lib\dialects\mysql\query.js:52:25)
    at C:\Users\moham\Desktop\Alfa Project\Aman app\backend\node_modules\sequelize\lib\sequelize.js:315:28
    at process.processTicksAndRejections (node:internal/process/task_queues:104:5)
    at async MySQLQueryInterface.select (C:\Users\moham\Desktop\Alfa Project\Aman app\backend\node_modules\sequelize\lib\dialects\abstract\query-interface.js:407:12)
    at async User.findAll (C:\Users\moham\Desktop\Alfa Project\Aman app\backend\node_modules\sequelize\lib\model.js:1140:21)
    at async User.findOne (C:\Users\moham\Desktop\Alfa Project\Aman app\backend\node_modules\sequelize\lib\model.js:1240:12)
    at async exports.register (C:\Users\moham\Desktop\Alfa Project\Aman app\backend\src\modules\mobile_modules\auth.service.js:25:20)
    at async exports.register (C:\Users\moham\Desktop\Alfa Project\Aman app\backend\src\controllers\mobile_controllers\auth.controller.js:4:30)
[2026-04-17 13:16:14] ERROR: Error
    at Query.run (C:\Users\moham\Desktop\Alfa Project\Aman app\backend\node_modules\sequelize\lib\dialects\mysql\query.js:52:25)
    at C:\Users\moham\Desktop\Alfa Project\Aman app\backend\node_modules\sequelize\lib\sequelize.js:315:28
    at process.processTicksAndRejections (node:internal/process/task_queues:104:5)
    at async MySQLQueryInterface.select (C:\Users\moham\Desktop\Alfa Project\Aman app\backend\node_modules\sequelize\lib\dialects\abstract\query-interface.js:407:12)
    at async User.findAll (C:\Users\moham\Desktop\Alfa Project\Aman app\backend\node_modules\sequelize\lib\model.js:1140:21)
    at async User.findOne (C:\Users\moham\Desktop\Alfa Project\Aman app\backend\node_modules\sequelize\lib\model.js:1240:12)
    at async exports.register (C:\Users\moham\Desktop\Alfa Project\Aman app\backend\src\modules\mobile_modules\auth.service.js:25:20)
    at async exports.register (C:\Users\moham\Desktop\Alfa Project\Aman app\backend\src\controllers\mobile_controllers\auth.controller.js:4:30)
[2026-04-17 13:16:53] ERROR: Error
    at Query.run (C:\Users\moham\Desktop\Alfa Project\Aman app\backend\node_modules\sequelize\lib\dialects\mysql\query.js:52:25)
    at C:\Users\moham\Desktop\Alfa Project\Aman app\backend\node_modules\sequelize\lib\sequelize.js:315:28
    at process.processTicksAndRejections (node:internal/process/task_queues:104:5)
    at async MySQLQueryInterface.select (C:\Users\moham\Desktop\Alfa Project\Aman app\backend\node_modules\sequelize\lib\dialects\abstract\query-interface.js:407:12)
    at async User.findAll (C:\Users\moham\Desktop\Alfa Project\Aman app\backend\node_modules\sequelize\lib\model.js:1140:21)
    at async User.findOne (C:\Users\moham\Desktop\Alfa Project\Aman app\backend\node_modules\sequelize\lib\model.js:1240:12)
    at async exports.register (C:\Users\moham\Desktop\Alfa Project\Aman app\backend\src\modules\mobile_modules\auth.service.js:25:20)
    at async exports.register (C:\Users\moham\Desktop\Alfa Project\Aman app\backend\src\controllers\mobile_controllers\auth.controller.js:4:30)
[2026-04-17 13:17:38] ERROR: Error
    at Query.run (C:\Users\moham\Desktop\Alfa Project\Aman app\backend\node_modules\sequelize\lib\dialects\mysql\query.js:52:25)
    at C:\Users\moham\Desktop\Alfa Project\Aman app\backend\node_modules\sequelize\lib\sequelize.js:315:28
    at process.processTicksAndRejections (node:internal/process/task_queues:104:5)
    at async MySQLQueryInterface.select (C:\Users\moham\Desktop\Alfa Project\Aman app\backend\node_modules\sequelize\lib\dialects\abstract\query-interface.js:407:12)
    at async User.findAll (C:\Users\moham\Desktop\Alfa Project\Aman app\backend\node_modules\sequelize\lib\model.js:1140:21)
    at async User.findOne (C:\Users\moham\Desktop\Alfa Project\Aman app\backend\node_modules\sequelize\lib\model.js:1240:12)
    at async exports.register (C:\Users\moham\Desktop\Alfa Project\Aman app\backend\src\modules\mobile_modules\auth.service.js:25:20)
    at async exports.register (C:\Users\moham\Desktop\Alfa Project\Aman app\backend\src\controllers\mobile_controllers\auth.controller.js:4:30)
[2026-04-17 13:17:47] ERROR: [DB] Connection failed: Unknown database 'wisber'
[2026-04-17 13:23:51] ERROR: [DB] Connection failed: Unknown database 'wisber'
[2026-04-17 13:26:43] INFO: [DB] Sequelize connected to MySQL
[2026-04-17 13:26:43] INFO: [DB] All tables synced
[2026-04-17 13:26:43] INFO: Wisber backend running on port 3000
[2026-04-17 13:27:37] ERROR: Error
    at Query.run (C:\Users\moham\Desktop\Alfa Project\Aman app\backend\node_modules\sequelize\lib\dialects\mysql\query.js:52:25)
    at C:\Users\moham\Desktop\Alfa Project\Aman app\backend\node_modules\sequelize\lib\sequelize.js:315:28
    at process.processTicksAndRejections (node:internal/process/task_queues:104:5)
    at async MySQLQueryInterface.select (C:\Users\moham\Desktop\Alfa Project\Aman app\backend\node_modules\sequelize\lib\dialects\abstract\query-interface.js:407:12)
    at async User.findAll (C:\Users\moham\Desktop\Alfa Project\Aman app\backend\node_modules\sequelize\lib\model.js:1140:21)
    at async User.findOne (C:\Users\moham\Desktop\Alfa Project\Aman app\backend\node_modules\sequelize\lib\model.js:1240:12)
    at async exports.register (C:\Users\moham\Desktop\Alfa Project\Aman app\backend\src\modules\mobile_modules\auth.service.js:25:20)
    at async exports.register (C:\Users\moham\Desktop\Alfa Project\Aman app\backend\src\controllers\mobile_controllers\auth.controller.js:4:30)
[2026-04-17 13:29:19] INFO: [DB] Sequelize connected to MySQL
[2026-04-17 13:29:23] INFO: [DB] All tables synced
[2026-04-17 13:29:23] INFO: Wisber backend running on port 3000
[2026-04-17 13:29:54] INFO: [Socket] Connected: d19e10cb-05ef-4a0f-9e35-6fa41b6f6ec1
[2026-04-17 13:33:04] INFO: [Socket] Connected: 611ee236-76d0-4c7b-a2c8-ac3812339504
[2026-04-17 13:35:08] INFO: [Socket] Disconnected: d19e10cb-05ef-4a0f-9e35-6fa41b6f6ec1
[2026-04-17 13:35:27] INFO: [Socket] Connected: d19e10cb-05ef-4a0f-9e35-6fa41b6f6ec1
[2026-04-17 13:37:47] INFO: [Socket] Disconnected: d19e10cb-05ef-4a0f-9e35-6fa41b6f6ec1
[2026-04-17 13:37:53] INFO: [Socket] Connected: d19e10cb-05ef-4a0f-9e35-6fa41b6f6ec1
[2026-04-17 13:41:48] INFO: [Socket] Disconnected: d19e10cb-05ef-4a0f-9e35-6fa41b6f6ec1
[2026-04-17 13:49:34] INFO: [Socket] Connected: d19e10cb-05ef-4a0f-9e35-6fa41b6f6ec1
[2026-04-17 13:49:46] INFO: [Socket] Disconnected: 611ee236-76d0-4c7b-a2c8-ac3812339504
[2026-04-17 13:50:11] INFO: [Socket] Connected: d19e10cb-05ef-4a0f-9e35-6fa41b6f6ec1
[2026-04-17 13:50:29] INFO: [Socket] Disconnected: d19e10cb-05ef-4a0f-9e35-6fa41b6f6ec1
[2026-04-17 13:50:56] ERROR: Error: Invalid phone or password
    at err (C:\Users\moham\Desktop\Alfa Project\Aman app\backend\src\modules\mobile_modules\auth.service.js:9:46)
    at exports.login (C:\Users\moham\Desktop\Alfa Project\Aman app\backend\src\modules\mobile_modules\auth.service.js:46:67)
    at async exports.login (C:\Users\moham\Desktop\Alfa Project\Aman app\backend\src\controllers\mobile_controllers\auth.controller.js:7:18)
[2026-04-17 13:51:06] INFO: [Socket] Connected: 611ee236-76d0-4c7b-a2c8-ac3812339504
[2026-04-17 13:57:24] INFO: [Socket] Disconnected: d19e10cb-05ef-4a0f-9e35-6fa41b6f6ec1
[2026-04-17 13:57:27] INFO: [Socket] Disconnected: 611ee236-76d0-4c7b-a2c8-ac3812339504
[2026-04-17 13:57:35] INFO: [Socket] Connected: 611ee236-76d0-4c7b-a2c8-ac3812339504
[2026-04-17 13:57:38] INFO: [Socket] Connected: d19e10cb-05ef-4a0f-9e35-6fa41b6f6ec1
[2026-04-17 14:00:48] INFO: [Socket] Disconnected: 611ee236-76d0-4c7b-a2c8-ac3812339504
[2026-04-17 14:01:22] INFO: [Socket] Connected: 611ee236-76d0-4c7b-a2c8-ac3812339504
[2026-04-17 14:04:07] INFO: [Socket] Disconnected: 611ee236-76d0-4c7b-a2c8-ac3812339504
[2026-04-17 14:05:35] INFO: [Socket] Connected: 611ee236-76d0-4c7b-a2c8-ac3812339504
[2026-04-17 14:14:54] INFO: [DB] Sequelize connected to MySQL
[2026-04-17 14:14:56] INFO: [DB] All tables synced
[2026-04-17 14:14:56] INFO: Wisber backend running on port 3000
[2026-04-17 14:14:56] INFO: [Socket] Connected: 611ee236-76d0-4c7b-a2c8-ac3812339504
[2026-04-17 14:15:14] INFO: [DB] Sequelize connected to MySQL
[2026-04-17 14:15:16] INFO: [DB] All tables synced
[2026-04-17 14:15:16] INFO: Wisber backend running on port 3000
[2026-04-17 14:15:16] INFO: [Socket] Connected: 611ee236-76d0-4c7b-a2c8-ac3812339504
[2026-04-17 14:25:35] INFO: [Socket] Disconnected: 611ee236-76d0-4c7b-a2c8-ac3812339504
[2026-04-17 14:26:42] INFO: [Socket] Connected: 611ee236-76d0-4c7b-a2c8-ac3812339504
[2026-04-17 14:36:07] INFO: [Socket] Connected: 611ee236-76d0-4c7b-a2c8-ac3812339504
[2026-04-17 14:50:11] INFO: [DB] Sequelize connected to MySQL
[2026-04-17 14:50:13] INFO: [DB] All tables synced
[2026-04-17 14:50:13] INFO: Wisber backend running on port 3000
[2026-04-17 14:54:48] INFO: [DB] Sequelize connected to MySQL
[2026-04-17 14:54:50] INFO: [DB] All tables synced
[2026-04-17 14:54:50] INFO: Wisber backend running on port 3000
[2026-04-17 15:01:20] INFO: [DB] Sequelize connected to MySQL
[2026-04-17 15:01:22] INFO: [DB] All tables synced
[2026-04-17 15:01:22] INFO: Wisber backend running on port 3000
[2026-04-17 15:02:42] INFO: [Socket] Connected: 611ee236-76d0-4c7b-a2c8-ac3812339504
[2026-04-17 15:07:12] INFO: [Socket] Disconnected: 611ee236-76d0-4c7b-a2c8-ac3812339504
[2026-04-17 15:31:08] INFO: [Socket] Connected: d19e10cb-05ef-4a0f-9e35-6fa41b6f6ec1
[2026-04-17 17:58:39] INFO: [Socket] Disconnected: d19e10cb-05ef-4a0f-9e35-6fa41b6f6ec1
[2026-04-17 18:36:09] ERROR: Error: Invalid phone or password
    at err (C:\Users\moham\Desktop\Alfa Project\Aman app\backend\src\modules\mobile_modules\auth.service.js:9:46)
    at exports.login (C:\Users\moham\Desktop\Alfa Project\Aman app\backend\src\modules\mobile_modules\auth.service.js:46:67)
    at async exports.login (C:\Users\moham\Desktop\Alfa Project\Aman app\backend\src\controllers\mobile_controllers\auth.controller.js:7:18)
[2026-04-17 18:36:32] INFO: [DB] Sequelize connected to MySQL
[2026-04-17 18:36:35] INFO: [DB] All tables synced
[2026-04-17 18:36:35] INFO: Wisber backend running on port 3000
[2026-04-17 18:36:35] ERROR: Error: Invalid phone or password
    at err (C:\Users\moham\Desktop\Alfa Project\Aman app\backend\src\modules\mobile_modules\auth.service.js:9:46)
    at exports.login (C:\Users\moham\Desktop\Alfa Project\Aman app\backend\src\modules\mobile_modules\auth.service.js:46:67)
    at async exports.login (C:\Users\moham\Desktop\Alfa Project\Aman app\backend\src\controllers\mobile_controllers\auth.controller.js:7:18)
[2026-04-17 18:36:41] ERROR: Error: Invalid phone or password
    at err (C:\Users\moham\Desktop\Alfa Project\Aman app\backend\src\modules\mobile_modules\auth.service.js:9:46)
    at exports.login (C:\Users\moham\Desktop\Alfa Project\Aman app\backend\src\modules\mobile_modules\auth.service.js:46:67)
    at async exports.login (C:\Users\moham\Desktop\Alfa Project\Aman app\backend\src\controllers\mobile_controllers\auth.controller.js:7:18)
[2026-04-17 18:37:09] INFO: [DB] Sequelize connected to MySQL
[2026-04-17 18:37:11] INFO: [DB] All tables synced
[2026-04-17 18:37:11] INFO: Wisber backend running on port 3000
[2026-04-17 18:37:40] INFO: [Socket] Connected: 611ee236-76d0-4c7b-a2c8-ac3812339504
[2026-04-17 18:38:32] INFO: [Socket] Connected: d19e10cb-05ef-4a0f-9e35-6fa41b6f6ec1
[2026-04-17 18:41:42] INFO: [Socket] Disconnected: 611ee236-76d0-4c7b-a2c8-ac3812339504
[2026-04-17 18:42:08] INFO: [Socket] Connected: 611ee236-76d0-4c7b-a2c8-ac3812339504
[2026-04-17 18:46:57] INFO: [Socket] Disconnected: d19e10cb-05ef-4a0f-9e35-6fa41b6f6ec1
[2026-04-17 18:48:56] ERROR: Error: Invalid phone or password
    at err (C:\Users\moham\Desktop\Alfa Project\Aman app\backend\src\modules\mobile_modules\auth.service.js:9:46)
    at exports.login (C:\Users\moham\Desktop\Alfa Project\Aman app\backend\src\modules\mobile_modules\auth.service.js:46:67)
    at async exports.login (C:\Users\moham\Desktop\Alfa Project\Aman app\backend\src\controllers\mobile_controllers\auth.controller.js:7:18)
[2026-04-17 18:49:12] INFO: [Socket] Connected: d19e10cb-05ef-4a0f-9e35-6fa41b6f6ec1
[2026-04-17 18:58:31] INFO: [Socket] Disconnected: d19e10cb-05ef-4a0f-9e35-6fa41b6f6ec1
[2026-04-17 19:01:30] INFO: [Socket] Connected: d19e10cb-05ef-4a0f-9e35-6fa41b6f6ec1
[2026-04-17 19:03:59] INFO: [DB] Sequelize connected to MySQL
[2026-04-17 19:04:01] INFO: [DB] All tables synced
[2026-04-17 19:04:01] INFO: Wisber backend running on port 3000
[2026-04-17 19:04:04] INFO: [Socket] Connected: d19e10cb-05ef-4a0f-9e35-6fa41b6f6ec1
[2026-04-17 19:04:40] INFO: [Socket] Disconnected: d19e10cb-05ef-4a0f-9e35-6fa41b6f6ec1
[2026-04-17 19:06:09] INFO: [Socket] Connected: 611ee236-76d0-4c7b-a2c8-ac3812339504
[2026-04-17 19:07:50] INFO: [Socket] Connected: d19e10cb-05ef-4a0f-9e35-6fa41b6f6ec1
[2026-04-17 19:08:33] INFO: [Socket] Disconnected: 611ee236-76d0-4c7b-a2c8-ac3812339504
[2026-04-17 19:09:27] INFO: [Socket] Disconnected: d19e10cb-05ef-4a0f-9e35-6fa41b6f6ec1
[2026-04-17 19:11:13] INFO: [Socket] Connected: 611ee236-76d0-4c7b-a2c8-ac3812339504
[2026-04-17 19:11:50] INFO: [Socket] Connected: d19e10cb-05ef-4a0f-9e35-6fa41b6f6ec1
[2026-04-17 19:13:34] INFO: [Socket] Disconnected: d19e10cb-05ef-4a0f-9e35-6fa41b6f6ec1
[2026-04-17 19:15:04] INFO: [Socket] Connected: d19e10cb-05ef-4a0f-9e35-6fa41b6f6ec1
[2026-04-17 19:15:18] INFO: [Socket] Disconnected: 611ee236-76d0-4c7b-a2c8-ac3812339504
[2026-04-17 19:15:36] INFO: [Socket] Connected: 611ee236-76d0-4c7b-a2c8-ac3812339504
[2026-04-17 19:32:15] INFO: [Socket] Disconnected: 611ee236-76d0-4c7b-a2c8-ac3812339504
[2026-04-18 10:02:27] INFO: [DB] Sequelize connected to MySQL
[2026-04-18 10:02:30] INFO: [DB] All tables synced
[2026-04-18 10:02:30] INFO: Wisber backend running on port 3000
[2026-04-18 10:03:32] ERROR: Error: Invalid phone or password
    at err (C:\Users\moham\Desktop\Alfa Project\Aman app\backend\src\modules\mobile_modules\auth.service.js:9:46)
    at exports.login (C:\Users\moham\Desktop\Alfa Project\Aman app\backend\src\modules\mobile_modules\auth.service.js:46:67)
    at async exports.login (C:\Users\moham\Desktop\Alfa Project\Aman app\backend\src\controllers\mobile_controllers\auth.controller.js:7:18)
[2026-04-18 10:03:46] INFO: [Socket] Connected: 611ee236-76d0-4c7b-a2c8-ac3812339504
[2026-04-18 10:04:25] INFO: [Socket] Connected: d19e10cb-05ef-4a0f-9e35-6fa41b6f6ec1
[2026-04-18 10:15:28] INFO: [Socket] Disconnected: 611ee236-76d0-4c7b-a2c8-ac3812339504
[2026-04-18 10:17:29] INFO: [Socket] Connected: 611ee236-76d0-4c7b-a2c8-ac3812339504
[2026-04-18 10:33:00] INFO: [Socket] Disconnected: d19e10cb-05ef-4a0f-9e35-6fa41b6f6ec1
[2026-04-18 13:57:55] INFO: [DB] Sequelize connected to MySQL
[2026-04-18 13:57:58] INFO: [DB] All tables synced
[2026-04-18 13:57:58] INFO: Wisber backend running on port 3000
[2026-04-18 13:59:35] INFO: [Socket] Connected: d19e10cb-05ef-4a0f-9e35-6fa41b6f6ec1
[2026-04-18 14:01:39] INFO: [Socket] Disconnected: d19e10cb-05ef-4a0f-9e35-6fa41b6f6ec1
[2026-04-18 14:02:12] INFO: [Socket] Connected: 611ee236-76d0-4c7b-a2c8-ac3812339504
[2026-04-18 14:02:12] INFO: [Socket] Delivered 4 pending message(s) to 611ee236-76d0-4c7b-a2c8-ac3812339504
[2026-04-18 14:07:05] INFO: [Socket] Disconnected: 611ee236-76d0-4c7b-a2c8-ac3812339504
[2026-04-18 14:08:17] INFO: [Socket] Connected: 611ee236-76d0-4c7b-a2c8-ac3812339504
[2026-04-18 14:11:03] INFO: [Socket] Connected: d19e10cb-05ef-4a0f-9e35-6fa41b6f6ec1
[2026-04-18 14:11:03] INFO: [Socket] Delivered 3 pending message(s) to d19e10cb-05ef-4a0f-9e35-6fa41b6f6ec1
[2026-04-18 14:14:01] INFO: [DB] Sequelize connected to MySQL
[2026-04-18 14:14:04] INFO: [DB] All tables synced
[2026-04-18 14:14:04] INFO: Wisber backend running on port 3000
[2026-04-18 14:14:04] INFO: [Socket] Connected: 611ee236-76d0-4c7b-a2c8-ac3812339504
[2026-04-18 14:14:05] INFO: [Socket] Connected: d19e10cb-05ef-4a0f-9e35-6fa41b6f6ec1
[2026-04-18 14:16:14] INFO: [Socket] Disconnected: 611ee236-76d0-4c7b-a2c8-ac3812339504
[2026-04-18 14:16:18] INFO: [Socket] Disconnected: d19e10cb-05ef-4a0f-9e35-6fa41b6f6ec1
[2026-04-18 14:16:33] INFO: [Socket] Connected: 611ee236-76d0-4c7b-a2c8-ac3812339504
[2026-04-18 14:16:36] INFO: [Socket] Connected: d19e10cb-05ef-4a0f-9e35-6fa41b6f6ec1
[2026-04-18 14:21:17] INFO: [DB] Sequelize connected to MySQL
[2026-04-18 14:21:19] INFO: [DB] All tables synced
[2026-04-18 14:21:19] INFO: Wisber backend running on port 3000
[2026-04-18 14:21:20] INFO: [Socket] Connected: 611ee236-76d0-4c7b-a2c8-ac3812339504
[2026-04-18 14:21:21] INFO: [Socket] Connected: d19e10cb-05ef-4a0f-9e35-6fa41b6f6ec1
[2026-04-18 14:21:52] INFO: [DB] Sequelize connected to MySQL
[2026-04-18 14:21:55] INFO: [DB] All tables synced
[2026-04-18 14:21:55] INFO: Wisber backend running on port 3000
[2026-04-18 14:21:55] INFO: [Socket] Connected: 611ee236-76d0-4c7b-a2c8-ac3812339504
[2026-04-18 14:21:56] INFO: [Socket] Connected: d19e10cb-05ef-4a0f-9e35-6fa41b6f6ec1
[2026-04-18 14:22:06] INFO: [DB] Sequelize connected to MySQL
[2026-04-18 14:22:09] INFO: [DB] All tables synced
[2026-04-18 14:22:09] INFO: Wisber backend running on port 3000
[2026-04-18 14:22:09] INFO: [Socket] Connected: d19e10cb-05ef-4a0f-9e35-6fa41b6f6ec1
[2026-04-18 14:22:10] INFO: [Socket] Connected: 611ee236-76d0-4c7b-a2c8-ac3812339504
[2026-04-18 14:24:14] INFO: [DB] Sequelize connected to MySQL
[2026-04-18 14:24:17] INFO: [DB] All tables synced
[2026-04-18 14:24:17] INFO: Wisber backend running on port 3000
[2026-04-18 14:24:18] INFO: [Socket] Connected: d19e10cb-05ef-4a0f-9e35-6fa41b6f6ec1
[2026-04-18 14:26:20] INFO: [Socket] Disconnected: d19e10cb-05ef-4a0f-9e35-6fa41b6f6ec1
[2026-04-18 14:32:31] INFO: [Socket] Connected: 611ee236-76d0-4c7b-a2c8-ac3812339504
[2026-04-18 14:32:45] ERROR: TypeError: Cannot destructure property 'score' of 'undefined' as it is undefined.
    at exports.rateApp (C:\Users\moham\Desktop\Alfa Project\Aman app\backend\src\modules\mobile_modules\ratings.service.js:21:37)
    at exports.rateApp (C:\Users\moham\Desktop\Alfa Project\Aman app\backend\src\controllers\mobile_controllers\ratings.controller.js:4:78)
    at Layer.handleRequest (C:\Users\moham\Desktop\Alfa Project\Aman app\backend\node_modules\router\lib\layer.js:152:17)
    at next (C:\Users\moham\Desktop\Alfa Project\Aman app\backend\node_modules\router\lib\route.js:157:13)
    at C:\Users\moham\Desktop\Alfa Project\Aman app\backend\src\middleware\validate.js:5:3
    at Layer.handleRequest (C:\Users\moham\Desktop\Alfa Project\Aman app\backend\node_modules\router\lib\layer.js:152:17)
    at next (C:\Users\moham\Desktop\Alfa Project\Aman app\backend\node_modules\router\lib\route.js:157:13)
    at auth (C:\Users\moham\Desktop\Alfa Project\Aman app\backend\src\middleware\auth.js:6:46)
    at Layer.handleRequest (C:\Users\moham\Desktop\Alfa Project\Aman app\backend\node_modules\router\lib\layer.js:152:17)
    at next (C:\Users\moham\Desktop\Alfa Project\Aman app\backend\node_modules\router\lib\route.js:157:13)
[2026-04-18 14:34:54] INFO: [DB] Sequelize connected to MySQL
[2026-04-18 14:34:57] INFO: [DB] All tables synced
[2026-04-18 14:34:57] INFO: Wisber backend running on port 3000
[2026-04-18 14:34:59] INFO: [Socket] Connected: 611ee236-76d0-4c7b-a2c8-ac3812339504
[2026-04-18 14:35:27] INFO: [Socket] Connected: d19e10cb-05ef-4a0f-9e35-6fa41b6f6ec1
[2026-04-18 14:35:27] INFO: [Socket] Delivered 1 pending message(s) to d19e10cb-05ef-4a0f-9e35-6fa41b6f6ec1
[2026-04-18 14:35:51] ERROR: Error
    at Query.run (C:\Users\moham\Desktop\Alfa Project\Aman app\backend\node_modules\sequelize\lib\dialects\mysql\query.js:52:25)
    at C:\Users\moham\Desktop\Alfa Project\Aman app\backend\node_modules\sequelize\lib\sequelize.js:315:28
    at process.processTicksAndRejections (node:internal/process/task_queues:104:5)
    at async MySQLQueryInterface.insert (C:\Users\moham\Desktop\Alfa Project\Aman app\backend\node_modules\sequelize\lib\dialects\abstract\query-interface.js:308:21)
    at async model.save (C:\Users\moham\Desktop\Alfa Project\Aman app\backend\node_modules\sequelize\lib\model.js:2490:35)
    at async Rating.create (C:\Users\moham\Desktop\Alfa Project\Aman app\backend\node_modules\sequelize\lib\model.js:1362:12)
    at async exports.rateApp (C:\Users\moham\Desktop\Alfa Project\Aman app\backend\src\modules\mobile_modules\ratings.service.js:30:5)
    at async exports.rateApp (C:\Users\moham\Desktop\Alfa Project\Aman app\backend\src\controllers\mobile_controllers\ratings.controller.js:4:68)
[2026-04-18 14:36:18] INFO: [DB] Sequelize connected to MySQL
[2026-04-18 14:36:21] INFO: [DB] All tables synced
[2026-04-18 14:36:21] INFO: Wisber backend running on port 3000
[2026-04-18 14:36:23] INFO: [Socket] Connected: d19e10cb-05ef-4a0f-9e35-6fa41b6f6ec1
[2026-04-18 14:36:24] INFO: [Socket] Connected: 611ee236-76d0-4c7b-a2c8-ac3812339504
[2026-04-18 14:36:30] INFO: [Socket] Disconnected: d19e10cb-05ef-4a0f-9e35-6fa41b6f6ec1
[2026-04-18 14:36:36] INFO: [Socket] Disconnected: 611ee236-76d0-4c7b-a2c8-ac3812339504
[2026-04-18 14:36:42] INFO: [Socket] Connected: 611ee236-76d0-4c7b-a2c8-ac3812339504
[2026-04-18 14:36:51] INFO: [Socket] Connected: d19e10cb-05ef-4a0f-9e35-6fa41b6f6ec1
[2026-04-18 14:37:44] ERROR: Error
    at Query.run (C:\Users\moham\Desktop\Alfa Project\Aman app\backend\node_modules\sequelize\lib\dialects\mysql\query.js:52:25)
    at C:\Users\moham\Desktop\Alfa Project\Aman app\backend\node_modules\sequelize\lib\sequelize.js:315:28
    at process.processTicksAndRejections (node:internal/process/task_queues:104:5)
    at async MySQLQueryInterface.insert (C:\Users\moham\Desktop\Alfa Project\Aman app\backend\node_modules\sequelize\lib\dialects\abstract\query-interface.js:308:21)
    at async model.save (C:\Users\moham\Desktop\Alfa Project\Aman app\backend\node_modules\sequelize\lib\model.js:2490:35)
    at async Rating.create (C:\Users\moham\Desktop\Alfa Project\Aman app\backend\node_modules\sequelize\lib\model.js:1362:12)
    at async exports.rateApp (C:\Users\moham\Desktop\Alfa Project\Aman app\backend\src\modules\mobile_modules\ratings.service.js:30:5)
    at async exports.rateApp (C:\Users\moham\Desktop\Alfa Project\Aman app\backend\src\controllers\mobile_controllers\ratings.controller.js:4:68)
[2026-04-18 14:39:47] INFO: [DB] Sequelize connected to MySQL
[2026-04-18 14:39:50] INFO: [DB] All tables synced
[2026-04-18 14:39:50] INFO: Wisber backend running on port 3000
[2026-04-18 14:39:50] INFO: [Socket] Connected: d19e10cb-05ef-4a0f-9e35-6fa41b6f6ec1
[2026-04-18 14:39:51] INFO: [Socket] Connected: 611ee236-76d0-4c7b-a2c8-ac3812339504
[2026-04-18 14:42:38] INFO: [DB] Sequelize connected to MySQL
[2026-04-18 14:42:41] INFO: [DB] All tables synced
[2026-04-18 14:42:41] INFO: Wisber backend running on port 3000
[2026-04-18 14:42:43] INFO: [Socket] Connected: 611ee236-76d0-4c7b-a2c8-ac3812339504
[2026-04-18 14:42:44] INFO: [Socket] Connected: d19e10cb-05ef-4a0f-9e35-6fa41b6f6ec1
[2026-04-18 14:42:56] ERROR: Error
    at Query.run (C:\Users\moham\Desktop\Alfa Project\Aman app\backend\node_modules\sequelize\lib\dialects\mysql\query.js:52:25)
    at C:\Users\moham\Desktop\Alfa Project\Aman app\backend\node_modules\sequelize\lib\sequelize.js:315:28
    at process.processTicksAndRejections (node:internal/process/task_queues:104:5)
    at async MySQLQueryInterface.insert (C:\Users\moham\Desktop\Alfa Project\Aman app\backend\node_modules\sequelize\lib\dialects\abstract\query-interface.js:308:21)
    at async model.save (C:\Users\moham\Desktop\Alfa Project\Aman app\backend\node_modules\sequelize\lib\model.js:2490:35)
    at async Rating.create (C:\Users\moham\Desktop\Alfa Project\Aman app\backend\node_modules\sequelize\lib\model.js:1362:12)
    at async C:\Users\moham\Desktop\Alfa Project\Aman app\backend\src\modules\mobile_modules\ratings.service.js:39:7
    at async C:\Users\moham\Desktop\Alfa Project\Aman app\backend\node_modules\sequelize\lib\sequelize.js:507:18
    at async exports.rateApp (C:\Users\moham\Desktop\Alfa Project\Aman app\backend\src\modules\mobile_modules\ratings.service.js:26:3)
    at async exports.rateApp (C:\Users\moham\Desktop\Alfa Project\Aman app\backend\src\controllers\mobile_controllers\ratings.controller.js:4:68)
[2026-04-18 14:44:01] INFO: [DB] Sequelize connected to MySQL
[2026-04-18 14:44:04] INFO: [DB] All tables synced
[2026-04-18 14:44:04] INFO: Wisber backend running on port 3000
[2026-04-18 14:44:10] INFO: [Socket] Connected: 611ee236-76d0-4c7b-a2c8-ac3812339504
[2026-04-18 14:44:22] ERROR: Error
    at Query.run (C:\Users\moham\Desktop\Alfa Project\Aman app\backend\node_modules\sequelize\lib\dialects\mysql\query.js:52:25)
    at C:\Users\moham\Desktop\Alfa Project\Aman app\backend\node_modules\sequelize\lib\sequelize.js:315:28
    at process.processTicksAndRejections (node:internal/process/task_queues:104:5)
    at async MySQLQueryInterface.insert (C:\Users\moham\Desktop\Alfa Project\Aman app\backend\node_modules\sequelize\lib\dialects\abstract\query-interface.js:308:21)
    at async model.save (C:\Users\moham\Desktop\Alfa Project\Aman app\backend\node_modules\sequelize\lib\model.js:2490:35)
    at async Rating.create (C:\Users\moham\Desktop\Alfa Project\Aman app\backend\node_modules\sequelize\lib\model.js:1362:12)
    at async C:\Users\moham\Desktop\Alfa Project\Aman app\backend\src\modules\mobile_modules\ratings.service.js:39:7
    at async C:\Users\moham\Desktop\Alfa Project\Aman app\backend\node_modules\sequelize\lib\sequelize.js:507:18
    at async exports.rateApp (C:\Users\moham\Desktop\Alfa Project\Aman app\backend\src\modules\mobile_modules\ratings.service.js:26:3)
    at async exports.rateApp (C:\Users\moham\Desktop\Alfa Project\Aman app\backend\src\controllers\mobile_controllers\ratings.controller.js:4:68)
[2026-04-18 14:45:10] INFO: [DB] Sequelize connected to MySQL
[2026-04-18 14:45:13] INFO: [DB] All tables synced
[2026-04-18 14:45:13] INFO: Wisber backend running on port 3000
[2026-04-18 14:45:14] INFO: [Socket] Connected: 611ee236-76d0-4c7b-a2c8-ac3812339504
[2026-04-18 14:46:22] INFO: [DB] Sequelize connected to MySQL
[2026-04-18 14:46:25] INFO: [DB] All tables synced
[2026-04-18 14:46:25] INFO: [Migration] OK: ALTER TABLE ratings MODIFY COLUMN rated_id CHAR(36) NULL DEF
[2026-04-18 14:46:25] INFO: Wisber backend running on port 3000
[2026-04-18 14:46:26] INFO: [Socket] Connected: 611ee236-76d0-4c7b-a2c8-ac3812339504
[2026-04-18 14:49:59] INFO: [DB] Sequelize connected to MySQL
[2026-04-18 14:50:00] ERROR: [DB] Sync failed: Referencing column 'rater_id' and referenced column 'id' in foreign key constraint 'ratings_ibfk_1' are incompatible.
[2026-04-18 14:52:22] INFO: [DB] Sequelize connected to MySQL
[2026-04-18 14:52:24] ERROR: [DB] Sync failed: Referencing column 'sender_id' and referenced column 'id' in foreign key constraint 'pending_messages_ibfk_1' are incompatible.
[2026-04-18 14:54:02] INFO: [DB] Sequelize connected to MySQL
[2026-04-18 14:54:05] ERROR: [DB] Sync failed: Referencing column 'sender_id' and referenced column 'id' in foreign key constraint 'pending_messages_ibfk_1' are incompatible.
[2026-04-18 14:55:09] INFO: [DB] Sequelize connected to MySQL
[2026-04-18 14:55:11] ERROR: [DB] Sync failed: Referencing column 'sender_id' and referenced column 'id' in foreign key constraint 'pending_messages_ibfk_1' are incompatible.
[2026-04-18 14:55:47] INFO: [DB] Sequelize connected to MySQL
[2026-04-18 14:55:49] ERROR: [DB] Sync failed: Referencing column 'sender_id' and referenced column 'id' in foreign key constraint 'pending_messages_ibfk_1' are incompatible.
[2026-04-18 14:56:53] INFO: [DB] Sequelize connected to MySQL
[2026-04-18 14:56:53] INFO: [Migration] Already applied: drop ratings_ibfk_1
[2026-04-18 14:56:53] INFO: [Migration] Already applied: drop ratings_ibfk_2
[2026-04-18 14:56:53] INFO: [Migration] OK: drop pm_ibfk_1
[2026-04-18 14:56:53] INFO: [Migration] OK: drop pm_ibfk_2
[2026-04-18 14:56:53] INFO: [Migration] OK: ratings.rated_id nullable
[2026-04-18 14:56:55] INFO: [DB] All tables synced
[2026-04-18 14:56:55] INFO: Wisber backend running on port 3000
[2026-04-18 14:57:32] INFO: [Socket] Connected: 611ee236-76d0-4c7b-a2c8-ac3812339504
[2026-04-18 14:58:12] ERROR: Error: Invalid phone or password
    at err (C:\Users\moham\Desktop\Alfa Project\Aman app\backend\src\modules\mobile_modules\auth.service.js:9:46)
    at exports.login (C:\Users\moham\Desktop\Alfa Project\Aman app\backend\src\modules\mobile_modules\auth.service.js:46:67)
    at async exports.login (C:\Users\moham\Desktop\Alfa Project\Aman app\backend\src\controllers\mobile_controllers\auth.controller.js:7:18)
[2026-04-18 14:58:52] INFO: [Socket] Connected: d19e10cb-05ef-4a0f-9e35-6fa41b6f6ec1
[2026-04-18 14:58:52] INFO: [Socket] Delivered 1 pending message(s) to d19e10cb-05ef-4a0f-9e35-6fa41b6f6ec1
[2026-04-18 15:00:46] INFO: [Socket] Disconnected: d19e10cb-05ef-4a0f-9e35-6fa41b6f6ec1
[2026-04-18 15:02:39] INFO: [Socket] Connected: d19e10cb-05ef-4a0f-9e35-6fa41b6f6ec1
[2026-04-18 15:02:39] INFO: [Socket] Delivered 2 pending message(s) to d19e10cb-05ef-4a0f-9e35-6fa41b6f6ec1
[2026-04-18 15:05:23] INFO: [Socket] Disconnected: 611ee236-76d0-4c7b-a2c8-ac3812339504
[2026-04-18 15:06:22] ERROR: Error: Invalid phone or password
    at err (C:\Users\moham\Desktop\Alfa Project\Aman app\backend\src\modules\mobile_modules\auth.service.js:9:46)
    at exports.login (C:\Users\moham\Desktop\Alfa Project\Aman app\backend\src\modules\mobile_modules\auth.service.js:45:57)
    at process.processTicksAndRejections (node:internal/process/task_queues:104:5)
    at async exports.login (C:\Users\moham\Desktop\Alfa Project\Aman app\backend\src\controllers\mobile_controllers\auth.controller.js:7:18)
[2026-04-18 15:07:05] INFO: [Socket] Connected: 611ee236-76d0-4c7b-a2c8-ac3812339504
[2026-04-18 15:55:40] INFO: [Socket] Disconnected: 611ee236-76d0-4c7b-a2c8-ac3812339504
[2026-04-18 17:42:01] INFO: [Socket] Disconnected: d19e10cb-05ef-4a0f-9e35-6fa41b6f6ec1
[2026-04-18 18:34:50] INFO: [DB] Sequelize connected to MySQL
[2026-04-18 18:34:50] INFO: [Migration] Already applied: drop ratings_ibfk_1
[2026-04-18 18:34:50] INFO: [Migration] Already applied: drop ratings_ibfk_2
[2026-04-18 18:34:50] INFO: [Migration] Already applied: drop pm_ibfk_1
[2026-04-18 18:34:50] INFO: [Migration] Already applied: drop pm_ibfk_2
[2026-04-18 18:34:50] INFO: [Migration] OK: ratings.rated_id nullable
[2026-04-18 18:34:53] INFO: [DB] All tables synced
[2026-04-18 18:34:53] INFO: Wisber backend running on port 3000
[2026-04-18 18:35:31] INFO: [Socket] Connected: 611ee236-76d0-4c7b-a2c8-ac3812339504
[2026-04-18 18:35:31] INFO: [Socket] Delivered 1 pending message(s) to 611ee236-76d0-4c7b-a2c8-ac3812339504
[2026-04-18 18:35:43] INFO: [Socket] Disconnected: 611ee236-76d0-4c7b-a2c8-ac3812339504
[2026-04-18 20:06:09] INFO: [DB] Sequelize connected to MySQL
[2026-04-18 20:06:09] INFO: [Migration] Already applied: drop ratings_ibfk_1
[2026-04-18 20:06:09] INFO: [Migration] Already applied: drop ratings_ibfk_2
[2026-04-18 20:06:09] INFO: [Migration] Already applied: drop pm_ibfk_1
[2026-04-18 20:06:09] INFO: [Migration] Already applied: drop pm_ibfk_2
[2026-04-18 20:06:09] INFO: [Migration] OK: ratings.rated_id nullable
[2026-04-18 20:06:11] INFO: [DB] All tables synced
[2026-04-18 20:06:11] INFO: Wisber backend running on port 3000
[2026-04-18 20:10:31] ERROR: Error: Invalid phone or password
    at err (C:\Users\moham\Desktop\Alfa Project\Aman app\backend\src\modules\mobile_modules\auth.service.js:9:46)
    at exports.login (C:\Users\moham\Desktop\Alfa Project\Aman app\backend\src\modules\mobile_modules\auth.service.js:46:67)
    at async exports.login (C:\Users\moham\Desktop\Alfa Project\Aman app\backend\src\controllers\mobile_controllers\auth.controller.js:7:18)
[2026-04-18 20:11:24] INFO: [Socket] Connected: d19e10cb-05ef-4a0f-9e35-6fa41b6f6ec1
[2026-04-18 20:13:10] INFO: [Socket] Connected: d19e10cb-05ef-4a0f-9e35-6fa41b6f6ec1
[2026-04-18 20:14:19] INFO: [Socket] Disconnected: d19e10cb-05ef-4a0f-9e35-6fa41b6f6ec1
[2026-04-18 20:14:41] INFO: [Socket] Connected: 611ee236-76d0-4c7b-a2c8-ac3812339504
[2026-04-18 20:14:41] INFO: [Socket] Delivered 2 pending message(s) to 611ee236-76d0-4c7b-a2c8-ac3812339504
[2026-04-18 20:15:55] INFO: [Socket] Disconnected: d19e10cb-05ef-4a0f-9e35-6fa41b6f6ec1
[2026-04-18 20:17:11] INFO: [Socket] Connected: d19e10cb-05ef-4a0f-9e35-6fa41b6f6ec1
[2026-04-18 20:17:11] INFO: [Socket] Delivered 2 pending message(s) to d19e10cb-05ef-4a0f-9e35-6fa41b6f6ec1
[2026-04-18 20:18:27] INFO: [Socket] Disconnected: 611ee236-76d0-4c7b-a2c8-ac3812339504
[2026-04-18 20:18:42] INFO: [Socket] Disconnected: d19e10cb-05ef-4a0f-9e35-6fa41b6f6ec1
[2026-04-18 20:19:08] INFO: [Socket] Connected: 611ee236-76d0-4c7b-a2c8-ac3812339504
[2026-04-18 20:20:43] INFO: [Socket] Connected: d19e10cb-05ef-4a0f-9e35-6fa41b6f6ec1
[2026-04-18 20:22:10] INFO: [Socket] Disconnected: 611ee236-76d0-4c7b-a2c8-ac3812339504
[2026-04-18 20:22:18] INFO: [Socket] Connected: 611ee236-76d0-4c7b-a2c8-ac3812339504
[2026-04-18 20:22:53] INFO: [Socket] Disconnected: 611ee236-76d0-4c7b-a2c8-ac3812339504
[2026-04-18 20:23:28] ERROR: Error: Invalid phone or password
    at err (C:\Users\moham\Desktop\Alfa Project\Aman app\backend\src\modules\mobile_modules\auth.service.js:9:46)
    at exports.login (C:\Users\moham\Desktop\Alfa Project\Aman app\backend\src\modules\mobile_modules\auth.service.js:46:67)
    at async exports.login (C:\Users\moham\Desktop\Alfa Project\Aman app\backend\src\controllers\mobile_controllers\auth.controller.js:7:18)
[2026-04-18 20:31:14] INFO: [Socket] Connected: 611ee236-76d0-4c7b-a2c8-ac3812339504
[2026-04-18 20:34:34] INFO: [Socket] Disconnected: 611ee236-76d0-4c7b-a2c8-ac3812339504
[2026-04-19 10:28:48] INFO: [DB] Sequelize connected to MySQL
[2026-04-19 10:28:48] INFO: [Migration] Already applied: drop ratings_ibfk_1
[2026-04-19 10:28:48] INFO: [Migration] Already applied: drop ratings_ibfk_2
[2026-04-19 10:28:48] INFO: [Migration] Already applied: drop pm_ibfk_1
[2026-04-19 10:28:48] INFO: [Migration] Already applied: drop pm_ibfk_2
[2026-04-19 10:28:48] INFO: [Migration] OK: ratings.rated_id nullable
[2026-04-19 10:28:50] INFO: [DB] All tables synced
[2026-04-19 10:28:50] INFO: Wisber backend running on port 3000
[2026-04-19 10:34:41] INFO: [Socket] Connected: 611ee236-76d0-4c7b-a2c8-ac3812339504
[2026-04-19 10:36:02] INFO: [DB] Sequelize connected to MySQL
[2026-04-19 10:36:02] INFO: [Migration] Already applied: drop ratings_ibfk_1
[2026-04-19 10:36:02] INFO: [Migration] Already applied: drop ratings_ibfk_2
[2026-04-19 10:36:02] INFO: [Migration] Already applied: drop pm_ibfk_1
[2026-04-19 10:36:02] INFO: [Migration] Already applied: drop pm_ibfk_2
[2026-04-19 10:36:02] INFO: [Migration] OK: ratings.rated_id nullable
[2026-04-19 10:36:04] INFO: [DB] All tables synced
[2026-04-19 10:36:04] INFO: Wisber backend running on port 3000
[2026-04-19 10:36:04] INFO: [Socket] Connected: 611ee236-76d0-4c7b-a2c8-ac3812339504
[2026-04-19 10:36:09] INFO: [DB] Sequelize connected to MySQL
[2026-04-19 10:36:09] INFO: [Migration] Already applied: drop ratings_ibfk_1
[2026-04-19 10:36:09] INFO: [Migration] Already applied: drop ratings_ibfk_2
[2026-04-19 10:36:09] INFO: [Migration] Already applied: drop pm_ibfk_1
[2026-04-19 10:36:09] INFO: [Migration] Already applied: drop pm_ibfk_2
[2026-04-19 10:36:09] INFO: [Migration] OK: ratings.rated_id nullable
[2026-04-19 10:36:11] INFO: [DB] All tables synced
[2026-04-19 10:36:11] INFO: Wisber backend running on port 3000
[2026-04-19 10:36:11] INFO: [Socket] Connected: 611ee236-76d0-4c7b-a2c8-ac3812339504
[2026-04-19 10:36:16] INFO: [DB] Sequelize connected to MySQL
[2026-04-19 10:36:16] INFO: [Migration] Already applied: drop ratings_ibfk_1
[2026-04-19 10:36:16] INFO: [Migration] Already applied: drop ratings_ibfk_2
[2026-04-19 10:36:16] INFO: [Migration] Already applied: drop pm_ibfk_1
[2026-04-19 10:36:16] INFO: [Migration] Already applied: drop pm_ibfk_2
[2026-04-19 10:36:16] INFO: [Migration] OK: ratings.rated_id nullable
[2026-04-19 10:36:18] INFO: [DB] All tables synced
[2026-04-19 10:36:18] INFO: Wisber backend running on port 3000
[2026-04-19 10:36:18] INFO: [Socket] Connected: 611ee236-76d0-4c7b-a2c8-ac3812339504
[2026-04-19 10:38:43] INFO: [Socket] Disconnected: 611ee236-76d0-4c7b-a2c8-ac3812339504
[2026-04-19 10:39:07] INFO: [Socket] Connected: 611ee236-76d0-4c7b-a2c8-ac3812339504
[2026-04-19 10:39:27] INFO: [Socket] Disconnected: 611ee236-76d0-4c7b-a2c8-ac3812339504
[2026-04-19 10:39:37] INFO: [Socket] Connected: 611ee236-76d0-4c7b-a2c8-ac3812339504
[2026-04-19 10:39:47] INFO: [Socket] Disconnected: 611ee236-76d0-4c7b-a2c8-ac3812339504
[2026-04-19 10:40:07] ERROR: Error: Invalid phone or password
    at err (C:\Users\moham\Desktop\Alfa Project\Aman app\backend\src\modules\mobile_modules\auth.service.js:9:46)
    at exports.login (C:\Users\moham\Desktop\Alfa Project\Aman app\backend\src\modules\mobile_modules\auth.service.js:45:57)
    at process.processTicksAndRejections (node:internal/process/task_queues:104:5)
    at async exports.login (C:\Users\moham\Desktop\Alfa Project\Aman app\backend\src\controllers\mobile_controllers\auth.controller.js:7:18)
[2026-04-19 10:40:19] INFO: [Socket] Connected: d19e10cb-05ef-4a0f-9e35-6fa41b6f6ec1
[2026-04-19 10:40:19] INFO: [Socket] Delivered 1 pending message(s) to d19e10cb-05ef-4a0f-9e35-6fa41b6f6ec1
[2026-04-19 10:41:09] INFO: [Socket] Disconnected: d19e10cb-05ef-4a0f-9e35-6fa41b6f6ec1
[2026-04-19 10:41:29] ERROR: Error: Invalid phone or password
    at err (C:\Users\moham\Desktop\Alfa Project\Aman app\backend\src\modules\mobile_modules\auth.service.js:9:46)
    at exports.login (C:\Users\moham\Desktop\Alfa Project\Aman app\backend\src\modules\mobile_modules\auth.service.js:45:57)
    at process.processTicksAndRejections (node:internal/process/task_queues:104:5)
    at async exports.login (C:\Users\moham\Desktop\Alfa Project\Aman app\backend\src\controllers\mobile_controllers\auth.controller.js:7:18)
[2026-04-19 10:42:37] ERROR: Error: Phone already registered
    at err (C:\Users\moham\Desktop\Alfa Project\Aman app\backend\src\modules\mobile_modules\auth.service.js:9:46)
    at exports.register (C:\Users\moham\Desktop\Alfa Project\Aman app\backend\src\modules\mobile_modules\auth.service.js:26:23)
    at process.processTicksAndRejections (node:internal/process/task_queues:104:5)
    at async exports.register (C:\Users\moham\Desktop\Alfa Project\Aman app\backend\src\controllers\mobile_controllers\auth.controller.js:4:30)
[2026-04-19 10:42:45] INFO: [Socket] Connected: ef824feb-7931-4237-b328-b985473fbf2a
[2026-04-19 10:49:11] INFO: [DB] Sequelize connected to MySQL
[2026-04-19 10:49:11] INFO: [Migration] Already applied: drop ratings_ibfk_1
[2026-04-19 10:49:11] INFO: [Migration] Already applied: drop ratings_ibfk_2
[2026-04-19 10:49:11] INFO: [Migration] Already applied: drop pm_ibfk_1
[2026-04-19 10:49:11] INFO: [Migration] Already applied: drop pm_ibfk_2
[2026-04-19 10:49:11] INFO: [Migration] OK: ratings.rated_id nullable
[2026-04-19 10:49:13] INFO: [DB] All tables synced
[2026-04-19 10:49:13] INFO: Wisber backend running on port 3000
[2026-04-19 10:49:13] INFO: [Socket] Connected: ef824feb-7931-4237-b328-b985473fbf2a
[2026-04-19 10:49:35] INFO: [DB] Sequelize connected to MySQL
[2026-04-19 10:49:35] INFO: [Migration] Already applied: drop ratings_ibfk_1
[2026-04-19 10:49:35] INFO: [Migration] Already applied: drop ratings_ibfk_2
[2026-04-19 10:49:35] INFO: [Migration] Already applied: drop pm_ibfk_1
[2026-04-19 10:49:35] INFO: [Migration] Already applied: drop pm_ibfk_2
[2026-04-19 10:49:35] INFO: [Migration] OK: ratings.rated_id nullable
[2026-04-19 10:49:37] INFO: [DB] All tables synced
[2026-04-19 10:49:37] INFO: Wisber backend running on port 3000
[2026-04-19 10:49:37] INFO: [Socket] Connected: ef824feb-7931-4237-b328-b985473fbf2a
[2026-04-19 10:49:39] INFO: [DB] Sequelize connected to MySQL
[2026-04-19 10:49:39] INFO: [Migration] Already applied: drop ratings_ibfk_1
[2026-04-19 10:49:39] INFO: [Migration] Already applied: drop ratings_ibfk_2
[2026-04-19 10:49:39] INFO: [Migration] Already applied: drop pm_ibfk_1
[2026-04-19 10:49:39] INFO: [Migration] Already applied: drop pm_ibfk_2
[2026-04-19 10:49:39] INFO: [Migration] OK: ratings.rated_id nullable
[2026-04-19 10:49:41] INFO: [DB] All tables synced
[2026-04-19 10:49:41] INFO: Wisber backend running on port 3000
[2026-04-19 10:49:41] INFO: [Socket] Connected: ef824feb-7931-4237-b328-b985473fbf2a
[2026-04-19 10:50:06] INFO: [DB] Sequelize connected to MySQL
[2026-04-19 10:50:06] INFO: [Migration] Already applied: drop ratings_ibfk_1
[2026-04-19 10:50:06] INFO: [Migration] Already applied: drop ratings_ibfk_2
[2026-04-19 10:50:06] INFO: [Migration] Already applied: drop pm_ibfk_1
[2026-04-19 10:50:06] INFO: [Migration] Already applied: drop pm_ibfk_2
[2026-04-19 10:50:06] INFO: [Migration] OK: ratings.rated_id nullable
[2026-04-19 10:50:09] INFO: [DB] All tables synced
[2026-04-19 10:50:09] INFO: Wisber backend running on port 3000
[2026-04-19 10:50:11] INFO: [Socket] Connected: ef824feb-7931-4237-b328-b985473fbf2a
[2026-04-19 10:50:16] INFO: [Socket] Disconnected: ef824feb-7931-4237-b328-b985473fbf2a
[2026-04-19 10:50:28] INFO: [DB] Sequelize connected to MySQL
[2026-04-19 10:50:28] INFO: [Migration] Already applied: drop ratings_ibfk_1
[2026-04-19 10:50:28] INFO: [Migration] Already applied: drop ratings_ibfk_2
[2026-04-19 10:50:28] INFO: [Migration] Already applied: drop pm_ibfk_1
[2026-04-19 10:50:28] INFO: [Migration] Already applied: drop pm_ibfk_2
[2026-04-19 10:50:28] INFO: [Migration] OK: ratings.rated_id nullable
[2026-04-19 10:50:30] INFO: [DB] All tables synced
[2026-04-19 10:50:30] INFO: Wisber backend running on port 3000
[2026-04-19 10:55:27] INFO: [Socket] Connected: ef824feb-7931-4237-b328-b985473fbf2a
[2026-04-19 10:55:28] INFO: [Socket] Disconnected: ef824feb-7931-4237-b328-b985473fbf2a
[2026-04-19 10:55:37] INFO: [Socket] Connected: ef824feb-7931-4237-b328-b985473fbf2a
[2026-04-19 10:56:02] INFO: [Socket] Connected: d19e10cb-05ef-4a0f-9e35-6fa41b6f6ec1
[2026-04-19 10:56:43] ERROR: Error: User not found
    at err (C:\Users\moham\Desktop\Alfa Project\Aman app\backend\src\modules\mobile_modules\users.service.js:4:39)
    at exports.getProfile (C:\Users\moham\Desktop\Alfa Project\Aman app\backend\src\modules\mobile_modules\users.service.js:28:20)
    at process.processTicksAndRejections (node:internal/process/task_queues:104:5)
    at async exports.getProfile (C:\Users\moham\Desktop\Alfa Project\Aman app\backend\src\controllers\mobile_controllers\users.controller.js:10:18)
[2026-04-19 10:57:47] INFO: [Socket] Disconnected: d19e10cb-05ef-4a0f-9e35-6fa41b6f6ec1
[2026-04-19 10:57:55] INFO: [Socket] Connected: d19e10cb-05ef-4a0f-9e35-6fa41b6f6ec1
[2026-04-19 10:58:08] ERROR: Error: User not found
    at err (C:\Users\moham\Desktop\Alfa Project\Aman app\backend\src\modules\mobile_modules\users.service.js:4:39)
    at exports.getProfile (C:\Users\moham\Desktop\Alfa Project\Aman app\backend\src\modules\mobile_modules\users.service.js:28:20)
    at process.processTicksAndRejections (node:internal/process/task_queues:104:5)
    at async exports.getProfile (C:\Users\moham\Desktop\Alfa Project\Aman app\backend\src\controllers\mobile_controllers\users.controller.js:10:18)
[2026-04-19 10:58:49] ERROR: Error: User not found
    at err (C:\Users\moham\Desktop\Alfa Project\Aman app\backend\src\modules\mobile_modules\users.service.js:4:39)
    at exports.getProfile (C:\Users\moham\Desktop\Alfa Project\Aman app\backend\src\modules\mobile_modules\users.service.js:28:20)
    at process.processTicksAndRejections (node:internal/process/task_queues:104:5)
    at async exports.getProfile (C:\Users\moham\Desktop\Alfa Project\Aman app\backend\src\controllers\mobile_controllers\users.controller.js:10:18)
[2026-04-19 10:58:58] ERROR: Error: User not found
    at err (C:\Users\moham\Desktop\Alfa Project\Aman app\backend\src\modules\mobile_modules\users.service.js:4:39)
    at exports.getProfile (C:\Users\moham\Desktop\Alfa Project\Aman app\backend\src\modules\mobile_modules\users.service.js:28:20)
    at process.processTicksAndRejections (node:internal/process/task_queues:104:5)
    at async exports.getProfile (C:\Users\moham\Desktop\Alfa Project\Aman app\backend\src\controllers\mobile_controllers\users.controller.js:10:18)
[2026-04-19 10:59:13] ERROR: Error: User not found
    at err (C:\Users\moham\Desktop\Alfa Project\Aman app\backend\src\modules\mobile_modules\users.service.js:4:39)
    at exports.getProfile (C:\Users\moham\Desktop\Alfa Project\Aman app\backend\src\modules\mobile_modules\users.service.js:28:20)
    at process.processTicksAndRejections (node:internal/process/task_queues:104:5)
    at async exports.getProfile (C:\Users\moham\Desktop\Alfa Project\Aman app\backend\src\controllers\mobile_controllers\users.controller.js:10:18)
[2026-04-19 11:01:23] INFO: [Socket] Disconnected: d19e10cb-05ef-4a0f-9e35-6fa41b6f6ec1
[2026-04-19 11:03:22] INFO: [DB] Sequelize connected to MySQL
[2026-04-19 11:03:22] INFO: [Migration] Already applied: drop ratings_ibfk_1
[2026-04-19 11:03:22] INFO: [Migration] Already applied: drop ratings_ibfk_2
[2026-04-19 11:03:22] INFO: [Migration] Already applied: drop pm_ibfk_1
[2026-04-19 11:03:22] INFO: [Migration] Already applied: drop pm_ibfk_2
[2026-04-19 11:03:22] INFO: [Migration] OK: ratings.rated_id nullable
[2026-04-19 11:03:24] INFO: [DB] All tables synced
[2026-04-19 11:03:24] INFO: Wisber backend running on port 3000
[2026-04-19 11:15:54] INFO: [DB] Sequelize connected to MySQL
[2026-04-19 11:15:54] INFO: [Migration] Already applied: drop ratings_ibfk_1
[2026-04-19 11:15:54] INFO: [Migration] Already applied: drop ratings_ibfk_2
[2026-04-19 11:15:54] INFO: [Migration] Already applied: drop pm_ibfk_1
[2026-04-19 11:15:54] INFO: [Migration] Already applied: drop pm_ibfk_2
[2026-04-19 11:15:54] INFO: [Migration] OK: ratings.rated_id nullable
[2026-04-19 11:15:56] INFO: [DB] All tables synced
[2026-04-19 11:15:56] INFO: Wisber backend running on port 3000
[2026-04-19 11:16:30] INFO: [Socket] Connected: ef824feb-7931-4237-b328-b985473fbf2a
[2026-04-19 11:18:16] INFO: [Socket] Connected: d19e10cb-05ef-4a0f-9e35-6fa41b6f6ec1
[2026-04-19 11:19:07] ERROR: Error: User not found
    at err (C:\Users\moham\Desktop\Alfa Project\Aman app\backend\src\modules\mobile_modules\users.service.js:4:39)
    at exports.getProfile (C:\Users\moham\Desktop\Alfa Project\Aman app\backend\src\modules\mobile_modules\users.service.js:28:20)
    at process.processTicksAndRejections (node:internal/process/task_queues:104:5)
    at async exports.getProfile (C:\Users\moham\Desktop\Alfa Project\Aman app\backend\src\controllers\mobile_controllers\users.controller.js:10:18)
[2026-04-19 11:19:30] ERROR: Error: User not found
    at err (C:\Users\moham\Desktop\Alfa Project\Aman app\backend\src\modules\mobile_modules\users.service.js:4:39)
    at exports.getProfile (C:\Users\moham\Desktop\Alfa Project\Aman app\backend\src\modules\mobile_modules\users.service.js:28:20)
    at process.processTicksAndRejections (node:internal/process/task_queues:104:5)
    at async exports.getProfile (C:\Users\moham\Desktop\Alfa Project\Aman app\backend\src\controllers\mobile_controllers\users.controller.js:10:18)
[2026-04-19 11:19:54] ERROR: Error: User not found
    at err (C:\Users\moham\Desktop\Alfa Project\Aman app\backend\src\modules\mobile_modules\users.service.js:4:39)
    at exports.getProfile (C:\Users\moham\Desktop\Alfa Project\Aman app\backend\src\modules\mobile_modules\users.service.js:28:20)
    at process.processTicksAndRejections (node:internal/process/task_queues:104:5)
    at async exports.getProfile (C:\Users\moham\Desktop\Alfa Project\Aman app\backend\src\controllers\mobile_controllers\users.controller.js:10:18)
[2026-04-19 11:20:07] ERROR: Error: User not found
    at err (C:\Users\moham\Desktop\Alfa Project\Aman app\backend\src\modules\mobile_modules\users.service.js:4:39)
    at exports.getProfile (C:\Users\moham\Desktop\Alfa Project\Aman app\backend\src\modules\mobile_modules\users.service.js:28:20)
    at process.processTicksAndRejections (node:internal/process/task_queues:104:5)
    at async exports.getProfile (C:\Users\moham\Desktop\Alfa Project\Aman app\backend\src\controllers\mobile_controllers\users.controller.js:10:18)
[2026-04-19 11:20:15] ERROR: Error: User not found
    at err (C:\Users\moham\Desktop\Alfa Project\Aman app\backend\src\modules\mobile_modules\users.service.js:4:39)
    at exports.getProfile (C:\Users\moham\Desktop\Alfa Project\Aman app\backend\src\modules\mobile_modules\users.service.js:28:20)
    at process.processTicksAndRejections (node:internal/process/task_queues:104:5)
    at async exports.getProfile (C:\Users\moham\Desktop\Alfa Project\Aman app\backend\src\controllers\mobile_controllers\users.controller.js:10:18)
[2026-04-19 11:20:52] ERROR: Error: User not found
    at err (C:\Users\moham\Desktop\Alfa Project\Aman app\backend\src\modules\mobile_modules\users.service.js:4:39)
    at exports.getProfile (C:\Users\moham\Desktop\Alfa Project\Aman app\backend\src\modules\mobile_modules\users.service.js:28:20)
    at process.processTicksAndRejections (node:internal/process/task_queues:104:5)
    at async exports.getProfile (C:\Users\moham\Desktop\Alfa Project\Aman app\backend\src\controllers\mobile_controllers\users.controller.js:10:18)
[2026-04-19 11:21:13] ERROR: Error: User not found
    at err (C:\Users\moham\Desktop\Alfa Project\Aman app\backend\src\modules\mobile_modules\users.service.js:4:39)
    at exports.getProfile (C:\Users\moham\Desktop\Alfa Project\Aman app\backend\src\modules\mobile_modules\users.service.js:28:20)
    at process.processTicksAndRejections (node:internal/process/task_queues:104:5)
    at async exports.getProfile (C:\Users\moham\Desktop\Alfa Project\Aman app\backend\src\controllers\mobile_controllers\users.controller.js:10:18)
[2026-04-19 11:25:02] ERROR: Error: User not found
    at err (C:\Users\moham\Desktop\Alfa Project\Aman app\backend\src\modules\mobile_modules\users.service.js:4:39)
    at exports.getProfile (C:\Users\moham\Desktop\Alfa Project\Aman app\backend\src\modules\mobile_modules\users.service.js:28:20)
    at process.processTicksAndRejections (node:internal/process/task_queues:104:5)
    at async exports.getProfile (C:\Users\moham\Desktop\Alfa Project\Aman app\backend\src\controllers\mobile_controllers\users.controller.js:10:18)
[2026-04-19 11:30:51] ERROR: Error: User not found
    at err (C:\Users\moham\Desktop\Alfa Project\Aman app\backend\src\modules\mobile_modules\users.service.js:4:39)
    at exports.getProfile (C:\Users\moham\Desktop\Alfa Project\Aman app\backend\src\modules\mobile_modules\users.service.js:28:20)
    at process.processTicksAndRejections (node:internal/process/task_queues:104:5)
    at async exports.getProfile (C:\Users\moham\Desktop\Alfa Project\Aman app\backend\src\controllers\mobile_controllers\users.controller.js:10:18)
[2026-04-19 11:33:47] INFO: [Socket] Disconnected: d19e10cb-05ef-4a0f-9e35-6fa41b6f6ec1
[2026-04-19 11:34:20] INFO: [Socket] Connected: d19e10cb-05ef-4a0f-9e35-6fa41b6f6ec1
[2026-04-19 11:34:25] ERROR: Error: User not found
    at err (C:\Users\moham\Desktop\Alfa Project\Aman app\backend\src\modules\mobile_modules\users.service.js:4:39)
    at exports.getProfile (C:\Users\moham\Desktop\Alfa Project\Aman app\backend\src\modules\mobile_modules\users.service.js:28:20)
    at process.processTicksAndRejections (node:internal/process/task_queues:104:5)
    at async exports.getProfile (C:\Users\moham\Desktop\Alfa Project\Aman app\backend\src\controllers\mobile_controllers\users.controller.js:10:18)
[2026-04-19 11:39:12] INFO: [Socket] Disconnected: d19e10cb-05ef-4a0f-9e35-6fa41b6f6ec1
[2026-04-19 11:39:20] INFO: [Socket] Connected: d19e10cb-05ef-4a0f-9e35-6fa41b6f6ec1
[2026-04-19 11:39:25] ERROR: Error: User not found
    at err (C:\Users\moham\Desktop\Alfa Project\Aman app\backend\src\modules\mobile_modules\users.service.js:4:39)
    at exports.getProfile (C:\Users\moham\Desktop\Alfa Project\Aman app\backend\src\modules\mobile_modules\users.service.js:28:20)
    at process.processTicksAndRejections (node:internal/process/task_queues:104:5)
    at async exports.getProfile (C:\Users\moham\Desktop\Alfa Project\Aman app\backend\src\controllers\mobile_controllers\users.controller.js:10:18)
[2026-04-19 11:39:36] ERROR: Error: User not found
    at err (C:\Users\moham\Desktop\Alfa Project\Aman app\backend\src\modules\mobile_modules\users.service.js:4:39)
    at exports.getProfile (C:\Users\moham\Desktop\Alfa Project\Aman app\backend\src\modules\mobile_modules\users.service.js:28:20)
    at process.processTicksAndRejections (node:internal/process/task_queues:104:5)
    at async exports.getProfile (C:\Users\moham\Desktop\Alfa Project\Aman app\backend\src\controllers\mobile_controllers\users.controller.js:10:18)
[2026-04-19 11:39:52] INFO: [Socket] Disconnected: d19e10cb-05ef-4a0f-9e35-6fa41b6f6ec1
[2026-04-19 13:41:52] INFO: [Socket] Disconnected: ef824feb-7931-4237-b328-b985473fbf2a
[2026-04-19 13:43:43] INFO: [Socket] Connected: d19e10cb-05ef-4a0f-9e35-6fa41b6f6ec1
[2026-04-19 13:43:45] ERROR: Error: User not found
    at err (C:\Users\moham\Desktop\Alfa Project\Aman app\backend\src\modules\mobile_modules\users.service.js:4:39)
    at exports.getProfile (C:\Users\moham\Desktop\Alfa Project\Aman app\backend\src\modules\mobile_modules\users.service.js:28:20)
    at process.processTicksAndRejections (node:internal/process/task_queues:104:5)
    at async exports.getProfile (C:\Users\moham\Desktop\Alfa Project\Aman app\backend\src\controllers\mobile_controllers\users.controller.js:10:18)
[2026-04-19 13:47:58] INFO: [Socket] Disconnected: d19e10cb-05ef-4a0f-9e35-6fa41b6f6ec1
[2026-04-19 14:13:06] INFO: [DB] Sequelize connected to MySQL
[2026-04-19 14:13:06] INFO: [Migration] Already applied: drop ratings_ibfk_1
[2026-04-19 14:13:06] INFO: [Migration] Already applied: drop ratings_ibfk_2
[2026-04-19 14:13:06] INFO: [Migration] Already applied: drop pm_ibfk_1
[2026-04-19 14:13:06] INFO: [Migration] Already applied: drop pm_ibfk_2
[2026-04-19 14:13:06] INFO: [Migration] OK: ratings.rated_id nullable
[2026-04-19 14:13:09] INFO: [DB] All tables synced
[2026-04-19 14:13:09] INFO: Wisber backend running on port 3000
[2026-04-19 14:14:04] INFO: [Socket] Connected: ef824feb-7931-4237-b328-b985473fbf2a
[2026-04-19 14:14:39] INFO: [Socket] Connected: d19e10cb-05ef-4a0f-9e35-6fa41b6f6ec1
[2026-04-19 14:14:44] ERROR: Error: User not found
    at err (C:\Users\moham\Desktop\Alfa Project\Aman app\backend\src\modules\mobile_modules\users.service.js:4:39)
    at exports.getProfile (C:\Users\moham\Desktop\Alfa Project\Aman app\backend\src\modules\mobile_modules\users.service.js:28:20)
    at process.processTicksAndRejections (node:internal/process/task_queues:104:5)
    at async exports.getProfile (C:\Users\moham\Desktop\Alfa Project\Aman app\backend\src\controllers\mobile_controllers\users.controller.js:10:18)
[2026-04-19 14:15:24] INFO: [Socket] Disconnected: ef824feb-7931-4237-b328-b985473fbf2a
[2026-04-19 14:15:30] INFO: [Socket] Connected: ef824feb-7931-4237-b328-b985473fbf2a
[2026-04-19 14:15:45] INFO: [Socket] Disconnected: ef824feb-7931-4237-b328-b985473fbf2a
[2026-04-19 14:15:52] INFO: [Socket] Connected: ef824feb-7931-4237-b328-b985473fbf2a
[2026-04-19 14:18:26] ERROR: Error: User not found
    at err (C:\Users\moham\Desktop\Alfa Project\Aman app\backend\src\modules\mobile_modules\users.service.js:4:39)
    at exports.getProfile (C:\Users\moham\Desktop\Alfa Project\Aman app\backend\src\modules\mobile_modules\users.service.js:28:20)
    at process.processTicksAndRejections (node:internal/process/task_queues:104:5)
    at async exports.getProfile (C:\Users\moham\Desktop\Alfa Project\Aman app\backend\src\controllers\mobile_controllers\users.controller.js:10:18)
[2026-04-19 14:18:38] INFO: [Socket] Disconnected: ef824feb-7931-4237-b328-b985473fbf2a
[2026-04-19 14:18:44] INFO: [Socket] Connected: ef824feb-7931-4237-b328-b985473fbf2a
[2026-04-19 14:19:15] INFO: [Socket] Disconnected: ef824feb-7931-4237-b328-b985473fbf2a
[2026-04-19 14:19:22] INFO: [Socket] Connected: ef824feb-7931-4237-b328-b985473fbf2a
[2026-04-19 14:19:36] INFO: [Socket] Disconnected: ef824feb-7931-4237-b328-b985473fbf2a
[2026-04-19 14:19:47] INFO: [Socket] Connected: ef824feb-7931-4237-b328-b985473fbf2a
[2026-04-19 14:20:02] INFO: [Socket] Disconnected: ef824feb-7931-4237-b328-b985473fbf2a
[2026-04-19 14:20:12] INFO: [Socket] Connected: ef824feb-7931-4237-b328-b985473fbf2a
[2026-04-19 14:20:21] INFO: [Socket] Disconnected: ef824feb-7931-4237-b328-b985473fbf2a
[2026-04-19 14:21:02] INFO: [Socket] Connected: ef824feb-7931-4237-b328-b985473fbf2a
[2026-04-19 14:21:28] ERROR: Error: User not found
    at err (C:\Users\moham\Desktop\Alfa Project\Aman app\backend\src\modules\mobile_modules\users.service.js:4:39)
    at exports.getProfile (C:\Users\moham\Desktop\Alfa Project\Aman app\backend\src\modules\mobile_modules\users.service.js:28:20)
    at process.processTicksAndRejections (node:internal/process/task_queues:104:5)
    at async exports.getProfile (C:\Users\moham\Desktop\Alfa Project\Aman app\backend\src\controllers\mobile_controllers\users.controller.js:10:18)
[2026-04-19 14:22:40] INFO: [Socket] Disconnected: ef824feb-7931-4237-b328-b985473fbf2a
[2026-04-19 14:23:13] INFO: [DB] Sequelize connected to MySQL
[2026-04-19 14:23:13] INFO: [Migration] Already applied: drop ratings_ibfk_1
[2026-04-19 14:23:13] INFO: [Migration] Already applied: drop ratings_ibfk_2
[2026-04-19 14:23:13] INFO: [Migration] Already applied: drop pm_ibfk_1
[2026-04-19 14:23:13] INFO: [Migration] Already applied: drop pm_ibfk_2
[2026-04-19 14:23:13] INFO: [Migration] OK: ratings.rated_id nullable
[2026-04-19 14:23:15] INFO: [DB] All tables synced
[2026-04-19 14:23:16] INFO: Wisber backend running on port 3000
[2026-04-19 14:23:17] INFO: [Socket] Connected: d19e10cb-05ef-4a0f-9e35-6fa41b6f6ec1
[2026-04-19 14:23:23] INFO: [Socket] Connected: ef824feb-7931-4237-b328-b985473fbf2a
[2026-04-19 14:24:43] INFO: [Socket] Disconnected: d19e10cb-05ef-4a0f-9e35-6fa41b6f6ec1
[2026-04-19 14:25:40] INFO: [Socket] Connected: d19e10cb-05ef-4a0f-9e35-6fa41b6f6ec1
[2026-04-19 14:25:44] ERROR: Error: User not found
    at err (C:\Users\moham\Desktop\Alfa Project\Aman app\backend\src\modules\mobile_modules\users.service.js:4:39)
    at exports.getProfile (C:\Users\moham\Desktop\Alfa Project\Aman app\backend\src\modules\mobile_modules\users.service.js:28:20)
    at process.processTicksAndRejections (node:internal/process/task_queues:104:5)
    at async exports.getProfile (C:\Users\moham\Desktop\Alfa Project\Aman app\backend\src\controllers\mobile_controllers\users.controller.js:10:18)
[2026-04-19 14:31:11] ERROR: Error: User not found
    at err (C:\Users\moham\Desktop\Alfa Project\Aman app\backend\src\modules\mobile_modules\users.service.js:4:39)
    at exports.getProfile (C:\Users\moham\Desktop\Alfa Project\Aman app\backend\src\modules\mobile_modules\users.service.js:28:20)
    at process.processTicksAndRejections (node:internal/process/task_queues:104:5)
    at async exports.getProfile (C:\Users\moham\Desktop\Alfa Project\Aman app\backend\src\controllers\mobile_controllers\users.controller.js:10:18)
[2026-04-19 14:33:19] INFO: [Socket] Disconnected: d19e10cb-05ef-4a0f-9e35-6fa41b6f6ec1
[2026-04-19 14:34:18] INFO: [Socket] Disconnected: ef824feb-7931-4237-b328-b985473fbf2a
[2026-04-19 14:34:27] INFO: [Socket] Connected: d19e10cb-05ef-4a0f-9e35-6fa41b6f6ec1
[2026-04-19 14:34:33] INFO: [Socket] Connected: ef824feb-7931-4237-b328-b985473fbf2a
[2026-04-19 14:38:19] INFO: [Socket] Disconnected: d19e10cb-05ef-4a0f-9e35-6fa41b6f6ec1
[2026-04-19 14:38:29] INFO: [Socket] Connected: d19e10cb-05ef-4a0f-9e35-6fa41b6f6ec1
[2026-04-19 14:40:46] INFO: [Socket] Disconnected: ef824feb-7931-4237-b328-b985473fbf2a
[2026-04-19 14:41:36] INFO: [Socket] Disconnected: d19e10cb-05ef-4a0f-9e35-6fa41b6f6ec1
[2026-04-19 14:41:50] INFO: [Socket] Connected: d19e10cb-05ef-4a0f-9e35-6fa41b6f6ec1
[2026-04-19 14:41:51] INFO: [Socket] Connected: ef824feb-7931-4237-b328-b985473fbf2a
[2026-04-19 14:42:46] INFO: [DB] Sequelize connected to MySQL
[2026-04-19 14:42:46] INFO: [Migration] Already applied: drop ratings_ibfk_1
[2026-04-19 14:42:46] INFO: [Migration] Already applied: drop ratings_ibfk_2
[2026-04-19 14:42:46] INFO: [Migration] Already applied: drop pm_ibfk_1
[2026-04-19 14:42:46] INFO: [Migration] Already applied: drop pm_ibfk_2
[2026-04-19 14:42:46] INFO: [Migration] OK: ratings.rated_id nullable
[2026-04-19 14:42:49] INFO: [DB] All tables synced
[2026-04-19 14:42:49] INFO: Wisber backend running on port 3000
[2026-04-19 14:42:49] INFO: [Socket] Connected: ef824feb-7931-4237-b328-b985473fbf2a
[2026-04-19 14:42:49] INFO: [Socket] Connected: d19e10cb-05ef-4a0f-9e35-6fa41b6f6ec1
[2026-04-19 14:42:53] INFO: [Socket] Disconnected: d19e10cb-05ef-4a0f-9e35-6fa41b6f6ec1
[2026-04-19 14:42:56] INFO: [Socket] Disconnected: ef824feb-7931-4237-b328-b985473fbf2a
[2026-04-19 14:43:09] INFO: [Socket] Connected: ef824feb-7931-4237-b328-b985473fbf2a
[2026-04-19 14:43:10] INFO: [Socket] Connected: d19e10cb-05ef-4a0f-9e35-6fa41b6f6ec1
[2026-04-19 14:44:13] INFO: [Socket] Disconnected: ef824feb-7931-4237-b328-b985473fbf2a
[2026-04-19 14:44:20] INFO: [Socket] Connected: ef824feb-7931-4237-b328-b985473fbf2a
[2026-04-19 14:44:40] INFO: [Socket] Disconnected: ef824feb-7931-4237-b328-b985473fbf2a
[2026-04-19 14:44:46] INFO: [Socket] Connected: ef824feb-7931-4237-b328-b985473fbf2a
[2026-04-19 14:46:03] INFO: [Socket] Disconnected: ef824feb-7931-4237-b328-b985473fbf2a
[2026-04-19 14:47:01] INFO: [Socket] Connected: ef824feb-7931-4237-b328-b985473fbf2a
[2026-04-19 14:47:10] INFO: [Socket] Disconnected: ef824feb-7931-4237-b328-b985473fbf2a
[2026-04-19 14:48:09] ERROR: Error: User not found
    at err (C:\Users\moham\Desktop\Alfa Project\Aman app\backend\src\modules\mobile_modules\users.service.js:4:39)
    at exports.getProfile (C:\Users\moham\Desktop\Alfa Project\Aman app\backend\src\modules\mobile_modules\users.service.js:28:20)
    at process.processTicksAndRejections (node:internal/process/task_queues:104:5)
    at async exports.getProfile (C:\Users\moham\Desktop\Alfa Project\Aman app\backend\src\controllers\mobile_controllers\users.controller.js:10:18)
[2026-04-19 14:54:16] INFO: [Socket] Connected: ef824feb-7931-4237-b328-b985473fbf2a
[2026-04-19 14:54:16] INFO: [Socket] Delivered 1 pending message(s) to ef824feb-7931-4237-b328-b985473fbf2a
[2026-04-19 14:54:36] INFO: [Socket] Disconnected: d19e10cb-05ef-4a0f-9e35-6fa41b6f6ec1
[2026-04-19 14:55:04] INFO: [Socket] Connected: d19e10cb-05ef-4a0f-9e35-6fa41b6f6ec1
[2026-04-19 14:55:04] INFO: [Socket] Delivered 1 pending message(s) to d19e10cb-05ef-4a0f-9e35-6fa41b6f6ec1
[2026-04-19 15:04:39] INFO: [Socket] Disconnected: ef824feb-7931-4237-b328-b985473fbf2a
[2026-04-19 16:24:36] INFO: [Socket] Disconnected: d19e10cb-05ef-4a0f-9e35-6fa41b6f6ec1
[2026-04-19 16:28:40] INFO: [DB] Sequelize connected to MySQL
[2026-04-19 16:28:40] INFO: [Migration] Already applied: drop ratings_ibfk_1
[2026-04-19 16:28:40] INFO: [Migration] Already applied: drop ratings_ibfk_2
[2026-04-19 16:28:40] INFO: [Migration] Already applied: drop pm_ibfk_1
[2026-04-19 16:28:40] INFO: [Migration] Already applied: drop pm_ibfk_2
[2026-04-19 16:28:40] INFO: [Migration] OK: ratings.rated_id nullable
[2026-04-19 16:28:43] INFO: [DB] All tables synced
[2026-04-19 16:28:43] INFO: Wisber backend running on port 3000
[2026-04-19 16:28:46] INFO: [DB] Sequelize connected to MySQL
[2026-04-19 16:28:46] INFO: [Migration] Already applied: drop ratings_ibfk_1
[2026-04-19 16:28:46] INFO: [Migration] Already applied: drop ratings_ibfk_2
[2026-04-19 16:28:46] INFO: [Migration] Already applied: drop pm_ibfk_1
[2026-04-19 16:28:46] INFO: [Migration] Already applied: drop pm_ibfk_2
[2026-04-19 16:28:46] INFO: [Migration] OK: ratings.rated_id nullable
[2026-04-19 16:28:49] INFO: [DB] All tables synced
[2026-04-19 16:28:49] INFO: Wisber backend running on port 3000
[2026-04-19 16:33:45] INFO: [DB] Sequelize connected to MySQL
[2026-04-19 16:33:45] INFO: [Migration] Already applied: drop ratings_ibfk_1
[2026-04-19 16:33:45] INFO: [Migration] Already applied: drop ratings_ibfk_2
[2026-04-19 16:33:45] INFO: [Migration] Already applied: drop pm_ibfk_1
[2026-04-19 16:33:45] INFO: [Migration] Already applied: drop pm_ibfk_2
[2026-04-19 16:33:45] INFO: [Migration] OK: ratings.rated_id nullable
[2026-04-19 16:33:47] INFO: [DB] All tables synced
[2026-04-19 16:33:47] INFO: Wisber backend running on port 3000
[2026-04-19 16:34:53] INFO: [Socket] Connected: ef824feb-7931-4237-b328-b985473fbf2a
[2026-04-19 16:35:37] INFO: [Socket] Connected: d19e10cb-05ef-4a0f-9e35-6fa41b6f6ec1
[2026-04-19 16:35:37] INFO: [Socket] Delivered 2 pending message(s) to d19e10cb-05ef-4a0f-9e35-6fa41b6f6ec1
[2026-04-19 16:36:06] INFO: [Socket] Disconnected: ef824feb-7931-4237-b328-b985473fbf2a
[2026-04-19 16:36:12] INFO: [Socket] Connected: ef824feb-7931-4237-b328-b985473fbf2a
[2026-04-19 16:38:58] INFO: [Socket] Disconnected: d19e10cb-05ef-4a0f-9e35-6fa41b6f6ec1
[2026-04-19 16:39:08] INFO: [Socket] Connected: d19e10cb-05ef-4a0f-9e35-6fa41b6f6ec1
[2026-04-19 16:40:16] INFO: [Socket] Disconnected: d19e10cb-05ef-4a0f-9e35-6fa41b6f6ec1
[2026-04-19 16:40:20] INFO: [Socket] Disconnected: ef824feb-7931-4237-b328-b985473fbf2a
[2026-04-19 16:40:33] INFO: [Socket] Connected: d19e10cb-05ef-4a0f-9e35-6fa41b6f6ec1
[2026-04-19 16:40:43] INFO: [Socket] Connected: ef824feb-7931-4237-b328-b985473fbf2a
[2026-04-19 16:41:41] INFO: [DB] Sequelize connected to MySQL
[2026-04-19 16:41:41] INFO: [Migration] Already applied: drop ratings_ibfk_1
[2026-04-19 16:41:41] INFO: [Migration] Already applied: drop ratings_ibfk_2
[2026-04-19 16:41:41] INFO: [Migration] Already applied: drop pm_ibfk_1
[2026-04-19 16:41:41] INFO: [Migration] Already applied: drop pm_ibfk_2
[2026-04-19 16:41:41] INFO: [Migration] OK: ratings.rated_id nullable
[2026-04-19 16:41:44] INFO: [DB] All tables synced
[2026-04-19 16:41:44] INFO: Wisber backend running on port 3000
[2026-04-19 16:41:45] INFO: [Socket] Connected: ef824feb-7931-4237-b328-b985473fbf2a
[2026-04-19 16:41:46] INFO: [Socket] Connected: d19e10cb-05ef-4a0f-9e35-6fa41b6f6ec1
[2026-04-19 16:42:00] INFO: [Socket] Disconnected: d19e10cb-05ef-4a0f-9e35-6fa41b6f6ec1
[2026-04-19 16:42:04] INFO: [Socket] Disconnected: ef824feb-7931-4237-b328-b985473fbf2a
[2026-04-19 16:42:11] INFO: [Socket] Connected: ef824feb-7931-4237-b328-b985473fbf2a
[2026-04-19 16:42:11] INFO: [Socket] Connected: d19e10cb-05ef-4a0f-9e35-6fa41b6f6ec1
[2026-04-19 16:44:22] INFO: [Socket] Disconnected: d19e10cb-05ef-4a0f-9e35-6fa41b6f6ec1
[2026-04-19 16:44:30] INFO: [Socket] Connected: d19e10cb-05ef-4a0f-9e35-6fa41b6f6ec1
[2026-04-19 16:45:25] INFO: [Socket] Disconnected: ef824feb-7931-4237-b328-b985473fbf2a
[2026-04-19 16:46:09] INFO: [Socket] Connected: ef824feb-7931-4237-b328-b985473fbf2a
[2026-04-19 16:46:09] INFO: [Socket] Delivered 1 pending message(s) to ef824feb-7931-4237-b328-b985473fbf2a
[2026-04-19 16:46:54] INFO: [Socket] Disconnected: ef824feb-7931-4237-b328-b985473fbf2a
[2026-04-19 16:48:15] INFO: [Socket] Connected: ef824feb-7931-4237-b328-b985473fbf2a
[2026-04-19 16:48:15] INFO: [Socket] Delivered 1 pending message(s) to ef824feb-7931-4237-b328-b985473fbf2a
[2026-04-19 17:02:29] INFO: [Socket] Disconnected: d19e10cb-05ef-4a0f-9e35-6fa41b6f6ec1
[2026-04-19 17:02:38] INFO: [Socket] Connected: d19e10cb-05ef-4a0f-9e35-6fa41b6f6ec1
[2026-04-19 18:53:31] INFO: [DB] Sequelize connected to MySQL
[2026-04-19 18:53:31] INFO: [Migration] Already applied: drop ratings_ibfk_1
[2026-04-19 18:53:31] INFO: [Migration] Already applied: drop ratings_ibfk_2
[2026-04-19 18:53:31] INFO: [Migration] Already applied: drop pm_ibfk_1
[2026-04-19 18:53:31] INFO: [Migration] Already applied: drop pm_ibfk_2
[2026-04-19 18:53:31] INFO: [Migration] OK: ratings.rated_id nullable
[2026-04-19 18:53:33] INFO: [DB] All tables synced
[2026-04-19 18:53:33] INFO: Wisber backend running on port 3000
[2026-04-19 18:59:08] INFO: [Socket] Connected: 7264f33b-9bbb-4800-8913-b8efee83065e
[2026-04-19 19:00:41] INFO: [Socket] Connected: d19e10cb-05ef-4a0f-9e35-6fa41b6f6ec1
[2026-04-19 19:00:41] INFO: [Socket] Delivered 3 pending message(s) to d19e10cb-05ef-4a0f-9e35-6fa41b6f6ec1
[2026-04-19 19:01:34] INFO: [Socket] Disconnected: d19e10cb-05ef-4a0f-9e35-6fa41b6f6ec1
[2026-04-19 19:03:29] INFO: [DB] Sequelize connected to MySQL
[2026-04-19 19:03:29] INFO: [Migration] Already applied: drop ratings_ibfk_1
[2026-04-19 19:03:29] INFO: [Migration] Already applied: drop ratings_ibfk_2
[2026-04-19 19:03:29] INFO: [Migration] Already applied: drop pm_ibfk_1
[2026-04-19 19:03:29] INFO: [Migration] Already applied: drop pm_ibfk_2
[2026-04-19 19:03:29] INFO: [Migration] OK: ratings.rated_id nullable
[2026-04-19 19:03:31] INFO: [DB] All tables synced
[2026-04-19 19:03:31] INFO: Wisber backend running on port 3000
[2026-04-19 19:03:33] INFO: [Socket] Connected: 7264f33b-9bbb-4800-8913-b8efee83065e
[2026-04-19 19:03:42] INFO: [DB] Sequelize connected to MySQL
[2026-04-19 19:03:42] INFO: [Migration] Already applied: drop ratings_ibfk_1
[2026-04-19 19:03:42] INFO: [Migration] Already applied: drop ratings_ibfk_2
[2026-04-19 19:03:42] INFO: [Migration] Already applied: drop pm_ibfk_1
[2026-04-19 19:03:42] INFO: [Migration] Already applied: drop pm_ibfk_2
[2026-04-19 19:03:42] INFO: [Migration] OK: ratings.rated_id nullable
[2026-04-19 19:03:45] INFO: [DB] All tables synced
[2026-04-19 19:03:45] INFO: Wisber backend running on port 3000
[2026-04-19 19:03:46] INFO: [Socket] Connected: 7264f33b-9bbb-4800-8913-b8efee83065e
[2026-04-19 19:04:00] INFO: [DB] Sequelize connected to MySQL
[2026-04-19 19:04:00] INFO: [Migration] Already applied: drop ratings_ibfk_1
[2026-04-19 19:04:00] INFO: [Migration] Already applied: drop ratings_ibfk_2
[2026-04-19 19:04:00] INFO: [Migration] Already applied: drop pm_ibfk_1
[2026-04-19 19:04:00] INFO: [Migration] Already applied: drop pm_ibfk_2
[2026-04-19 19:04:00] INFO: [Migration] OK: ratings.rated_id nullable
[2026-04-19 19:04:02] INFO: [DB] All tables synced
[2026-04-19 19:04:02] INFO: Wisber backend running on port 3000
[2026-04-19 19:04:07] INFO: [Socket] Connected: 7264f33b-9bbb-4800-8913-b8efee83065e
[2026-04-19 19:05:55] INFO: [Socket] Connected: d19e10cb-05ef-4a0f-9e35-6fa41b6f6ec1
[2026-04-19 19:06:36] INFO: [Socket] Disconnected: d19e10cb-05ef-4a0f-9e35-6fa41b6f6ec1
[2026-04-19 19:07:34] ERROR: Error: Invalid verification code.
    at err (C:\Users\moham\Desktop\Alfa Project\Aman app\backend\src\modules\mobile_modules\auth.service.js:13:46)
    at exports.verifyOtpAndRegister (C:\Users\moham\Desktop\Alfa Project\Aman app\backend\src\modules\mobile_modules\auth.service.js:58:42)
    at exports.verifyOtpAndRegister (C:\Users\moham\Desktop\Alfa Project\Aman app\backend\src\controllers\mobile_controllers\auth.controller.js:10:40)
    at Layer.handleRequest (C:\Users\moham\Desktop\Alfa Project\Aman app\backend\node_modules\router\lib\layer.js:152:17)
    at next (C:\Users\moham\Desktop\Alfa Project\Aman app\backend\node_modules\router\lib\route.js:157:13)
    at C:\Users\moham\Desktop\Alfa Project\Aman app\backend\src\middleware\validate.js:8:3
    at Layer.handleRequest (C:\Users\moham\Desktop\Alfa Project\Aman app\backend\node_modules\router\lib\layer.js:152:17)
    at next (C:\Users\moham\Desktop\Alfa Project\Aman app\backend\node_modules\router\lib\route.js:157:13)
    at C:\Users\moham\Desktop\Alfa Project\Aman app\backend\node_modules\express-rate-limit\dist\index.cjs:958:7
    at process.processTicksAndRejections (node:internal/process/task_queues:104:5)
[2026-04-19 19:12:41] INFO: [Socket] Disconnected: 7264f33b-9bbb-4800-8913-b8efee83065e
[2026-04-19 19:26:57] INFO: [Socket] Connected: d19e10cb-05ef-4a0f-9e35-6fa41b6f6ec1
[2026-04-19 19:29:11] INFO: [Socket] Connected: 7264f33b-9bbb-4800-8913-b8efee83065e
[2026-04-19 19:29:11] INFO: [Socket] Delivered 3 pending message(s) to 7264f33b-9bbb-4800-8913-b8efee83065e
[2026-04-19 19:30:30] ERROR: Error: User not found
    at err (C:\Users\moham\Desktop\Alfa Project\Aman app\backend\src\modules\mobile_modules\users.service.js:4:39)
    at exports.getProfile (C:\Users\moham\Desktop\Alfa Project\Aman app\backend\src\modules\mobile_modules\users.service.js:28:20)
    at process.processTicksAndRejections (node:internal/process/task_queues:104:5)
    at async exports.getProfile (C:\Users\moham\Desktop\Alfa Project\Aman app\backend\src\controllers\mobile_controllers\users.controller.js:10:18)
[2026-04-19 19:31:21] INFO: [Socket] Disconnected: d19e10cb-05ef-4a0f-9e35-6fa41b6f6ec1
[2026-04-19 19:32:01] INFO: [Socket] Connected: d19e10cb-05ef-4a0f-9e35-6fa41b6f6ec1
[2026-04-20 13:05:02] INFO: [DB] Sequelize connected to MySQL
[2026-04-20 13:05:02] INFO: [Migration] Already applied: drop ratings_ibfk_1
[2026-04-20 13:05:02] INFO: [Migration] Already applied: drop ratings_ibfk_2
[2026-04-20 13:05:02] INFO: [Migration] Already applied: drop pm_ibfk_1
[2026-04-20 13:05:02] INFO: [Migration] Already applied: drop pm_ibfk_2
[2026-04-20 13:05:02] INFO: [Migration] OK: ratings.rated_id nullable
[2026-04-20 13:05:04] INFO: [DB] All tables synced
[2026-04-20 13:05:04] INFO: Wisber backend running on port 3000
[2026-04-20 13:06:21] INFO: [Socket] Connected: d19e10cb-05ef-4a0f-9e35-6fa41b6f6ec1
[2026-04-20 13:10:43] INFO: [Socket] Disconnected: d19e10cb-05ef-4a0f-9e35-6fa41b6f6ec1
[2026-04-20 13:10:52] INFO: [Socket] Connected: d19e10cb-05ef-4a0f-9e35-6fa41b6f6ec1
[2026-04-20 13:12:17] INFO: [Socket] Disconnected: d19e10cb-05ef-4a0f-9e35-6fa41b6f6ec1
[2026-04-20 13:12:29] INFO: [Socket] Connected: d19e10cb-05ef-4a0f-9e35-6fa41b6f6ec1
[2026-04-20 13:15:47] INFO: [Socket] Disconnected: d19e10cb-05ef-4a0f-9e35-6fa41b6f6ec1
[2026-04-20 13:15:56] INFO: [Socket] Connected: d19e10cb-05ef-4a0f-9e35-6fa41b6f6ec1
[2026-04-20 13:16:26] INFO: [Socket] Disconnected: d19e10cb-05ef-4a0f-9e35-6fa41b6f6ec1
[2026-04-20 13:17:01] INFO: [Socket] Connected: d19e10cb-05ef-4a0f-9e35-6fa41b6f6ec1
[2026-04-20 13:23:46] INFO: [Socket] Disconnected: d19e10cb-05ef-4a0f-9e35-6fa41b6f6ec1
[2026-04-20 13:23:51] INFO: [Socket] Connected: d19e10cb-05ef-4a0f-9e35-6fa41b6f6ec1
[2026-04-20 13:30:14] ERROR: Error: User not found
    at err (C:\Users\moham\Desktop\Alfa Project\Aman app\backend\src\modules\mobile_modules\users.service.js:4:39)
    at exports.getProfile (C:\Users\moham\Desktop\Alfa Project\Aman app\backend\src\modules\mobile_modules\users.service.js:28:20)
    at process.processTicksAndRejections (node:internal/process/task_queues:104:5)
    at async exports.getProfile (C:\Users\moham\Desktop\Alfa Project\Aman app\backend\src\controllers\mobile_controllers\users.controller.js:10:18)
[2026-04-20 13:30:59] INFO: [Socket] Disconnected: d19e10cb-05ef-4a0f-9e35-6fa41b6f6ec1
[2026-04-20 13:31:04] INFO: [Socket] Connected: d19e10cb-05ef-4a0f-9e35-6fa41b6f6ec1
[2026-04-20 13:32:13] INFO: [DB] Sequelize connected to MySQL
[2026-04-20 13:32:13] INFO: [Migration] Already applied: drop ratings_ibfk_1
[2026-04-20 13:32:13] INFO: [Migration] Already applied: drop ratings_ibfk_2
[2026-04-20 13:32:13] INFO: [Migration] Already applied: drop pm_ibfk_1
[2026-04-20 13:32:13] INFO: [Migration] Already applied: drop pm_ibfk_2
[2026-04-20 13:32:13] INFO: [Migration] OK: ratings.rated_id nullable
[2026-04-20 13:32:15] INFO: [DB] All tables synced
[2026-04-20 13:32:15] INFO: Wisber backend running on port 3000
[2026-04-20 13:32:16] INFO: [Socket] Connected: d19e10cb-05ef-4a0f-9e35-6fa41b6f6ec1
[2026-04-20 13:35:47] INFO: [DB] Sequelize connected to MySQL
[2026-04-20 13:35:47] INFO: [Migration] Already applied: drop ratings_ibfk_1
[2026-04-20 13:35:47] INFO: [Migration] Already applied: drop ratings_ibfk_2
[2026-04-20 13:35:47] INFO: [Migration] Already applied: drop pm_ibfk_1
[2026-04-20 13:35:47] INFO: [Migration] Already applied: drop pm_ibfk_2
[2026-04-20 13:35:48] INFO: [Migration] OK: ratings.rated_id nullable
[2026-04-20 13:35:50] INFO: [DB] All tables synced
[2026-04-20 13:35:50] INFO: Wisber backend running on port 3000
[2026-04-20 13:35:52] INFO: [Socket] Connected: d19e10cb-05ef-4a0f-9e35-6fa41b6f6ec1
[2026-04-20 13:36:10] INFO: [DB] Sequelize connected to MySQL
[2026-04-20 13:36:10] INFO: [Migration] Already applied: drop ratings_ibfk_1
[2026-04-20 13:36:10] INFO: [Migration] Already applied: drop ratings_ibfk_2
[2026-04-20 13:36:10] INFO: [Migration] Already applied: drop pm_ibfk_1
[2026-04-20 13:36:10] INFO: [Migration] Already applied: drop pm_ibfk_2
[2026-04-20 13:36:10] INFO: [Migration] OK: ratings.rated_id nullable
[2026-04-20 13:36:12] INFO: [DB] All tables synced
[2026-04-20 13:36:12] INFO: Wisber backend running on port 3000
[2026-04-20 13:36:14] INFO: [Socket] Connected: d19e10cb-05ef-4a0f-9e35-6fa41b6f6ec1
[2026-04-20 13:36:18] INFO: [DB] Sequelize connected to MySQL
[2026-04-20 13:36:18] INFO: [Migration] Already applied: drop ratings_ibfk_1
[2026-04-20 13:36:18] INFO: [Migration] Already applied: drop ratings_ibfk_2
[2026-04-20 13:36:18] INFO: [Migration] Already applied: drop pm_ibfk_1
[2026-04-20 13:36:18] INFO: [Migration] Already applied: drop pm_ibfk_2
[2026-04-20 13:36:18] INFO: [Migration] OK: ratings.rated_id nullable
[2026-04-20 13:36:21] INFO: [DB] All tables synced
[2026-04-20 13:36:21] INFO: Wisber backend running on port 3000
[2026-04-20 13:36:22] INFO: [Socket] Connected: d19e10cb-05ef-4a0f-9e35-6fa41b6f6ec1
[2026-04-20 13:36:29] INFO: [DB] Sequelize connected to MySQL
[2026-04-20 13:36:29] INFO: [Migration] Already applied: drop ratings_ibfk_1
[2026-04-20 13:36:29] INFO: [Migration] Already applied: drop ratings_ibfk_2
[2026-04-20 13:36:29] INFO: [Migration] Already applied: drop pm_ibfk_1
[2026-04-20 13:36:29] INFO: [Migration] Already applied: drop pm_ibfk_2
[2026-04-20 13:36:29] INFO: [Migration] OK: ratings.rated_id nullable
[2026-04-20 13:36:32] INFO: [DB] All tables synced
[2026-04-20 13:36:32] INFO: Wisber backend running on port 3000
[2026-04-20 13:36:33] INFO: [Socket] Connected: d19e10cb-05ef-4a0f-9e35-6fa41b6f6ec1
[2026-04-20 13:36:50] INFO: [DB] Sequelize connected to MySQL
[2026-04-20 13:36:50] INFO: [Migration] Already applied: drop ratings_ibfk_1
[2026-04-20 13:36:50] INFO: [Migration] Already applied: drop ratings_ibfk_2
[2026-04-20 13:36:50] INFO: [Migration] Already applied: drop pm_ibfk_1
[2026-04-20 13:36:50] INFO: [Migration] Already applied: drop pm_ibfk_2
[2026-04-20 13:36:50] INFO: [Migration] OK: ratings.rated_id nullable
[2026-04-20 13:36:53] INFO: [DB] All tables synced
[2026-04-20 13:36:53] INFO: Wisber backend running on port 3000
[2026-04-20 13:36:54] INFO: [Socket] Connected: d19e10cb-05ef-4a0f-9e35-6fa41b6f6ec1
[2026-04-20 13:36:58] INFO: [DB] Sequelize connected to MySQL
[2026-04-20 13:36:58] INFO: [Migration] Already applied: drop ratings_ibfk_1
[2026-04-20 13:36:58] INFO: [Migration] Already applied: drop ratings_ibfk_2
[2026-04-20 13:36:58] INFO: [Migration] Already applied: drop pm_ibfk_1
[2026-04-20 13:36:58] INFO: [Migration] Already applied: drop pm_ibfk_2
[2026-04-20 13:36:58] INFO: [Migration] OK: ratings.rated_id nullable
[2026-04-20 13:37:01] INFO: [DB] All tables synced
[2026-04-20 13:37:01] INFO: Wisber backend running on port 3000
[2026-04-20 13:37:02] INFO: [Socket] Connected: d19e10cb-05ef-4a0f-9e35-6fa41b6f6ec1
[2026-04-20 13:37:12] INFO: [DB] Sequelize connected to MySQL
[2026-04-20 13:37:12] INFO: [Migration] Already applied: drop ratings_ibfk_1
[2026-04-20 13:37:12] INFO: [Migration] Already applied: drop ratings_ibfk_2
[2026-04-20 13:37:12] INFO: [Migration] Already applied: drop pm_ibfk_1
[2026-04-20 13:37:12] INFO: [Migration] Already applied: drop pm_ibfk_2
[2026-04-20 13:37:12] INFO: [Migration] OK: ratings.rated_id nullable
[2026-04-20 13:37:12] ERROR: [Startup] Failed: Too many keys specified; max 64 keys allowed
[2026-04-20 13:37:17] INFO: [DB] Sequelize connected to MySQL
[2026-04-20 13:37:17] INFO: [Migration] Already applied: drop ratings_ibfk_1
[2026-04-20 13:37:17] INFO: [Migration] Already applied: drop ratings_ibfk_2
[2026-04-20 13:37:17] INFO: [Migration] Already applied: drop pm_ibfk_1
[2026-04-20 13:37:17] INFO: [Migration] Already applied: drop pm_ibfk_2
[2026-04-20 13:37:17] INFO: [Migration] OK: ratings.rated_id nullable
[2026-04-20 13:37:17] ERROR: [Startup] Failed: Too many keys specified; max 64 keys allowed
[2026-04-20 13:37:50] INFO: [DB] Sequelize connected to MySQL
[2026-04-20 13:37:50] INFO: [Migration] Already applied: drop ratings_ibfk_1
[2026-04-20 13:37:50] INFO: [Migration] Already applied: drop ratings_ibfk_2
[2026-04-20 13:37:50] INFO: [Migration] Already applied: drop pm_ibfk_1
[2026-04-20 13:37:50] INFO: [Migration] Already applied: drop pm_ibfk_2
[2026-04-20 13:37:50] INFO: [Migration] OK: ratings.rated_id nullable
[2026-04-20 13:37:50] ERROR: [Startup] Failed: Too many keys specified; max 64 keys allowed
[2026-04-20 13:37:54] INFO: [DB] Sequelize connected to MySQL
[2026-04-20 13:37:54] INFO: [Migration] Already applied: drop ratings_ibfk_1
[2026-04-20 13:37:54] INFO: [Migration] Already applied: drop ratings_ibfk_2
[2026-04-20 13:37:54] INFO: [Migration] Already applied: drop pm_ibfk_1
[2026-04-20 13:37:54] INFO: [Migration] Already applied: drop pm_ibfk_2
[2026-04-20 13:37:54] INFO: [Migration] OK: ratings.rated_id nullable
[2026-04-20 13:37:54] ERROR: [Startup] Failed: Too many keys specified; max 64 keys allowed
[2026-04-20 13:44:07] INFO: [DB] Sequelize connected to MySQL
[2026-04-20 13:44:07] INFO: [Migration] Already applied: drop ratings_ibfk_1
[2026-04-20 13:44:07] INFO: [Migration] Already applied: drop ratings_ibfk_2
[2026-04-20 13:44:07] INFO: [Migration] Already applied: drop pm_ibfk_1
[2026-04-20 13:44:07] INFO: [Migration] Already applied: drop pm_ibfk_2
[2026-04-20 13:44:07] INFO: [Migration] OK: ratings.rated_id nullable
[2026-04-20 13:44:07] ERROR: [Startup] Failed: Too many keys specified; max 64 keys allowed
[2026-04-20 13:44:57] INFO: [DB] Sequelize connected to MySQL
[2026-04-20 13:44:57] INFO: [Migration] Already applied: drop ratings_ibfk_1
[2026-04-20 13:44:57] INFO: [Migration] Already applied: drop ratings_ibfk_2
[2026-04-20 13:44:57] INFO: [Migration] Already applied: drop pm_ibfk_1
[2026-04-20 13:44:57] INFO: [Migration] Already applied: drop pm_ibfk_2
[2026-04-20 13:44:57] INFO: [Migration] OK: ratings.rated_id nullable
[2026-04-20 13:44:57] INFO: [DB] All tables synced
[2026-04-20 13:44:57] INFO: Wisber backend running on port 3000
[2026-04-20 13:44:58] INFO: [Socket] Connected: d19e10cb-05ef-4a0f-9e35-6fa41b6f6ec1
[2026-04-20 13:45:16] INFO: [DB] Sequelize connected to MySQL
[2026-04-20 13:45:16] INFO: [Migration] Already applied: drop ratings_ibfk_1
[2026-04-20 13:45:16] INFO: [Migration] Already applied: drop ratings_ibfk_2
[2026-04-20 13:45:16] INFO: [Migration] Already applied: drop pm_ibfk_1
[2026-04-20 13:45:16] INFO: [Migration] Already applied: drop pm_ibfk_2
[2026-04-20 13:45:16] INFO: [Migration] OK: ratings.rated_id nullable
[2026-04-20 13:45:16] INFO: [DB] All tables synced
[2026-04-20 13:45:16] INFO: Wisber backend running on port 3000
[2026-04-20 13:45:18] INFO: [Socket] Connected: d19e10cb-05ef-4a0f-9e35-6fa41b6f6ec1
[2026-04-20 13:45:20] INFO: [Socket] Disconnected: d19e10cb-05ef-4a0f-9e35-6fa41b6f6ec1
[2026-04-20 13:45:25] INFO: [Socket] Connected: d19e10cb-05ef-4a0f-9e35-6fa41b6f6ec1
[2026-04-20 13:46:03] INFO: [Socket] Disconnected: d19e10cb-05ef-4a0f-9e35-6fa41b6f6ec1
[2026-04-20 13:46:10] INFO: [Socket] Connected: d19e10cb-05ef-4a0f-9e35-6fa41b6f6ec1
[2026-04-20 13:47:05] INFO: [Socket] Disconnected: d19e10cb-05ef-4a0f-9e35-6fa41b6f6ec1
[2026-04-20 13:47:09] INFO: [Socket] Connected: d19e10cb-05ef-4a0f-9e35-6fa41b6f6ec1
[2026-04-20 13:49:42] INFO: [Socket] Connected: 7264f33b-9bbb-4800-8913-b8efee83065e
[2026-04-20 13:49:42] INFO: [Socket] Delivered 2 pending message(s) to 7264f33b-9bbb-4800-8913-b8efee83065e
[2026-04-20 14:08:14] INFO: [Socket] Disconnected: d19e10cb-05ef-4a0f-9e35-6fa41b6f6ec1
[2026-04-20 14:08:19] INFO: [Socket] Connected: d19e10cb-05ef-4a0f-9e35-6fa41b6f6ec1
[2026-04-20 14:08:35] INFO: [Socket] Disconnected: 7264f33b-9bbb-4800-8913-b8efee83065e
[2026-04-20 14:09:07] INFO: [Socket] Connected: 7264f33b-9bbb-4800-8913-b8efee83065e
[2026-04-20 14:10:12] INFO: [Socket] Disconnected: 7264f33b-9bbb-4800-8913-b8efee83065e
[2026-04-20 14:10:18] INFO: [Socket] Connected: 7264f33b-9bbb-4800-8913-b8efee83065e
[2026-04-20 14:11:53] INFO: [Socket] Disconnected: 7264f33b-9bbb-4800-8913-b8efee83065e
[2026-04-20 14:13:50] INFO: [Socket] Disconnected: d19e10cb-05ef-4a0f-9e35-6fa41b6f6ec1
[2026-04-20 14:13:57] INFO: [Socket] Connected: 7264f33b-9bbb-4800-8913-b8efee83065e
[2026-04-20 14:14:01] INFO: [Socket] Disconnected: 7264f33b-9bbb-4800-8913-b8efee83065e
[2026-04-20 14:14:12] INFO: [Socket] Connected: d19e10cb-05ef-4a0f-9e35-6fa41b6f6ec1
[2026-04-20 14:14:24] INFO: [Socket] Disconnected: d19e10cb-05ef-4a0f-9e35-6fa41b6f6ec1
[2026-04-20 14:14:37] INFO: [Socket] Connected: d19e10cb-05ef-4a0f-9e35-6fa41b6f6ec1
[2026-04-20 14:16:10] INFO: [Socket] Connected: 7264f33b-9bbb-4800-8913-b8efee83065e
[2026-04-20 14:23:00] INFO: [Socket] Disconnected: d19e10cb-05ef-4a0f-9e35-6fa41b6f6ec1
[2026-04-20 14:23:20] INFO: [Socket] Connected: d19e10cb-05ef-4a0f-9e35-6fa41b6f6ec1
[2026-04-20 14:23:26] ERROR: Error: User not found
    at err (C:\Users\moham\Desktop\Alfa Project\Aman app\backend\src\modules\mobile_modules\users.service.js:4:39)
    at exports.getProfile (C:\Users\moham\Desktop\Alfa Project\Aman app\backend\src\modules\mobile_modules\users.service.js:28:20)
    at process.processTicksAndRejections (node:internal/process/task_queues:104:5)
    at async exports.getProfile (C:\Users\moham\Desktop\Alfa Project\Aman app\backend\src\controllers\mobile_controllers\users.controller.js:10:18)
[2026-04-20 14:23:29] ERROR: Error: User not found
    at err (C:\Users\moham\Desktop\Alfa Project\Aman app\backend\src\modules\mobile_modules\users.service.js:4:39)
    at exports.getProfile (C:\Users\moham\Desktop\Alfa Project\Aman app\backend\src\modules\mobile_modules\users.service.js:28:20)
    at process.processTicksAndRejections (node:internal/process/task_queues:104:5)
    at async exports.getProfile (C:\Users\moham\Desktop\Alfa Project\Aman app\backend\src\controllers\mobile_controllers\users.controller.js:10:18)
[2026-04-20 14:23:34] ERROR: Error: User not found
    at err (C:\Users\moham\Desktop\Alfa Project\Aman app\backend\src\modules\mobile_modules\users.service.js:4:39)
    at exports.getProfile (C:\Users\moham\Desktop\Alfa Project\Aman app\backend\src\modules\mobile_modules\users.service.js:28:20)
    at process.processTicksAndRejections (node:internal/process/task_queues:104:5)
    at async exports.getProfile (C:\Users\moham\Desktop\Alfa Project\Aman app\backend\src\controllers\mobile_controllers\users.controller.js:10:18)
[2026-04-20 14:23:39] ERROR: Error: User not found
    at err (C:\Users\moham\Desktop\Alfa Project\Aman app\backend\src\modules\mobile_modules\users.service.js:4:39)
    at exports.getProfile (C:\Users\moham\Desktop\Alfa Project\Aman app\backend\src\modules\mobile_modules\users.service.js:28:20)
    at process.processTicksAndRejections (node:internal/process/task_queues:104:5)
    at async exports.getProfile (C:\Users\moham\Desktop\Alfa Project\Aman app\backend\src\controllers\mobile_controllers\users.controller.js:10:18)
[2026-04-20 14:23:40] ERROR: Error: User not found
    at err (C:\Users\moham\Desktop\Alfa Project\Aman app\backend\src\modules\mobile_modules\users.service.js:4:39)
    at exports.getProfile (C:\Users\moham\Desktop\Alfa Project\Aman app\backend\src\modules\mobile_modules\users.service.js:28:20)
    at process.processTicksAndRejections (node:internal/process/task_queues:104:5)
    at async exports.getProfile (C:\Users\moham\Desktop\Alfa Project\Aman app\backend\src\controllers\mobile_controllers\users.controller.js:10:18)
[2026-04-20 14:23:46] ERROR: Error: User not found
    at err (C:\Users\moham\Desktop\Alfa Project\Aman app\backend\src\modules\mobile_modules\users.service.js:4:39)
    at exports.getProfile (C:\Users\moham\Desktop\Alfa Project\Aman app\backend\src\modules\mobile_modules\users.service.js:28:20)
    at process.processTicksAndRejections (node:internal/process/task_queues:104:5)
    at async exports.getProfile (C:\Users\moham\Desktop\Alfa Project\Aman app\backend\src\controllers\mobile_controllers\users.controller.js:10:18)
[2026-04-20 14:23:52] ERROR: Error: User not found
    at err (C:\Users\moham\Desktop\Alfa Project\Aman app\backend\src\modules\mobile_modules\users.service.js:4:39)
    at exports.getProfile (C:\Users\moham\Desktop\Alfa Project\Aman app\backend\src\modules\mobile_modules\users.service.js:28:20)
    at process.processTicksAndRejections (node:internal/process/task_queues:104:5)
    at async exports.getProfile (C:\Users\moham\Desktop\Alfa Project\Aman app\backend\src\controllers\mobile_controllers\users.controller.js:10:18)
[2026-04-20 14:23:57] ERROR: Error: User not found
    at err (C:\Users\moham\Desktop\Alfa Project\Aman app\backend\src\modules\mobile_modules\users.service.js:4:39)
    at exports.getProfile (C:\Users\moham\Desktop\Alfa Project\Aman app\backend\src\modules\mobile_modules\users.service.js:28:20)
    at process.processTicksAndRejections (node:internal/process/task_queues:104:5)
    at async exports.getProfile (C:\Users\moham\Desktop\Alfa Project\Aman app\backend\src\controllers\mobile_controllers\users.controller.js:10:18)
[2026-04-20 14:28:19] INFO: [Socket] Disconnected: d19e10cb-05ef-4a0f-9e35-6fa41b6f6ec1
[2026-04-20 15:03:40] INFO: [Socket] Disconnected: 7264f33b-9bbb-4800-8913-b8efee83065e
[2026-04-20 15:04:44] INFO: [Socket] Connected: d19e10cb-05ef-4a0f-9e35-6fa41b6f6ec1
[2026-04-20 15:08:25] INFO: [Socket] Disconnected: d19e10cb-05ef-4a0f-9e35-6fa41b6f6ec1
[2026-04-20 18:39:23] INFO: [DB] Sequelize connected to MySQL
[2026-04-20 18:39:23] INFO: [Migration] Already applied: drop ratings_ibfk_1
[2026-04-20 18:39:23] INFO: [Migration] Already applied: drop ratings_ibfk_2
[2026-04-20 18:39:23] INFO: [Migration] Already applied: drop pm_ibfk_1
[2026-04-20 18:39:23] INFO: [Migration] Already applied: drop pm_ibfk_2
[2026-04-20 18:39:23] INFO: [Migration] OK: ratings.rated_id nullable
[2026-04-20 18:39:23] INFO: [DB] All tables synced
[2026-04-20 18:39:23] INFO: Wisber backend running on port 3000
[2026-04-20 18:39:31] INFO: [DB] Sequelize connected to MySQL
[2026-04-20 18:39:31] INFO: [Migration] Already applied: drop ratings_ibfk_1
[2026-04-20 18:39:31] INFO: [Migration] Already applied: drop ratings_ibfk_2
[2026-04-20 18:39:31] INFO: [Migration] Already applied: drop pm_ibfk_1
[2026-04-20 18:39:31] INFO: [Migration] Already applied: drop pm_ibfk_2
[2026-04-20 18:39:31] INFO: [Migration] OK: ratings.rated_id nullable
[2026-04-20 18:39:31] INFO: [DB] All tables synced
[2026-04-20 18:39:31] INFO: Wisber backend running on port 3000
[2026-04-20 18:39:36] INFO: [DB] Sequelize connected to MySQL
[2026-04-20 18:39:36] INFO: [Migration] Already applied: drop ratings_ibfk_1
[2026-04-20 18:39:36] INFO: [Migration] Already applied: drop ratings_ibfk_2
[2026-04-20 18:39:36] INFO: [Migration] Already applied: drop pm_ibfk_1
[2026-04-20 18:39:36] INFO: [Migration] Already applied: drop pm_ibfk_2
[2026-04-20 18:39:36] INFO: [Migration] OK: ratings.rated_id nullable
[2026-04-20 18:39:36] INFO: [DB] All tables synced
[2026-04-20 18:39:36] INFO: Wisber backend running on port 3000
[2026-04-20 18:39:43] INFO: [DB] Sequelize connected to MySQL
[2026-04-20 18:39:43] INFO: [Migration] Already applied: drop ratings_ibfk_1
[2026-04-20 18:39:43] INFO: [Migration] Already applied: drop ratings_ibfk_2
[2026-04-20 18:39:43] INFO: [Migration] Already applied: drop pm_ibfk_1
[2026-04-20 18:39:43] INFO: [Migration] Already applied: drop pm_ibfk_2
[2026-04-20 18:39:43] INFO: [Migration] OK: ratings.rated_id nullable
[2026-04-20 18:39:43] INFO: [DB] All tables synced
[2026-04-20 18:39:43] INFO: Wisber backend running on port 3000
[2026-04-20 18:42:46] INFO: [Socket] Connected: d19e10cb-05ef-4a0f-9e35-6fa41b6f6ec1
[2026-04-20 18:43:00] INFO: [Socket] Disconnected: d19e10cb-05ef-4a0f-9e35-6fa41b6f6ec1
[2026-04-20 18:47:07] INFO: [DB] Sequelize connected to MySQL
[2026-04-20 18:47:07] INFO: [Migration] Already applied: drop ratings_ibfk_1
[2026-04-20 18:47:07] INFO: [Migration] Already applied: drop ratings_ibfk_2
[2026-04-20 18:47:07] INFO: [Migration] Already applied: drop pm_ibfk_1
[2026-04-20 18:47:07] INFO: [Migration] Already applied: drop pm_ibfk_2
[2026-04-20 18:47:07] INFO: [Migration] OK: ratings.rated_id nullable
[2026-04-20 18:47:07] INFO: [DB] All tables synced
[2026-04-20 18:47:07] INFO: Wisber backend running on port 3000
[2026-04-20 18:47:26] INFO: [DB] Sequelize connected to MySQL
[2026-04-20 18:47:26] INFO: [Migration] Already applied: drop ratings_ibfk_1
[2026-04-20 18:47:26] INFO: [Migration] Already applied: drop ratings_ibfk_2
[2026-04-20 18:47:26] INFO: [Migration] Already applied: drop pm_ibfk_1
[2026-04-20 18:47:26] INFO: [Migration] Already applied: drop pm_ibfk_2
[2026-04-20 18:47:26] INFO: [Migration] OK: ratings.rated_id nullable
[2026-04-20 18:47:26] INFO: [DB] All tables synced
[2026-04-20 18:47:26] INFO: Wisber backend running on port 3000
[2026-04-20 18:47:35] INFO: [DB] Sequelize connected to MySQL
[2026-04-20 18:47:35] INFO: [Migration] Already applied: drop ratings_ibfk_1
[2026-04-20 18:47:35] INFO: [Migration] Already applied: drop ratings_ibfk_2
[2026-04-20 18:47:35] INFO: [Migration] Already applied: drop pm_ibfk_1
[2026-04-20 18:47:35] INFO: [Migration] Already applied: drop pm_ibfk_2
[2026-04-20 18:47:36] INFO: [Migration] OK: ratings.rated_id nullable
[2026-04-20 18:47:36] INFO: [DB] All tables synced
[2026-04-20 18:47:36] INFO: Wisber backend running on port 3000
[2026-04-20 18:47:44] INFO: [DB] Sequelize connected to MySQL
[2026-04-20 18:47:44] INFO: [Migration] Already applied: drop ratings_ibfk_1
[2026-04-20 18:47:44] INFO: [Migration] Already applied: drop ratings_ibfk_2
[2026-04-20 18:47:44] INFO: [Migration] Already applied: drop pm_ibfk_1
[2026-04-20 18:47:44] INFO: [Migration] Already applied: drop pm_ibfk_2
[2026-04-20 18:47:44] INFO: [Migration] OK: ratings.rated_id nullable
[2026-04-20 18:47:44] INFO: [DB] All tables synced
[2026-04-20 18:47:44] INFO: Wisber backend running on port 3000
[2026-04-20 18:47:50] INFO: [DB] Sequelize connected to MySQL
[2026-04-20 18:47:50] INFO: [Migration] Already applied: drop ratings_ibfk_1
[2026-04-20 18:47:50] INFO: [Migration] Already applied: drop ratings_ibfk_2
[2026-04-20 18:47:50] INFO: [Migration] Already applied: drop pm_ibfk_1
[2026-04-20 18:47:50] INFO: [Migration] Already applied: drop pm_ibfk_2
[2026-04-20 18:47:50] INFO: [Migration] OK: ratings.rated_id nullable
[2026-04-20 18:47:50] INFO: [DB] All tables synced
[2026-04-20 18:47:50] INFO: Wisber backend running on port 3000
[2026-04-20 18:48:01] INFO: [DB] Sequelize connected to MySQL
[2026-04-20 18:48:01] INFO: [Migration] Already applied: drop ratings_ibfk_1
[2026-04-20 18:48:01] INFO: [Migration] Already applied: drop ratings_ibfk_2
[2026-04-20 18:48:01] INFO: [Migration] Already applied: drop pm_ibfk_1
[2026-04-20 18:48:01] INFO: [Migration] Already applied: drop pm_ibfk_2
[2026-04-20 18:48:01] INFO: [Migration] OK: ratings.rated_id nullable
[2026-04-20 18:48:01] INFO: [DB] All tables synced
[2026-04-20 18:48:01] INFO: Wisber backend running on port 3000
[2026-04-20 18:49:25] INFO: [DB] Sequelize connected to MySQL
[2026-04-20 18:49:25] INFO: [Migration] Already applied: drop ratings_ibfk_1
[2026-04-20 18:49:25] INFO: [Migration] Already applied: drop ratings_ibfk_2
[2026-04-20 18:49:25] INFO: [Migration] Already applied: drop pm_ibfk_1
[2026-04-20 18:49:25] INFO: [Migration] Already applied: drop pm_ibfk_2
[2026-04-20 18:49:25] INFO: [Migration] OK: ratings.rated_id nullable
[2026-04-20 18:49:25] INFO: [DB] All tables synced
[2026-04-20 18:49:25] INFO: Wisber backend running on port 3000
[2026-04-20 18:53:13] INFO: [Socket] Connected: d8e952a0-2e6e-4895-be81-3404b401f2df
[2026-04-20 18:54:55] INFO: [Socket] Connected: ef824feb-7931-4237-b328-b985473fbf2a
[2026-04-20 19:00:39] INFO: [Socket] Disconnected: d8e952a0-2e6e-4895-be81-3404b401f2df
[2026-04-20 19:01:35] INFO: [Socket] Connected: a7f8f1a1-12fb-40bf-9d60-41840f890fd0
[2026-04-20 19:10:03] INFO: [Socket] Disconnected: a7f8f1a1-12fb-40bf-9d60-41840f890fd0
[2026-04-20 19:14:56] INFO: [Socket] Connected: a7f8f1a1-12fb-40bf-9d60-41840f890fd0
[2026-04-20 19:36:28] INFO: [Socket] Disconnected: a7f8f1a1-12fb-40bf-9d60-41840f890fd0
[2026-04-21 12:01:08] INFO: [DB] Sequelize connected to MySQL
[2026-04-21 12:01:08] INFO: [Migration] Already applied: drop ratings_ibfk_1
[2026-04-21 12:01:08] INFO: [Migration] Already applied: drop ratings_ibfk_2
[2026-04-21 12:01:08] INFO: [Migration] Already applied: drop pm_ibfk_1
[2026-04-21 12:01:08] INFO: [Migration] Already applied: drop pm_ibfk_2
[2026-04-21 12:01:08] INFO: [Migration] OK: ratings.rated_id nullable
[2026-04-21 12:01:08] INFO: [DB] All tables synced
[2026-04-21 12:01:08] INFO: Wisber backend running on port 3000
[2026-04-21 12:03:34] ERROR: Error: Invalid phone or password
    at err (C:\Users\moham\Desktop\Alfa Project\Aman app\backend\src\modules\mobile_modules\auth.service.js:19:46)
    at exports.login (C:\Users\moham\Desktop\Alfa Project\Aman app\backend\src\modules\mobile_modules\auth.service.js:130:67)
    at async exports.login (C:\Users\moham\Desktop\Alfa Project\Aman app\backend\src\controllers\mobile_controllers\auth.controller.js:19:18)
[2026-04-21 12:03:47] INFO: [Socket] Connected: a7f8f1a1-12fb-40bf-9d60-41840f890fd0
[2026-04-21 12:09:54] INFO: [Socket] Connected: a7f8f1a1-12fb-40bf-9d60-41840f890fd0
[2026-04-21 12:10:21] INFO: [Socket] Connected: a7f8f1a1-12fb-40bf-9d60-41840f890fd0
[2026-04-21 12:10:25] INFO: [Socket] Connected: a7f8f1a1-12fb-40bf-9d60-41840f890fd0
[2026-04-21 12:13:44] INFO: [Socket] Disconnected: a7f8f1a1-12fb-40bf-9d60-41840f890fd0
[2026-04-21 12:13:44] INFO: [Socket] Disconnected: a7f8f1a1-12fb-40bf-9d60-41840f890fd0
[2026-04-21 12:13:44] INFO: [Socket] Disconnected: a7f8f1a1-12fb-40bf-9d60-41840f890fd0
[2026-04-21 12:13:44] INFO: [Socket] Disconnected: a7f8f1a1-12fb-40bf-9d60-41840f890fd0
[2026-04-21 12:13:45] INFO: [Socket] Connected: ef824feb-7931-4237-b328-b985473fbf2a
[2026-04-21 12:13:45] INFO: [Socket] Delivered 2 pending message(s) to ef824feb-7931-4237-b328-b985473fbf2a
[2026-04-21 12:14:29] INFO: [DB] Sequelize connected to MySQL
[2026-04-21 12:14:29] INFO: [Migration] Already applied: drop ratings_ibfk_1
[2026-04-21 12:14:29] INFO: [Migration] Already applied: drop ratings_ibfk_2
[2026-04-21 12:14:29] INFO: [Migration] Already applied: drop pm_ibfk_1
[2026-04-21 12:14:29] INFO: [Migration] Already applied: drop pm_ibfk_2
[2026-04-21 12:14:29] INFO: [Migration] OK: ratings.rated_id nullable
[2026-04-21 12:14:29] INFO: [DB] All tables synced
[2026-04-21 12:14:29] INFO: Wisber backend running on port 3000
[2026-04-21 12:14:30] INFO: [Socket] Connected: ef824feb-7931-4237-b328-b985473fbf2a
[2026-04-21 12:15:05] INFO: [Socket] Connected: a7f8f1a1-12fb-40bf-9d60-41840f890fd0
[2026-04-21 12:15:22] INFO: [DB] Sequelize connected to MySQL
[2026-04-21 12:15:22] INFO: [Migration] Already applied: drop ratings_ibfk_1
[2026-04-21 12:15:22] INFO: [Migration] Already applied: drop ratings_ibfk_2
[2026-04-21 12:15:22] INFO: [Migration] Already applied: drop pm_ibfk_1
[2026-04-21 12:15:22] INFO: [Migration] Already applied: drop pm_ibfk_2
[2026-04-21 12:15:22] INFO: [Migration] OK: ratings.rated_id nullable
[2026-04-21 12:15:22] INFO: [DB] All tables synced
[2026-04-21 12:15:22] INFO: Wisber backend running on port 3000
[2026-04-21 12:15:23] INFO: [Socket] Connected: ef824feb-7931-4237-b328-b985473fbf2a
[2026-04-21 12:15:23] INFO: [Socket] Connected: a7f8f1a1-12fb-40bf-9d60-41840f890fd0
[2026-04-21 12:15:26] INFO: [DB] Sequelize connected to MySQL
[2026-04-21 12:15:26] INFO: [Migration] Already applied: drop ratings_ibfk_1
[2026-04-21 12:15:26] INFO: [Migration] Already applied: drop ratings_ibfk_2
[2026-04-21 12:15:26] INFO: [Migration] Already applied: drop pm_ibfk_1
[2026-04-21 12:15:26] INFO: [Migration] Already applied: drop pm_ibfk_2
[2026-04-21 12:15:26] INFO: [Migration] OK: ratings.rated_id nullable
[2026-04-21 12:15:26] INFO: [DB] All tables synced
[2026-04-21 12:15:26] INFO: Wisber backend running on port 3000
[2026-04-21 12:15:26] INFO: [Socket] Connected: ef824feb-7931-4237-b328-b985473fbf2a
[2026-04-21 12:15:26] INFO: [Socket] Connected: a7f8f1a1-12fb-40bf-9d60-41840f890fd0
[2026-04-21 12:16:06] INFO: [DB] Sequelize connected to MySQL
[2026-04-21 12:16:06] INFO: [Migration] Already applied: drop ratings_ibfk_1
[2026-04-21 12:16:06] INFO: [Migration] Already applied: drop ratings_ibfk_2
[2026-04-21 12:16:06] INFO: [Migration] Already applied: drop pm_ibfk_1
[2026-04-21 12:16:06] INFO: [Migration] Already applied: drop pm_ibfk_2
[2026-04-21 12:16:06] INFO: [Migration] OK: ratings.rated_id nullable
[2026-04-21 12:16:06] INFO: [DB] All tables synced
[2026-04-21 12:16:06] INFO: Wisber backend running on port 3000
[2026-04-21 12:16:06] INFO: [Socket] Connected: ef824feb-7931-4237-b328-b985473fbf2a
[2026-04-21 12:16:07] INFO: [Socket] Connected: a7f8f1a1-12fb-40bf-9d60-41840f890fd0
[2026-04-21 12:16:17] INFO: [Socket] Disconnected: a7f8f1a1-12fb-40bf-9d60-41840f890fd0
[2026-04-21 12:16:21] INFO: [Socket] Disconnected: ef824feb-7931-4237-b328-b985473fbf2a
[2026-04-21 12:16:26] INFO: [Socket] Connected: ef824feb-7931-4237-b328-b985473fbf2a
[2026-04-21 12:16:27] INFO: [Socket] Connected: a7f8f1a1-12fb-40bf-9d60-41840f890fd0
[2026-04-21 12:27:03] INFO: [Socket] Disconnected: a7f8f1a1-12fb-40bf-9d60-41840f890fd0
[2026-04-21 12:27:46] ERROR: [MessageHandler] Failed to store pending message: Data truncated for column 'message_type' at row 1
[2026-04-21 12:28:31] INFO: [Socket] Connected: a7f8f1a1-12fb-40bf-9d60-41840f890fd0
[2026-04-21 12:28:31] INFO: [Socket] Delivered 1 pending message(s) to a7f8f1a1-12fb-40bf-9d60-41840f890fd0
[2026-04-21 12:30:35] INFO: [Socket] Disconnected: ef824feb-7931-4237-b328-b985473fbf2a
[2026-04-21 12:30:39] INFO: [Socket] Connected: ef824feb-7931-4237-b328-b985473fbf2a
[2026-04-21 12:58:08] INFO: [DB] Sequelize connected to MySQL
[2026-04-21 12:58:08] INFO: [Migration] Already applied: drop ratings_ibfk_1
[2026-04-21 12:58:08] INFO: [Migration] Already applied: drop ratings_ibfk_2
[2026-04-21 12:58:08] INFO: [Migration] Already applied: drop pm_ibfk_1
[2026-04-21 12:58:08] INFO: [Migration] Already applied: drop pm_ibfk_2
[2026-04-21 12:58:08] INFO: [Migration] OK: ratings.rated_id nullable
[2026-04-21 12:58:08] INFO: [DB] All tables synced
[2026-04-21 12:58:08] INFO: Wisber backend running on port 3000
[2026-04-21 12:58:08] INFO: [Socket] Connected: a7f8f1a1-12fb-40bf-9d60-41840f890fd0
[2026-04-21 12:58:09] INFO: [Socket] Connected: ef824feb-7931-4237-b328-b985473fbf2a
[2026-04-21 12:58:12] INFO: [DB] Sequelize connected to MySQL
[2026-04-21 12:58:12] INFO: [Migration] Already applied: drop ratings_ibfk_1
[2026-04-21 12:58:12] INFO: [Migration] Already applied: drop ratings_ibfk_2
[2026-04-21 12:58:12] INFO: [Migration] Already applied: drop pm_ibfk_1
[2026-04-21 12:58:12] INFO: [Migration] Already applied: drop pm_ibfk_2
[2026-04-21 12:58:12] INFO: [Migration] OK: ratings.rated_id nullable
[2026-04-21 12:58:12] INFO: [DB] All tables synced
[2026-04-21 12:58:12] INFO: Wisber backend running on port 3000
[2026-04-21 12:58:12] INFO: [Socket] Connected: ef824feb-7931-4237-b328-b985473fbf2a
[2026-04-21 12:58:12] INFO: [Socket] Connected: a7f8f1a1-12fb-40bf-9d60-41840f890fd0
[2026-04-21 12:58:32] INFO: [DB] Sequelize connected to MySQL
[2026-04-21 12:58:32] INFO: [Migration] Already applied: drop ratings_ibfk_1
[2026-04-21 12:58:32] INFO: [Migration] Already applied: drop ratings_ibfk_2
[2026-04-21 12:58:32] INFO: [Migration] Already applied: drop pm_ibfk_1
[2026-04-21 12:58:32] INFO: [Migration] Already applied: drop pm_ibfk_2
[2026-04-21 12:58:32] INFO: [Migration] OK: ratings.rated_id nullable
[2026-04-21 12:58:32] INFO: [DB] All tables synced
[2026-04-21 12:58:32] INFO: Wisber backend running on port 3000
[2026-04-21 12:58:32] INFO: [Socket] Connected: a7f8f1a1-12fb-40bf-9d60-41840f890fd0
[2026-04-21 12:58:33] INFO: [Socket] Connected: ef824feb-7931-4237-b328-b985473fbf2a
[2026-04-21 12:58:37] INFO: [DB] Sequelize connected to MySQL
[2026-04-21 12:58:37] INFO: [Migration] Already applied: drop ratings_ibfk_1
[2026-04-21 12:58:37] INFO: [Migration] Already applied: drop ratings_ibfk_2
[2026-04-21 12:58:37] INFO: [Migration] Already applied: drop pm_ibfk_1
[2026-04-21 12:58:37] INFO: [Migration] Already applied: drop pm_ibfk_2
[2026-04-21 12:58:37] INFO: [Migration] OK: ratings.rated_id nullable
[2026-04-21 12:58:37] INFO: [DB] All tables synced
[2026-04-21 12:58:37] INFO: Wisber backend running on port 3000
[2026-04-21 12:58:38] INFO: [Socket] Connected: a7f8f1a1-12fb-40bf-9d60-41840f890fd0
[2026-04-21 12:58:38] INFO: [Socket] Connected: ef824feb-7931-4237-b328-b985473fbf2a
[2026-04-21 12:59:20] INFO: [DB] Sequelize connected to MySQL
[2026-04-21 12:59:20] INFO: [Migration] Already applied: drop ratings_ibfk_1
[2026-04-21 12:59:20] INFO: [Migration] Already applied: drop ratings_ibfk_2
[2026-04-21 12:59:20] INFO: [Migration] Already applied: drop pm_ibfk_1
[2026-04-21 12:59:20] INFO: [Migration] Already applied: drop pm_ibfk_2
[2026-04-21 12:59:20] INFO: [Migration] OK: ratings.rated_id nullable
[2026-04-21 12:59:20] INFO: [DB] All tables synced
[2026-04-21 12:59:20] INFO: Wisber backend running on port 3000
[2026-04-21 12:59:20] INFO: [Socket] Connected: a7f8f1a1-12fb-40bf-9d60-41840f890fd0
[2026-04-21 12:59:21] INFO: [Socket] Connected: ef824feb-7931-4237-b328-b985473fbf2a
[2026-04-21 12:59:24] INFO: [DB] Sequelize connected to MySQL
[2026-04-21 12:59:24] INFO: [Migration] Already applied: drop ratings_ibfk_1
[2026-04-21 12:59:24] INFO: [Migration] Already applied: drop ratings_ibfk_2
[2026-04-21 12:59:24] INFO: [Migration] Already applied: drop pm_ibfk_1
[2026-04-21 12:59:24] INFO: [Migration] Already applied: drop pm_ibfk_2
[2026-04-21 12:59:24] INFO: [Migration] OK: ratings.rated_id nullable
[2026-04-21 12:59:24] INFO: [DB] All tables synced
[2026-04-21 12:59:24] INFO: Wisber backend running on port 3000
[2026-04-21 12:59:25] INFO: [Socket] Connected: ef824feb-7931-4237-b328-b985473fbf2a
[2026-04-21 12:59:25] INFO: [Socket] Connected: a7f8f1a1-12fb-40bf-9d60-41840f890fd0
[2026-04-21 12:59:29] INFO: [DB] Sequelize connected to MySQL
[2026-04-21 12:59:29] INFO: [Migration] Already applied: drop ratings_ibfk_1
[2026-04-21 12:59:29] INFO: [Migration] Already applied: drop ratings_ibfk_2
[2026-04-21 12:59:29] INFO: [Migration] Already applied: drop pm_ibfk_1
[2026-04-21 12:59:29] INFO: [Migration] Already applied: drop pm_ibfk_2
[2026-04-21 12:59:29] INFO: [Migration] OK: ratings.rated_id nullable
[2026-04-21 12:59:29] INFO: [DB] All tables synced
[2026-04-21 12:59:29] INFO: Wisber backend running on port 3000
[2026-04-21 12:59:29] INFO: [Socket] Connected: ef824feb-7931-4237-b328-b985473fbf2a
[2026-04-21 12:59:29] INFO: [Socket] Connected: a7f8f1a1-12fb-40bf-9d60-41840f890fd0
[2026-04-21 12:59:45] INFO: [DB] Sequelize connected to MySQL
[2026-04-21 12:59:45] INFO: [Migration] Already applied: drop ratings_ibfk_1
[2026-04-21 12:59:45] INFO: [Migration] Already applied: drop ratings_ibfk_2
[2026-04-21 12:59:45] INFO: [Migration] Already applied: drop pm_ibfk_1
[2026-04-21 12:59:45] INFO: [Migration] Already applied: drop pm_ibfk_2
[2026-04-21 12:59:45] INFO: [Migration] OK: ratings.rated_id nullable
[2026-04-21 12:59:45] INFO: [DB] All tables synced
[2026-04-21 12:59:45] INFO: Wisber backend running on port 3000
[2026-04-21 12:59:45] INFO: [Socket] Connected: ef824feb-7931-4237-b328-b985473fbf2a
[2026-04-21 12:59:45] INFO: [Socket] Connected: a7f8f1a1-12fb-40bf-9d60-41840f890fd0
[2026-04-21 13:00:55] INFO: [DB] Sequelize connected to MySQL
[2026-04-21 13:00:55] INFO: [Migration] Already applied: drop ratings_ibfk_1
[2026-04-21 13:00:55] INFO: [Migration] Already applied: drop ratings_ibfk_2
[2026-04-21 13:00:55] INFO: [Migration] Already applied: drop pm_ibfk_1
[2026-04-21 13:00:55] INFO: [Migration] Already applied: drop pm_ibfk_2
[2026-04-21 13:00:55] INFO: [Migration] OK: ratings.rated_id nullable
[2026-04-21 13:00:55] INFO: [DB] All tables synced
[2026-04-21 13:00:55] INFO: Wisber backend running on port 3000
[2026-04-21 13:00:56] INFO: [Socket] Connected: a7f8f1a1-12fb-40bf-9d60-41840f890fd0
[2026-04-21 13:00:56] INFO: [Socket] Connected: ef824feb-7931-4237-b328-b985473fbf2a
[2026-04-21 13:00:59] INFO: [DB] Sequelize connected to MySQL
[2026-04-21 13:00:59] INFO: [Migration] Already applied: drop ratings_ibfk_1
[2026-04-21 13:00:59] INFO: [Migration] Already applied: drop ratings_ibfk_2
[2026-04-21 13:00:59] INFO: [Migration] Already applied: drop pm_ibfk_1
[2026-04-21 13:00:59] INFO: [Migration] Already applied: drop pm_ibfk_2
[2026-04-21 13:00:59] INFO: [Migration] OK: ratings.rated_id nullable
[2026-04-21 13:00:59] INFO: [DB] All tables synced
[2026-04-21 13:00:59] INFO: Wisber backend running on port 3000
[2026-04-21 13:00:59] INFO: [Socket] Connected: a7f8f1a1-12fb-40bf-9d60-41840f890fd0
[2026-04-21 13:00:59] INFO: [Socket] Connected: ef824feb-7931-4237-b328-b985473fbf2a
[2026-04-21 13:02:03] INFO: [Socket] Connected: ef824feb-7931-4237-b328-b985473fbf2a
[2026-04-21 13:02:21] INFO: [Socket] Connected: ef824feb-7931-4237-b328-b985473fbf2a
[2026-04-21 13:19:10] INFO: [Socket] Disconnected: a7f8f1a1-12fb-40bf-9d60-41840f890fd0
[2026-04-21 13:23:55] INFO: [Socket] Connected: a7f8f1a1-12fb-40bf-9d60-41840f890fd0
[2026-04-21 13:24:40] INFO: [Socket] Disconnected: a7f8f1a1-12fb-40bf-9d60-41840f890fd0
[2026-04-21 13:29:10] INFO: [Socket] Disconnected: ef824feb-7931-4237-b328-b985473fbf2a
[2026-04-21 13:29:10] INFO: [Socket] Disconnected: ef824feb-7931-4237-b328-b985473fbf2a
[2026-04-21 13:29:10] INFO: [Socket] Disconnected: ef824feb-7931-4237-b328-b985473fbf2a
[2026-04-21 13:29:14] INFO: [Socket] Connected: ef824feb-7931-4237-b328-b985473fbf2a
[2026-04-21 13:29:31] INFO: [Socket] Connected: a7f8f1a1-12fb-40bf-9d60-41840f890fd0
[2026-04-21 13:30:41] INFO: [Socket] Disconnected: a7f8f1a1-12fb-40bf-9d60-41840f890fd0
[2026-04-21 13:43:44] INFO: [Socket] Connected: a7f8f1a1-12fb-40bf-9d60-41840f890fd0
[2026-04-21 13:43:44] INFO: [Socket] Delivered 1 pending message(s) to a7f8f1a1-12fb-40bf-9d60-41840f890fd0
[2026-04-21 13:47:23] INFO: [Socket] Disconnected: a7f8f1a1-12fb-40bf-9d60-41840f890fd0
[2026-04-21 13:47:31] INFO: [Socket] Connected: a7f8f1a1-12fb-40bf-9d60-41840f890fd0
[2026-04-21 13:49:35] INFO: [Socket] Disconnected: a7f8f1a1-12fb-40bf-9d60-41840f890fd0
[2026-04-21 13:49:40] INFO: [Socket] Connected: a7f8f1a1-12fb-40bf-9d60-41840f890fd0
[2026-04-21 13:57:43] INFO: [Socket] Disconnected: a7f8f1a1-12fb-40bf-9d60-41840f890fd0
[2026-04-21 13:58:31] INFO: [Socket] Connected: a7f8f1a1-12fb-40bf-9d60-41840f890fd0
[2026-04-21 14:00:00] INFO: [Socket] Disconnected: a7f8f1a1-12fb-40bf-9d60-41840f890fd0
[2026-04-21 15:44:28] INFO: [Socket] Disconnected: ef824feb-7931-4237-b328-b985473fbf2a
[2026-04-21 16:04:49] INFO: [Socket] Connected: a7f8f1a1-12fb-40bf-9d60-41840f890fd0
[2026-04-21 16:07:24] INFO: [Socket] Connected: ef824feb-7931-4237-b328-b985473fbf2a
[2026-04-21 16:07:27] ERROR: Error: User not found
    at err (C:\Users\moham\Desktop\Alfa Project\Aman app\backend\src\modules\mobile_modules\users.service.js:4:39)
    at exports.getProfile (C:\Users\moham\Desktop\Alfa Project\Aman app\backend\src\modules\mobile_modules\users.service.js:28:20)
    at process.processTicksAndRejections (node:internal/process/task_queues:104:5)
    at async exports.getProfile (C:\Users\moham\Desktop\Alfa Project\Aman app\backend\src\controllers\mobile_controllers\users.controller.js:10:18)
[2026-04-21 16:09:07] ERROR: Error: User not found
    at err (C:\Users\moham\Desktop\Alfa Project\Aman app\backend\src\modules\mobile_modules\users.service.js:4:39)
    at exports.getProfile (C:\Users\moham\Desktop\Alfa Project\Aman app\backend\src\modules\mobile_modules\users.service.js:28:20)
    at process.processTicksAndRejections (node:internal/process/task_queues:104:5)
    at async exports.getProfile (C:\Users\moham\Desktop\Alfa Project\Aman app\backend\src\controllers\mobile_controllers\users.controller.js:10:18)
[2026-04-21 16:09:28] INFO: [Socket] Disconnected: a7f8f1a1-12fb-40bf-9d60-41840f890fd0
[2026-04-21 16:09:31] INFO: [Socket] Disconnected: ef824feb-7931-4237-b328-b985473fbf2a
[2026-04-21 16:10:07] INFO: [Socket] Connected: ef824feb-7931-4237-b328-b985473fbf2a
[2026-04-21 16:10:09] INFO: [Socket] Connected: a7f8f1a1-12fb-40bf-9d60-41840f890fd0
[2026-04-21 16:10:51] ERROR: Error: User not found
    at err (C:\Users\moham\Desktop\Alfa Project\Aman app\backend\src\modules\mobile_modules\users.service.js:4:39)
    at exports.getProfile (C:\Users\moham\Desktop\Alfa Project\Aman app\backend\src\modules\mobile_modules\users.service.js:28:20)
    at process.processTicksAndRejections (node:internal/process/task_queues:104:5)
    at async exports.getProfile (C:\Users\moham\Desktop\Alfa Project\Aman app\backend\src\controllers\mobile_controllers\users.controller.js:10:18)
[2026-04-21 16:10:58] ERROR: Error: User not found
    at err (C:\Users\moham\Desktop\Alfa Project\Aman app\backend\src\modules\mobile_modules\users.service.js:4:39)
    at exports.getProfile (C:\Users\moham\Desktop\Alfa Project\Aman app\backend\src\modules\mobile_modules\users.service.js:28:20)
    at process.processTicksAndRejections (node:internal/process/task_queues:104:5)
    at async exports.getProfile (C:\Users\moham\Desktop\Alfa Project\Aman app\backend\src\controllers\mobile_controllers\users.controller.js:10:18)
[2026-04-21 16:14:17] INFO: [DB] Sequelize connected to MySQL
[2026-04-21 16:14:17] INFO: [Migration] Already applied: drop ratings_ibfk_1
[2026-04-21 16:14:17] INFO: [Migration] Already applied: drop ratings_ibfk_2
[2026-04-21 16:14:17] INFO: [Migration] Already applied: drop pm_ibfk_1
[2026-04-21 16:14:17] INFO: [Migration] Already applied: drop pm_ibfk_2
[2026-04-21 16:14:17] INFO: [Migration] OK: ratings.rated_id nullable
[2026-04-21 16:14:17] INFO: [DB] All tables synced
[2026-04-21 16:14:17] INFO: Wisber backend running on port 3000
[2026-04-21 16:14:17] INFO: [Socket] Connected: ef824feb-7931-4237-b328-b985473fbf2a
[2026-04-21 16:14:17] INFO: [Socket] Connected: a7f8f1a1-12fb-40bf-9d60-41840f890fd0
[2026-04-21 16:14:41] INFO: [DB] Sequelize connected to MySQL
[2026-04-21 16:14:41] INFO: [Migration] Already applied: drop ratings_ibfk_1
[2026-04-21 16:14:41] INFO: [Migration] Already applied: drop ratings_ibfk_2
[2026-04-21 16:14:41] INFO: [Migration] Already applied: drop pm_ibfk_1
[2026-04-21 16:14:41] INFO: [Migration] Already applied: drop pm_ibfk_2
[2026-04-21 16:14:41] INFO: [Migration] OK: ratings.rated_id nullable
[2026-04-21 16:14:41] INFO: [DB] All tables synced
[2026-04-21 16:14:41] INFO: Wisber backend running on port 3000
[2026-04-21 16:14:48] INFO: [Socket] Connected: ef824feb-7931-4237-b328-b985473fbf2a
[2026-04-21 16:14:48] INFO: [Socket] Connected: a7f8f1a1-12fb-40bf-9d60-41840f890fd0
[2026-04-21 16:14:52] INFO: [DB] Sequelize connected to MySQL
[2026-04-21 16:14:52] INFO: [Migration] Already applied: drop ratings_ibfk_1
[2026-04-21 16:14:52] INFO: [Migration] Already applied: drop ratings_ibfk_2
[2026-04-21 16:14:52] INFO: [Migration] Already applied: drop pm_ibfk_1
[2026-04-21 16:14:52] INFO: [Migration] Already applied: drop pm_ibfk_2
[2026-04-21 16:14:52] INFO: [Migration] OK: ratings.rated_id nullable
[2026-04-21 16:14:52] INFO: [DB] All tables synced
[2026-04-21 16:14:52] INFO: Wisber backend running on port 3000
[2026-04-21 16:14:53] INFO: [Socket] Connected: ef824feb-7931-4237-b328-b985473fbf2a
[2026-04-21 16:14:53] INFO: [Socket] Connected: a7f8f1a1-12fb-40bf-9d60-41840f890fd0
[2026-04-21 16:15:05] INFO: [DB] Sequelize connected to MySQL
[2026-04-21 16:15:05] INFO: [Migration] Already applied: drop ratings_ibfk_1
[2026-04-21 16:15:05] INFO: [Migration] Already applied: drop ratings_ibfk_2
[2026-04-21 16:15:05] INFO: [Migration] Already applied: drop pm_ibfk_1
[2026-04-21 16:15:05] INFO: [Migration] Already applied: drop pm_ibfk_2
[2026-04-21 16:15:05] INFO: [Migration] OK: ratings.rated_id nullable
[2026-04-21 16:15:05] INFO: [DB] All tables synced
[2026-04-21 16:15:05] INFO: Wisber backend running on port 3000
[2026-04-21 16:15:06] INFO: [Socket] Connected: ef824feb-7931-4237-b328-b985473fbf2a
[2026-04-21 16:15:09] INFO: [Socket] Connected: a7f8f1a1-12fb-40bf-9d60-41840f890fd0
[2026-04-21 16:15:11] INFO: [DB] Sequelize connected to MySQL
[2026-04-21 16:15:11] INFO: [Migration] Already applied: drop ratings_ibfk_1
[2026-04-21 16:15:11] INFO: [Migration] Already applied: drop ratings_ibfk_2
[2026-04-21 16:15:11] INFO: [Migration] Already applied: drop pm_ibfk_1
[2026-04-21 16:15:11] INFO: [Migration] Already applied: drop pm_ibfk_2
[2026-04-21 16:15:11] INFO: [Migration] OK: ratings.rated_id nullable
[2026-04-21 16:15:11] INFO: [DB] All tables synced
[2026-04-21 16:15:11] INFO: Wisber backend running on port 3000
[2026-04-21 16:15:11] INFO: [Socket] Connected: ef824feb-7931-4237-b328-b985473fbf2a
[2026-04-21 16:15:11] INFO: [Socket] Connected: a7f8f1a1-12fb-40bf-9d60-41840f890fd0
[2026-04-21 16:15:15] INFO: [DB] Sequelize connected to MySQL
[2026-04-21 16:15:15] INFO: [Migration] Already applied: drop ratings_ibfk_1
[2026-04-21 16:15:15] INFO: [Migration] Already applied: drop ratings_ibfk_2
[2026-04-21 16:15:15] INFO: [Migration] Already applied: drop pm_ibfk_1
[2026-04-21 16:15:15] INFO: [Migration] Already applied: drop pm_ibfk_2
[2026-04-21 16:15:15] INFO: [Migration] OK: ratings.rated_id nullable
[2026-04-21 16:15:15] INFO: [DB] All tables synced
[2026-04-21 16:15:15] INFO: Wisber backend running on port 3000
[2026-04-21 16:15:15] INFO: [Socket] Connected: a7f8f1a1-12fb-40bf-9d60-41840f890fd0
[2026-04-21 16:15:15] INFO: [Socket] Connected: ef824feb-7931-4237-b328-b985473fbf2a
[2026-04-21 16:15:21] INFO: [DB] Sequelize connected to MySQL
[2026-04-21 16:15:21] INFO: [Migration] Already applied: drop ratings_ibfk_1
[2026-04-21 16:15:21] INFO: [Migration] Already applied: drop ratings_ibfk_2
[2026-04-21 16:15:21] INFO: [Migration] Already applied: drop pm_ibfk_1
[2026-04-21 16:15:21] INFO: [Migration] Already applied: drop pm_ibfk_2
[2026-04-21 16:15:21] INFO: [Migration] OK: ratings.rated_id nullable
[2026-04-21 16:15:21] INFO: [DB] All tables synced
[2026-04-21 16:15:21] INFO: Wisber backend running on port 3000
[2026-04-21 16:15:22] INFO: [Socket] Connected: a7f8f1a1-12fb-40bf-9d60-41840f890fd0
[2026-04-21 16:15:22] INFO: [Socket] Connected: ef824feb-7931-4237-b328-b985473fbf2a
[2026-04-21 16:15:31] INFO: [Socket] Connected: ef824feb-7931-4237-b328-b985473fbf2a
[2026-04-21 16:15:31] INFO: [Socket] Connected: a7f8f1a1-12fb-40bf-9d60-41840f890fd0
[2026-04-21 16:15:37] INFO: [Socket] Connected: ef824feb-7931-4237-b328-b985473fbf2a
[2026-04-21 16:15:37] INFO: [Socket] Connected: a7f8f1a1-12fb-40bf-9d60-41840f890fd0
[2026-04-21 16:16:13] INFO: [Socket] Disconnected: a7f8f1a1-12fb-40bf-9d60-41840f890fd0
[2026-04-21 16:16:13] INFO: [Socket] Disconnected: a7f8f1a1-12fb-40bf-9d60-41840f890fd0
[2026-04-21 16:16:13] INFO: [Socket] Disconnected: a7f8f1a1-12fb-40bf-9d60-41840f890fd0
[2026-04-21 16:16:22] INFO: [Socket] Disconnected: ef824feb-7931-4237-b328-b985473fbf2a
[2026-04-21 16:16:22] INFO: [Socket] Disconnected: ef824feb-7931-4237-b328-b985473fbf2a
[2026-04-21 16:16:22] INFO: [Socket] Disconnected: ef824feb-7931-4237-b328-b985473fbf2a
[2026-04-21 16:16:29] INFO: [Socket] Connected: ef824feb-7931-4237-b328-b985473fbf2a
[2026-04-21 16:16:35] INFO: [Socket] Connected: a7f8f1a1-12fb-40bf-9d60-41840f890fd0
[2026-04-21 16:18:03] ERROR: Error: User not found
    at err (C:\Users\moham\Desktop\Alfa Project\Aman app\backend\src\modules\mobile_modules\users.service.js:4:39)
    at exports.getProfile (C:\Users\moham\Desktop\Alfa Project\Aman app\backend\src\modules\mobile_modules\users.service.js:28:20)
    at process.processTicksAndRejections (node:internal/process/task_queues:104:5)
    at async exports.getProfile (C:\Users\moham\Desktop\Alfa Project\Aman app\backend\src\controllers\mobile_controllers\users.controller.js:10:18)
[2026-04-21 16:19:24] INFO: [Socket] Disconnected: a7f8f1a1-12fb-40bf-9d60-41840f890fd0
[2026-04-21 16:19:34] INFO: [Socket] Connected: a7f8f1a1-12fb-40bf-9d60-41840f890fd0
[2026-04-21 16:20:43] INFO: [Socket] Disconnected: a7f8f1a1-12fb-40bf-9d60-41840f890fd0
[2026-04-21 16:20:48] INFO: [Socket] Disconnected: ef824feb-7931-4237-b328-b985473fbf2a
[2026-04-21 16:21:18] INFO: [DB] Sequelize connected to MySQL
[2026-04-21 16:21:18] INFO: [Migration] Already applied: drop ratings_ibfk_1
[2026-04-21 16:21:18] INFO: [Migration] Already applied: drop ratings_ibfk_2
[2026-04-21 16:21:18] INFO: [Migration] Already applied: drop pm_ibfk_1
[2026-04-21 16:21:18] INFO: [Migration] Already applied: drop pm_ibfk_2
[2026-04-21 16:21:18] INFO: [Migration] OK: ratings.rated_id nullable
[2026-04-21 16:21:18] INFO: [DB] All tables synced
[2026-04-21 16:21:18] INFO: Wisber backend running on port 3000
[2026-04-21 16:21:50] INFO: [Socket] Connected: ef824feb-7931-4237-b328-b985473fbf2a
[2026-04-21 16:21:52] INFO: [Socket] Connected: a7f8f1a1-12fb-40bf-9d60-41840f890fd0
[2026-04-21 16:39:54] ERROR: [MessageHandler] Failed to store pending message: Data truncated for column 'message_type' at row 1
[2026-04-21 16:40:13] ERROR: [MessageHandler] Failed to store pending message: Data truncated for column 'message_type' at row 1
[2026-04-21 16:40:58] INFO: [DB] Sequelize connected to MySQL
[2026-04-21 16:40:58] INFO: [Migration] Already applied: drop ratings_ibfk_1
[2026-04-21 16:40:58] INFO: [Migration] Already applied: drop ratings_ibfk_2
[2026-04-21 16:40:58] INFO: [Migration] Already applied: drop pm_ibfk_1
[2026-04-21 16:40:58] INFO: [Migration] Already applied: drop pm_ibfk_2
[2026-04-21 16:40:58] INFO: [Migration] OK: ratings.rated_id nullable
[2026-04-21 16:40:58] INFO: [DB] All tables synced
[2026-04-21 16:40:58] INFO: Wisber backend running on port 3000
[2026-04-21 16:41:00] INFO: [Socket] Connected: a7f8f1a1-12fb-40bf-9d60-41840f890fd0
[2026-04-21 16:41:00] INFO: [Socket] Connected: ef824feb-7931-4237-b328-b985473fbf2a
[2026-04-21 16:41:16] ERROR: Error: User not found
    at err (C:\Users\moham\Desktop\Alfa Project\Aman app\backend\src\modules\mobile_modules\users.service.js:4:39)
    at exports.getProfile (C:\Users\moham\Desktop\Alfa Project\Aman app\backend\src\modules\mobile_modules\users.service.js:28:20)
    at process.processTicksAndRejections (node:internal/process/task_queues:104:5)
    at async exports.getProfile (C:\Users\moham\Desktop\Alfa Project\Aman app\backend\src\controllers\mobile_controllers\users.controller.js:10:18)
[2026-04-21 16:42:21] INFO: [Socket] Disconnected: a7f8f1a1-12fb-40bf-9d60-41840f890fd0
[2026-04-21 16:42:34] INFO: [Socket] Disconnected: ef824feb-7931-4237-b328-b985473fbf2a
[2026-04-21 16:42:44] INFO: [Socket] Connected: ef824feb-7931-4237-b328-b985473fbf2a
[2026-04-21 16:42:47] INFO: [Socket] Connected: a7f8f1a1-12fb-40bf-9d60-41840f890fd0
[2026-04-21 16:43:43] ERROR: [MessageHandler] Failed to store pending message: Data truncated for column 'message_type' at row 1
[2026-04-21 16:43:53] ERROR: [MessageHandler] Failed to store pending message: Data truncated for column 'message_type' at row 1
[2026-04-21 16:44:08] ERROR: [MessageHandler] Failed to store pending message: Data truncated for column 'message_type' at row 1
[2026-04-21 16:48:55] INFO: [Socket] Disconnected: ef824feb-7931-4237-b328-b985473fbf2a
[2026-04-21 16:49:20] ERROR: [MessageHandler] Failed to store pending message: Data truncated for column 'message_type' at row 1
[2026-04-21 16:50:03] INFO: [Socket] Disconnected: a7f8f1a1-12fb-40bf-9d60-41840f890fd0
[2026-04-21 16:50:38] INFO: [DB] Sequelize connected to MySQL
[2026-04-21 16:50:38] INFO: [Migration] Already applied: drop ratings_ibfk_1
[2026-04-21 16:50:38] INFO: [Migration] Already applied: drop ratings_ibfk_2
[2026-04-21 16:50:38] INFO: [Migration] Already applied: drop pm_ibfk_1
[2026-04-21 16:50:38] INFO: [Migration] Already applied: drop pm_ibfk_2
[2026-04-21 16:50:38] INFO: [Migration] OK: ratings.rated_id nullable
[2026-04-21 16:50:38] INFO: [DB] All tables synced
[2026-04-21 16:50:38] INFO: Wisber backend running on port 3000
[2026-04-21 16:51:00] INFO: [Socket] Connected: ef824feb-7931-4237-b328-b985473fbf2a
[2026-04-21 16:51:00] INFO: [Socket] Connected: a7f8f1a1-12fb-40bf-9d60-41840f890fd0
[2026-04-21 16:51:50] ERROR: [MessageHandler] Failed to store pending message: Data truncated for column 'message_type' at row 1
[2026-04-21 16:58:52] INFO: [Socket] Disconnected: a7f8f1a1-12fb-40bf-9d60-41840f890fd0
[2026-04-21 16:59:23] INFO: [Socket] Connected: 7264f33b-9bbb-4800-8913-b8efee83065e
[2026-04-21 17:07:38] INFO: [Socket] Disconnected: ef824feb-7931-4237-b328-b985473fbf2a
[2026-04-21 17:08:08] INFO: [DB] Sequelize connected to MySQL
[2026-04-21 17:08:08] INFO: [Migration] Already applied: drop ratings_ibfk_1
[2026-04-21 17:08:08] INFO: [Migration] Already applied: drop ratings_ibfk_2
[2026-04-21 17:08:08] INFO: [Migration] Already applied: drop pm_ibfk_1
[2026-04-21 17:08:08] INFO: [Migration] Already applied: drop pm_ibfk_2
[2026-04-21 17:08:08] INFO: [Migration] OK: ratings.rated_id nullable
[2026-04-21 17:08:08] INFO: [DB] All tables synced
[2026-04-21 17:08:08] INFO: Wisber backend running on port 3000
[2026-04-21 17:08:09] INFO: [Socket] Connected: 7264f33b-9bbb-4800-8913-b8efee83065e
[2026-04-21 17:08:13] INFO: [Socket] Disconnected: 7264f33b-9bbb-4800-8913-b8efee83065e
[2026-04-21 17:08:16] INFO: [Socket] Connected: ef824feb-7931-4237-b328-b985473fbf2a
[2026-04-21 17:08:18] INFO: [Socket] Disconnected: ef824feb-7931-4237-b328-b985473fbf2a
[2026-04-21 17:08:26] INFO: [Socket] Connected: ef824feb-7931-4237-b328-b985473fbf2a
[2026-04-21 17:08:29] INFO: [Socket] Connected: 7264f33b-9bbb-4800-8913-b8efee83065e
[2026-04-21 17:08:43] ERROR: [MessageHandler] Failed to store pending message: Data truncated for column 'message_type' at row 1
[2026-04-21 17:40:36] ERROR: Error: User not found
    at err (C:\Users\moham\Desktop\Alfa Project\Aman app\backend\src\modules\mobile_modules\users.service.js:4:39)
    at exports.getProfile (C:\Users\moham\Desktop\Alfa Project\Aman app\backend\src\modules\mobile_modules\users.service.js:28:20)
    at process.processTicksAndRejections (node:internal/process/task_queues:104:5)
    at async exports.getProfile (C:\Users\moham\Desktop\Alfa Project\Aman app\backend\src\controllers\mobile_controllers\users.controller.js:10:18)
[2026-04-21 18:38:48] INFO: [Socket] Disconnected: ef824feb-7931-4237-b328-b985473fbf2a
[2026-04-21 18:42:36] INFO: [Socket] Connected: ef824feb-7931-4237-b328-b985473fbf2a
[2026-04-21 18:44:36] INFO: [Socket] Disconnected: ef824feb-7931-4237-b328-b985473fbf2a
[2026-04-21 18:51:52] INFO: [Socket] Connected: ef824feb-7931-4237-b328-b985473fbf2a
[2026-04-21 18:53:28] INFO: [Socket] Disconnected: ef824feb-7931-4237-b328-b985473fbf2a
[2026-04-21 21:03:12] INFO: [Socket] Connected: ef824feb-7931-4237-b328-b985473fbf2a
[2026-04-21 21:12:30] INFO: [Socket] Disconnected: ef824feb-7931-4237-b328-b985473fbf2a
[2026-04-21 21:12:40] INFO: [Socket] Connected: ef824feb-7931-4237-b328-b985473fbf2a
[2026-04-21 21:21:03] INFO: [Socket] Disconnected: ef824feb-7931-4237-b328-b985473fbf2a
[2026-04-21 21:21:16] INFO: [Socket] Connected: ef824feb-7931-4237-b328-b985473fbf2a
[2026-04-21 21:24:10] INFO: [Socket] Disconnected: ef824feb-7931-4237-b328-b985473fbf2a
[2026-04-21 21:24:17] INFO: [Socket] Connected: ef824feb-7931-4237-b328-b985473fbf2a
[2026-04-22 07:23:12] INFO: [DB] Sequelize connected to MySQL
[2026-04-22 07:23:12] INFO: [Migration] Already applied: drop ratings_ibfk_1
[2026-04-22 07:23:12] INFO: [Migration] Already applied: drop ratings_ibfk_2
[2026-04-22 07:23:12] INFO: [Migration] Already applied: drop pm_ibfk_1
[2026-04-22 07:23:12] INFO: [Migration] Already applied: drop pm_ibfk_2
[2026-04-22 07:23:12] INFO: [Migration] OK: ratings.rated_id nullable
[2026-04-22 07:23:12] INFO: [DB] All tables synced
[2026-04-22 07:23:12] INFO: Wisber backend running on port 3000
[2026-04-22 07:23:31] INFO: [Socket] Connected: ef824feb-7931-4237-b328-b985473fbf2a
[2026-04-22 07:25:56] INFO: [Socket] Disconnected: ef824feb-7931-4237-b328-b985473fbf2a
[2026-04-22 07:27:40] INFO: [Socket] Connected: ef824feb-7931-4237-b328-b985473fbf2a
[2026-04-22 07:28:25] INFO: [Socket] Disconnected: ef824feb-7931-4237-b328-b985473fbf2a
[2026-04-22 07:29:59] INFO: [Socket] Connected: ef824feb-7931-4237-b328-b985473fbf2a
[2026-04-22 07:42:39] INFO: [Socket] Disconnected: ef824feb-7931-4237-b328-b985473fbf2a
[2026-04-22 08:02:58] INFO: [Socket] Connected: ef824feb-7931-4237-b328-b985473fbf2a
[2026-04-22 08:03:20] INFO: [Socket] Disconnected: ef824feb-7931-4237-b328-b985473fbf2a
[2026-04-22 08:03:29] INFO: [Socket] Connected: ef824feb-7931-4237-b328-b985473fbf2a
[2026-04-22 08:40:48] INFO: [Socket] Disconnected: ef824feb-7931-4237-b328-b985473fbf2a
[2026-04-22 08:40:58] INFO: [Socket] Connected: ef824feb-7931-4237-b328-b985473fbf2a
[2026-04-22 08:41:41] INFO: [Socket] Disconnected: ef824feb-7931-4237-b328-b985473fbf2a
[2026-04-22 08:41:50] INFO: [Socket] Connected: ef824feb-7931-4237-b328-b985473fbf2a
[2026-04-22 08:42:41] INFO: [Socket] Connected: 7264f33b-9bbb-4800-8913-b8efee83065e
[2026-04-22 08:42:45] INFO: [Socket] Disconnected: 7264f33b-9bbb-4800-8913-b8efee83065e
[2026-04-22 08:42:56] INFO: [Socket] Connected: 7264f33b-9bbb-4800-8913-b8efee83065e
[2026-04-22 08:53:47] INFO: [Socket] Disconnected: 7264f33b-9bbb-4800-8913-b8efee83065e
[2026-04-22 08:53:55] INFO: [Socket] Disconnected: ef824feb-7931-4237-b328-b985473fbf2a
[2026-04-22 08:53:57] INFO: [Socket] Connected: 7264f33b-9bbb-4800-8913-b8efee83065e
[2026-04-22 08:54:08] INFO: [Socket] Connected: ef824feb-7931-4237-b328-b985473fbf2a
[2026-04-22 08:54:20] INFO: [Socket] Disconnected: 7264f33b-9bbb-4800-8913-b8efee83065e
[2026-04-22 08:54:28] INFO: [Socket] Connected: 7264f33b-9bbb-4800-8913-b8efee83065e
[2026-04-22 08:58:09] INFO: [DB] Sequelize connected to MySQL
[2026-04-22 08:58:09] INFO: [Migration] Already applied: drop ratings_ibfk_1
[2026-04-22 08:58:09] INFO: [Migration] Already applied: drop ratings_ibfk_2
[2026-04-22 08:58:09] INFO: [Migration] Already applied: drop pm_ibfk_1
[2026-04-22 08:58:09] INFO: [Migration] Already applied: drop pm_ibfk_2
[2026-04-22 08:58:09] INFO: [Migration] OK: ratings.rated_id nullable
[2026-04-22 08:58:09] INFO: [DB] All tables synced
[2026-04-22 08:58:09] INFO: Wisber backend running on port 3000
[2026-04-22 08:58:10] INFO: [Socket] Connected: ef824feb-7931-4237-b328-b985473fbf2a
[2026-04-22 08:58:10] INFO: [Socket] Connected: 7264f33b-9bbb-4800-8913-b8efee83065e
[2026-04-22 08:58:14] INFO: [DB] Sequelize connected to MySQL
[2026-04-22 08:58:14] INFO: [Migration] Already applied: drop ratings_ibfk_1
[2026-04-22 08:58:14] INFO: [Migration] Already applied: drop ratings_ibfk_2
[2026-04-22 08:58:14] INFO: [Migration] Already applied: drop pm_ibfk_1
[2026-04-22 08:58:14] INFO: [Migration] Already applied: drop pm_ibfk_2
[2026-04-22 08:58:14] INFO: [Migration] OK: ratings.rated_id nullable
[2026-04-22 08:58:14] INFO: [DB] All tables synced
[2026-04-22 08:58:14] INFO: Wisber backend running on port 3000
[2026-04-22 08:58:14] INFO: [Socket] Connected: 7264f33b-9bbb-4800-8913-b8efee83065e
[2026-04-22 08:58:15] INFO: [Socket] Connected: ef824feb-7931-4237-b328-b985473fbf2a
[2026-04-22 08:58:20] INFO: [DB] Sequelize connected to MySQL
[2026-04-22 08:58:20] INFO: [Migration] Already applied: drop ratings_ibfk_1
[2026-04-22 08:58:20] INFO: [Migration] Already applied: drop ratings_ibfk_2
[2026-04-22 08:58:20] INFO: [Migration] Already applied: drop pm_ibfk_1
[2026-04-22 08:58:20] INFO: [Migration] Already applied: drop pm_ibfk_2
[2026-04-22 08:58:20] INFO: [Migration] OK: ratings.rated_id nullable
[2026-04-22 08:58:20] INFO: [DB] All tables synced
[2026-04-22 08:58:20] INFO: Wisber backend running on port 3000
[2026-04-22 08:58:20] INFO: [Socket] Connected: ef824feb-7931-4237-b328-b985473fbf2a
[2026-04-22 08:58:21] INFO: [Socket] Connected: 7264f33b-9bbb-4800-8913-b8efee83065e
[2026-04-22 08:58:26] INFO: [DB] Sequelize connected to MySQL
[2026-04-22 08:58:26] INFO: [Migration] Already applied: drop ratings_ibfk_1
[2026-04-22 08:58:26] INFO: [Migration] Already applied: drop ratings_ibfk_2
[2026-04-22 08:58:26] INFO: [Migration] Already applied: drop pm_ibfk_1
[2026-04-22 08:58:26] INFO: [Migration] Already applied: drop pm_ibfk_2
[2026-04-22 08:58:26] INFO: [Migration] OK: ratings.rated_id nullable
[2026-04-22 08:58:26] INFO: [DB] All tables synced
[2026-04-22 08:58:26] INFO: Wisber backend running on port 3000
[2026-04-22 08:58:26] INFO: [Socket] Connected: ef824feb-7931-4237-b328-b985473fbf2a
[2026-04-22 08:58:27] INFO: [Socket] Connected: 7264f33b-9bbb-4800-8913-b8efee83065e
[2026-04-22 09:01:25] INFO: [Socket] Disconnected: 7264f33b-9bbb-4800-8913-b8efee83065e
[2026-04-22 09:01:31] INFO: [Socket] Connected: 7264f33b-9bbb-4800-8913-b8efee83065e
[2026-04-22 09:04:54] INFO: [Socket] Disconnected: ef824feb-7931-4237-b328-b985473fbf2a
[2026-04-22 09:05:20] ERROR: Error: Invalid phone or password
    at err (C:\Users\moham\Desktop\Alfa Project\Aman app\backend\src\modules\mobile_modules\auth.service.js:19:46)
    at exports.login (C:\Users\moham\Desktop\Alfa Project\Aman app\backend\src\modules\mobile_modules\auth.service.js:130:67)
    at async exports.login (C:\Users\moham\Desktop\Alfa Project\Aman app\backend\src\controllers\mobile_controllers\auth.controller.js:19:18)
[2026-04-22 09:05:32] INFO: [Socket] Connected: ef824feb-7931-4237-b328-b985473fbf2a
[2026-04-22 09:06:13] INFO: [Socket] Disconnected: ef824feb-7931-4237-b328-b985473fbf2a
[2026-04-22 09:07:24] INFO: [Socket] Disconnected: 7264f33b-9bbb-4800-8913-b8efee83065e
[2026-04-22 09:08:12] INFO: [Socket] Connected: ef824feb-7931-4237-b328-b985473fbf2a
[2026-04-22 09:10:01] ERROR: Error: Invalid phone or password
    at err (C:\Users\moham\Desktop\Alfa Project\Aman app\backend\src\modules\mobile_modules\auth.service.js:19:46)
    at exports.login (C:\Users\moham\Desktop\Alfa Project\Aman app\backend\src\modules\mobile_modules\auth.service.js:130:67)
    at async exports.login (C:\Users\moham\Desktop\Alfa Project\Aman app\backend\src\controllers\mobile_controllers\auth.controller.js:19:18)
[2026-04-22 09:11:00] INFO: [Socket] Connected: 7264f33b-9bbb-4800-8913-b8efee83065e
[2026-04-22 09:11:10] INFO: [DB] Sequelize connected to MySQL
[2026-04-22 09:11:10] INFO: [Migration] Already applied: drop ratings_ibfk_1
[2026-04-22 09:11:10] INFO: [Migration] Already applied: drop ratings_ibfk_2
[2026-04-22 09:11:10] INFO: [Migration] Already applied: drop pm_ibfk_1
[2026-04-22 09:11:10] INFO: [Migration] Already applied: drop pm_ibfk_2
[2026-04-22 09:11:10] INFO: [Migration] OK: ratings.rated_id nullable
[2026-04-22 09:11:10] INFO: [DB] All tables synced
[2026-04-22 09:11:10] INFO: Wisber backend running on port 3000
[2026-04-22 09:11:11] INFO: [Socket] Connected: 7264f33b-9bbb-4800-8913-b8efee83065e
[2026-04-22 09:11:11] INFO: [Socket] Connected: ef824feb-7931-4237-b328-b985473fbf2a
[2026-04-22 09:15:42] INFO: [DB] Sequelize connected to MySQL
[2026-04-22 09:15:42] INFO: [Migration] Already applied: drop ratings_ibfk_1
[2026-04-22 09:15:42] INFO: [Migration] Already applied: drop ratings_ibfk_2
[2026-04-22 09:15:42] INFO: [Migration] Already applied: drop pm_ibfk_1
[2026-04-22 09:15:42] INFO: [Migration] Already applied: drop pm_ibfk_2
[2026-04-22 09:15:42] INFO: [Migration] OK: ratings.rated_id nullable
[2026-04-22 09:15:42] INFO: [DB] All tables synced
[2026-04-22 09:15:42] INFO: Wisber backend running on port 3000
[2026-04-22 09:15:43] INFO: [Socket] Connected: 7264f33b-9bbb-4800-8913-b8efee83065e
[2026-04-22 09:15:43] INFO: [Socket] Connected: ef824feb-7931-4237-b328-b985473fbf2a
[2026-04-22 09:17:14] INFO: [Socket] Disconnected: ef824feb-7931-4237-b328-b985473fbf2a
[2026-04-22 09:17:23] INFO: [Socket] Connected: ef824feb-7931-4237-b328-b985473fbf2a
[2026-04-22 09:23:15] INFO: [Socket] Disconnected: 7264f33b-9bbb-4800-8913-b8efee83065e
[2026-04-22 09:23:21] INFO: [Socket] Connected: 7264f33b-9bbb-4800-8913-b8efee83065e
[2026-04-22 09:29:38] INFO: [DB] Sequelize connected to MySQL
[2026-04-22 09:29:38] INFO: [Migration] Already applied: drop ratings_ibfk_1
[2026-04-22 09:29:38] INFO: [Migration] Already applied: drop ratings_ibfk_2
[2026-04-22 09:29:38] INFO: [Migration] Already applied: drop pm_ibfk_1
[2026-04-22 09:29:38] INFO: [Migration] Already applied: drop pm_ibfk_2
[2026-04-22 09:29:38] INFO: [Migration] OK: ratings.rated_id nullable
[2026-04-22 09:29:38] INFO: [DB] All tables synced
[2026-04-22 09:29:38] INFO: Wisber backend running on port 3000
[2026-04-22 09:29:39] INFO: [Socket] Connected: ef824feb-7931-4237-b328-b985473fbf2a
[2026-04-22 09:29:39] INFO: [Socket] Connected: 7264f33b-9bbb-4800-8913-b8efee83065e
[2026-04-22 09:29:41] INFO: [DB] Sequelize connected to MySQL
[2026-04-22 09:29:41] INFO: [Migration] Already applied: drop ratings_ibfk_1
[2026-04-22 09:29:41] INFO: [Migration] Already applied: drop ratings_ibfk_2
[2026-04-22 09:29:41] INFO: [Migration] Already applied: drop pm_ibfk_1
[2026-04-22 09:29:41] INFO: [Migration] Already applied: drop pm_ibfk_2
[2026-04-22 09:29:41] INFO: [Migration] OK: ratings.rated_id nullable
[2026-04-22 09:29:41] INFO: [DB] All tables synced
[2026-04-22 09:29:41] INFO: Wisber backend running on port 3000
[2026-04-22 09:29:42] INFO: [Socket] Connected: 7264f33b-9bbb-4800-8913-b8efee83065e
[2026-04-22 09:29:42] INFO: [Socket] Connected: ef824feb-7931-4237-b328-b985473fbf2a
[2026-04-22 09:29:48] INFO: [DB] Sequelize connected to MySQL
[2026-04-22 09:29:48] INFO: [Migration] Already applied: drop ratings_ibfk_1
[2026-04-22 09:29:48] INFO: [Migration] Already applied: drop ratings_ibfk_2
[2026-04-22 09:29:48] INFO: [Migration] Already applied: drop pm_ibfk_1
[2026-04-22 09:29:48] INFO: [Migration] Already applied: drop pm_ibfk_2
[2026-04-22 09:29:48] INFO: [Migration] OK: ratings.rated_id nullable
[2026-04-22 09:29:48] INFO: [DB] All tables synced
[2026-04-22 09:29:48] INFO: Wisber backend running on port 3000
[2026-04-22 09:29:49] INFO: [Socket] Connected: ef824feb-7931-4237-b328-b985473fbf2a
[2026-04-22 09:29:49] INFO: [Socket] Connected: 7264f33b-9bbb-4800-8913-b8efee83065e
[2026-04-22 09:40:37] INFO: [Socket] Disconnected: ef824feb-7931-4237-b328-b985473fbf2a
[2026-04-22 09:44:22] INFO: [DB] Sequelize connected to MySQL
[2026-04-22 09:44:22] INFO: [Migration] Already applied: drop ratings_ibfk_1
[2026-04-22 09:44:22] INFO: [Migration] Already applied: drop ratings_ibfk_2
[2026-04-22 09:44:22] INFO: [Migration] Already applied: drop pm_ibfk_1
[2026-04-22 09:44:22] INFO: [Migration] Already applied: drop pm_ibfk_2
[2026-04-22 09:44:22] INFO: [Migration] OK: ratings.rated_id nullable
[2026-04-22 09:44:22] INFO: [DB] All tables synced
[2026-04-22 09:44:22] INFO: Wisber backend running on port 3000
[2026-04-22 09:44:23] INFO: [Socket] Connected: 7264f33b-9bbb-4800-8913-b8efee83065e
[2026-04-22 09:44:26] INFO: [Socket] Connected: ef824feb-7931-4237-b328-b985473fbf2a
[2026-04-22 09:44:28] INFO: [Socket] Disconnected: ef824feb-7931-4237-b328-b985473fbf2a
[2026-04-22 09:45:11] INFO: [Socket] Connected: ef824feb-7931-4237-b328-b985473fbf2a
[2026-04-22 09:50:27] INFO: [Socket] Connected: ef824feb-7931-4237-b328-b985473fbf2a
[2026-04-22 09:50:51] INFO: [Socket] Connected: ef824feb-7931-4237-b328-b985473fbf2a
[2026-04-22 09:51:08] INFO: [DB] Sequelize connected to MySQL
[2026-04-22 09:51:08] INFO: [Migration] Already applied: drop ratings_ibfk_1
[2026-04-22 09:51:08] INFO: [Migration] Already applied: drop ratings_ibfk_2
[2026-04-22 09:51:08] INFO: [Migration] Already applied: drop pm_ibfk_1
[2026-04-22 09:51:08] INFO: [Migration] Already applied: drop pm_ibfk_2
[2026-04-22 09:51:08] INFO: [Migration] OK: ratings.rated_id nullable
[2026-04-22 09:51:08] INFO: [DB] All tables synced
[2026-04-22 09:51:08] INFO: Wisber backend running on port 3000
[2026-04-22 09:51:08] INFO: [Socket] Connected: ef824feb-7931-4237-b328-b985473fbf2a
[2026-04-22 09:51:09] INFO: [Socket] Connected: ef824feb-7931-4237-b328-b985473fbf2a
[2026-04-22 09:51:09] INFO: [Socket] Connected: 7264f33b-9bbb-4800-8913-b8efee83065e
[2026-04-22 09:51:09] INFO: [Socket] Connected: ef824feb-7931-4237-b328-b985473fbf2a
[2026-04-22 09:51:13] INFO: [DB] Sequelize connected to MySQL
[2026-04-22 09:51:13] INFO: [Migration] Already applied: drop ratings_ibfk_1
[2026-04-22 09:51:13] INFO: [Migration] Already applied: drop ratings_ibfk_2
[2026-04-22 09:51:13] INFO: [Migration] Already applied: drop pm_ibfk_1
[2026-04-22 09:51:13] INFO: [Migration] Already applied: drop pm_ibfk_2
[2026-04-22 09:51:13] INFO: [Migration] OK: ratings.rated_id nullable
[2026-04-22 09:51:13] INFO: [DB] All tables synced
[2026-04-22 09:51:13] INFO: Wisber backend running on port 3000
[2026-04-22 09:51:14] INFO: [Socket] Connected: 7264f33b-9bbb-4800-8913-b8efee83065e
[2026-04-22 09:51:14] INFO: [Socket] Connected: ef824feb-7931-4237-b328-b985473fbf2a
[2026-04-22 09:51:14] INFO: [Socket] Connected: ef824feb-7931-4237-b328-b985473fbf2a
[2026-04-22 09:51:14] INFO: [Socket] Connected: ef824feb-7931-4237-b328-b985473fbf2a
[2026-04-22 09:51:43] INFO: [Socket] Disconnected: 7264f33b-9bbb-4800-8913-b8efee83065e
[2026-04-22 09:51:49] INFO: [Socket] Connected: 7264f33b-9bbb-4800-8913-b8efee83065e
[2026-04-22 09:55:10] INFO: [Socket] Disconnected: ef824feb-7931-4237-b328-b985473fbf2a
[2026-04-22 09:55:35] INFO: [DB] Sequelize connected to MySQL
[2026-04-22 09:55:35] INFO: [Migration] Already applied: drop ratings_ibfk_1
[2026-04-22 09:55:35] INFO: [Migration] Already applied: drop ratings_ibfk_2
[2026-04-22 09:55:35] INFO: [Migration] Already applied: drop pm_ibfk_1
[2026-04-22 09:55:35] INFO: [Migration] Already applied: drop pm_ibfk_2
[2026-04-22 09:55:35] INFO: [Migration] OK: ratings.rated_id nullable
[2026-04-22 09:55:35] INFO: [DB] All tables synced
[2026-04-22 09:55:35] INFO: Wisber backend running on port 3000
[2026-04-22 09:55:35] INFO: [Socket] Connected: ef824feb-7931-4237-b328-b985473fbf2a
[2026-04-22 09:55:36] INFO: [Socket] Connected: ef824feb-7931-4237-b328-b985473fbf2a
[2026-04-22 09:55:39] INFO: [Socket] Connected: 7264f33b-9bbb-4800-8913-b8efee83065e
[2026-04-22 09:55:42] INFO: [Socket] Disconnected: 7264f33b-9bbb-4800-8913-b8efee83065e
[2026-04-22 09:55:44] INFO: [Socket] Disconnected: ef824feb-7931-4237-b328-b985473fbf2a
[2026-04-22 09:55:44] INFO: [Socket] Disconnected: ef824feb-7931-4237-b328-b985473fbf2a
[2026-04-22 09:56:03] INFO: [Socket] Connected: 7264f33b-9bbb-4800-8913-b8efee83065e
[2026-04-22 09:56:18] INFO: [Socket] Disconnected: 7264f33b-9bbb-4800-8913-b8efee83065e
[2026-04-22 09:56:43] INFO: [Socket] Connected: ef824feb-7931-4237-b328-b985473fbf2a
[2026-04-22 10:02:39] INFO: [Socket] Connected: ef824feb-7931-4237-b328-b985473fbf2a
[2026-04-22 10:03:36] INFO: [Socket] Disconnected: ef824feb-7931-4237-b328-b985473fbf2a
[2026-04-22 10:05:10] INFO: [Socket] Connected: 7264f33b-9bbb-4800-8913-b8efee83065e
[2026-04-22 10:09:10] INFO: [Socket] Disconnected: 7264f33b-9bbb-4800-8913-b8efee83065e
[2026-04-22 10:09:50] INFO: [Socket] Connected: 7264f33b-9bbb-4800-8913-b8efee83065e
[2026-04-22 10:10:14] ERROR: Error: User not found
    at err (C:\Users\moham\Desktop\Alfa Project\Aman app\backend\src\modules\mobile_modules\users.service.js:4:39)
    at exports.getProfile (C:\Users\moham\Desktop\Alfa Project\Aman app\backend\src\modules\mobile_modules\users.service.js:28:20)
    at process.processTicksAndRejections (node:internal/process/task_queues:104:5)
    at async exports.getProfile (C:\Users\moham\Desktop\Alfa Project\Aman app\backend\src\controllers\mobile_controllers\users.controller.js:11:18)
[2026-04-22 10:11:09] INFO: [Socket] Disconnected: ef824feb-7931-4237-b328-b985473fbf2a
[2026-04-22 10:11:14] INFO: [Socket] Connected: ef824feb-7931-4237-b328-b985473fbf2a
[2026-04-22 10:11:14] INFO: [Socket] Delivered 2 pending message(s) to ef824feb-7931-4237-b328-b985473fbf2a
[2026-04-22 10:12:52] INFO: [Socket] Disconnected: 7264f33b-9bbb-4800-8913-b8efee83065e
[2026-04-22 10:13:26] INFO: [Socket] Connected: 7264f33b-9bbb-4800-8913-b8efee83065e
[2026-04-22 10:15:19] ERROR: [MessageHandler] Failed to store pending message: Data truncated for column 'message_type' at row 1
[2026-04-22 10:20:02] INFO: [Socket] Disconnected: 7264f33b-9bbb-4800-8913-b8efee83065e
[2026-04-22 10:22:45] INFO: [Socket] Connected: 7264f33b-9bbb-4800-8913-b8efee83065e
[2026-04-22 10:23:55] INFO: [Socket] Disconnected: 7264f33b-9bbb-4800-8913-b8efee83065e
[2026-04-22 10:28:43] INFO: [Socket] Connected: 7264f33b-9bbb-4800-8913-b8efee83065e
[2026-04-22 11:06:52] INFO: [Socket] Disconnected: 7264f33b-9bbb-4800-8913-b8efee83065e
[2026-04-22 11:32:14] INFO: [Socket] Connected: 7264f33b-9bbb-4800-8913-b8efee83065e
[2026-04-22 11:32:18] INFO: [Socket] Disconnected: 7264f33b-9bbb-4800-8913-b8efee83065e
[2026-04-22 11:32:28] INFO: [Socket] Connected: 7264f33b-9bbb-4800-8913-b8efee83065e
[2026-04-22 12:02:46] INFO: [Socket] Disconnected: 7264f33b-9bbb-4800-8913-b8efee83065e
[2026-04-22 12:02:56] INFO: [Socket] Connected: 7264f33b-9bbb-4800-8913-b8efee83065e
[2026-04-22 12:09:42] INFO: [DB] Sequelize connected to MySQL
[2026-04-22 12:09:42] INFO: [Migration] Already applied: drop ratings_ibfk_1
[2026-04-22 12:09:42] INFO: [Migration] Already applied: drop ratings_ibfk_2
[2026-04-22 12:09:42] INFO: [Migration] Already applied: drop pm_ibfk_1
[2026-04-22 12:09:42] INFO: [Migration] Already applied: drop pm_ibfk_2
[2026-04-22 12:09:42] INFO: [Migration] OK: ratings.rated_id nullable
[2026-04-22 12:09:42] INFO: [DB] All tables synced
[2026-04-22 12:09:42] INFO: Wisber backend running on port 3000
[2026-04-22 12:09:42] INFO: [Socket] Connected: ef824feb-7931-4237-b328-b985473fbf2a
[2026-04-22 12:09:42] INFO: [Socket] Connected: 7264f33b-9bbb-4800-8913-b8efee83065e
[2026-04-22 12:09:53] INFO: [Socket] Disconnected: 7264f33b-9bbb-4800-8913-b8efee83065e
[2026-04-22 12:09:58] INFO: [Socket] Disconnected: ef824feb-7931-4237-b328-b985473fbf2a
[2026-04-22 12:10:06] INFO: [Socket] Connected: 7264f33b-9bbb-4800-8913-b8efee83065e
[2026-04-22 12:10:08] INFO: [Socket] Connected: ef824feb-7931-4237-b328-b985473fbf2a
[2026-04-22 12:11:47] ERROR: [MessageHandler] Failed to store pending message: Data truncated for column 'message_type' at row 1
[2026-04-22 12:16:31] INFO: [Socket] Disconnected: 7264f33b-9bbb-4800-8913-b8efee83065e
[2026-04-22 12:16:35] INFO: [Socket] Disconnected: ef824feb-7931-4237-b328-b985473fbf2a
[2026-04-22 12:16:51] INFO: [Socket] Connected: 7264f33b-9bbb-4800-8913-b8efee83065e
[2026-04-22 12:16:53] INFO: [Socket] Connected: ef824feb-7931-4237-b328-b985473fbf2a
[2026-04-22 12:21:33] ERROR: [MessageHandler] Failed to store pending message: Data truncated for column 'message_type' at row 1
[2026-04-22 12:21:45] ERROR: [MessageHandler] Failed to store pending message: Data truncated for column 'message_type' at row 1
[2026-04-22 12:22:42] INFO: [Socket] Disconnected: 7264f33b-9bbb-4800-8913-b8efee83065e
[2026-04-22 12:22:48] INFO: [Socket] Connected: 7264f33b-9bbb-4800-8913-b8efee83065e
[2026-04-22 12:23:20] INFO: [Socket] Disconnected: 7264f33b-9bbb-4800-8913-b8efee83065e
[2026-04-22 12:23:26] INFO: [Socket] Connected: 7264f33b-9bbb-4800-8913-b8efee83065e
[2026-04-22 12:24:01] INFO: [Socket] Disconnected: ef824feb-7931-4237-b328-b985473fbf2a
[2026-04-22 12:24:11] INFO: [Socket] Connected: ef824feb-7931-4237-b328-b985473fbf2a
[2026-04-22 12:30:34] INFO: [DB] Sequelize connected to MySQL
[2026-04-22 12:30:34] INFO: [Migration] Already applied: drop ratings_ibfk_1
[2026-04-22 12:30:34] INFO: [Migration] Already applied: drop ratings_ibfk_2
[2026-04-22 12:30:34] INFO: [Migration] Already applied: drop pm_ibfk_1
[2026-04-22 12:30:34] INFO: [Migration] Already applied: drop pm_ibfk_2
[2026-04-22 12:30:34] INFO: [Migration] OK: ratings.rated_id nullable
[2026-04-22 12:30:34] INFO: [DB] All tables synced
[2026-04-22 12:30:34] INFO: Wisber backend running on port 3000
[2026-04-22 12:30:35] INFO: [Socket] Connected: 7264f33b-9bbb-4800-8913-b8efee83065e
[2026-04-22 12:30:35] INFO: [Socket] Connected: ef824feb-7931-4237-b328-b985473fbf2a
[2026-04-22 12:33:54] INFO: [Socket] Disconnected: ef824feb-7931-4237-b328-b985473fbf2a
[2026-04-22 12:35:07] INFO: [Socket] Connected: ef824feb-7931-4237-b328-b985473fbf2a
[2026-04-22 12:35:20] INFO: [Socket] Disconnected: 7264f33b-9bbb-4800-8913-b8efee83065e
[2026-04-22 12:40:32] INFO: [Socket] Connected: a7f8f1a1-12fb-40bf-9d60-41840f890fd0
[2026-04-22 12:40:32] INFO: [Socket] Delivered 4 pending message(s) to a7f8f1a1-12fb-40bf-9d60-41840f890fd0
[2026-04-22 12:42:38] INFO: [Socket] Disconnected: ef824feb-7931-4237-b328-b985473fbf2a
[2026-04-22 12:43:41] INFO: [Socket] Connected: ef824feb-7931-4237-b328-b985473fbf2a
[2026-04-22 12:44:46] INFO: [Socket] Disconnected: a7f8f1a1-12fb-40bf-9d60-41840f890fd0
[2026-04-22 12:45:12] INFO: [Socket] Connected: a7f8f1a1-12fb-40bf-9d60-41840f890fd0
[2026-04-22 12:46:17] INFO: [Socket] Disconnected: ef824feb-7931-4237-b328-b985473fbf2a
[2026-04-22 12:47:29] INFO: [Socket] Connected: ef824feb-7931-4237-b328-b985473fbf2a
[2026-04-22 12:48:37] INFO: [Socket] Disconnected: a7f8f1a1-12fb-40bf-9d60-41840f890fd0
[2026-04-22 12:48:44] INFO: [Socket] Connected: a7f8f1a1-12fb-40bf-9d60-41840f890fd0
[2026-04-22 12:49:46] INFO: [Socket] Disconnected: a7f8f1a1-12fb-40bf-9d60-41840f890fd0
[2026-04-22 12:49:52] INFO: [Socket] Connected: a7f8f1a1-12fb-40bf-9d60-41840f890fd0
[2026-04-22 12:52:16] INFO: [Socket] Disconnected: ef824feb-7931-4237-b328-b985473fbf2a
[2026-04-22 12:53:22] INFO: [Socket] Connected: ef824feb-7931-4237-b328-b985473fbf2a
[2026-04-22 12:55:38] INFO: [Socket] Disconnected: a7f8f1a1-12fb-40bf-9d60-41840f890fd0
[2026-04-22 12:56:00] INFO: [Socket] Connected: a7f8f1a1-12fb-40bf-9d60-41840f890fd0
[2026-04-22 12:58:00] INFO: [Socket] Disconnected: a7f8f1a1-12fb-40bf-9d60-41840f890fd0
[2026-04-22 12:59:34] INFO: [Socket] Connected: a7f8f1a1-12fb-40bf-9d60-41840f890fd0
[2026-04-22 13:00:18] INFO: [Socket] Disconnected: a7f8f1a1-12fb-40bf-9d60-41840f890fd0
[2026-04-22 13:17:09] INFO: [Socket] Connected: a7f8f1a1-12fb-40bf-9d60-41840f890fd0
[2026-04-22 13:42:55] INFO: [Socket] Disconnected: a7f8f1a1-12fb-40bf-9d60-41840f890fd0
[2026-04-22 13:51:23] INFO: [Socket] Connected: a7f8f1a1-12fb-40bf-9d60-41840f890fd0
[2026-04-22 13:51:58] INFO: [Socket] Disconnected: a7f8f1a1-12fb-40bf-9d60-41840f890fd0
[2026-04-22 13:52:56] INFO: [Socket] Disconnected: ef824feb-7931-4237-b328-b985473fbf2a
[2026-04-22 13:53:09] INFO: [Socket] Connected: ef824feb-7931-4237-b328-b985473fbf2a
[2026-04-22 13:53:10] INFO: [Socket] Connected: a7f8f1a1-12fb-40bf-9d60-41840f890fd0
[2026-04-22 13:57:24] INFO: [Socket] Disconnected: a7f8f1a1-12fb-40bf-9d60-41840f890fd0
[2026-04-22 13:57:31] INFO: [Socket] Connected: a7f8f1a1-12fb-40bf-9d60-41840f890fd0
[2026-04-22 14:14:51] INFO: [Socket] Disconnected: a7f8f1a1-12fb-40bf-9d60-41840f890fd0
[2026-04-22 14:15:01] INFO: [Socket] Connected: a7f8f1a1-12fb-40bf-9d60-41840f890fd0
[2026-04-22 14:18:05] INFO: [Socket] Disconnected: ef824feb-7931-4237-b328-b985473fbf2a
[2026-04-22 14:18:20] INFO: [Socket] Connected: ef824feb-7931-4237-b328-b985473fbf2a
[2026-04-22 14:21:11] INFO: [Socket] Disconnected: a7f8f1a1-12fb-40bf-9d60-41840f890fd0
[2026-04-22 14:23:01] INFO: [Socket] Connected: a7f8f1a1-12fb-40bf-9d60-41840f890fd0
[2026-04-22 14:56:29] INFO: [Socket] Disconnected: a7f8f1a1-12fb-40bf-9d60-41840f890fd0
[2026-04-22 14:57:09] INFO: [Socket] Connected: a7f8f1a1-12fb-40bf-9d60-41840f890fd0
[2026-04-22 15:03:36] INFO: [Socket] Disconnected: a7f8f1a1-12fb-40bf-9d60-41840f890fd0
[2026-04-22 18:55:15] INFO: [Socket] Disconnected: ef824feb-7931-4237-b328-b985473fbf2a
[2026-04-22 19:34:56] INFO: [Socket] Connected: ef824feb-7931-4237-b328-b985473fbf2a
[2026-04-22 19:34:57] INFO: [Socket] Disconnected: ef824feb-7931-4237-b328-b985473fbf2a
[2026-04-22 19:35:06] INFO: [Socket] Connected: ef824feb-7931-4237-b328-b985473fbf2a
[2026-04-22 19:37:41] INFO: [DB] Sequelize connected to MySQL
[2026-04-22 19:37:41] INFO: [Migration] Already applied: drop ratings_ibfk_1
[2026-04-22 19:37:41] INFO: [Migration] Already applied: drop ratings_ibfk_2
[2026-04-22 19:37:41] INFO: [Migration] Already applied: drop pm_ibfk_1
[2026-04-22 19:37:41] INFO: [Migration] Already applied: drop pm_ibfk_2
[2026-04-22 19:37:41] INFO: [Migration] OK: ratings.rated_id nullable
[2026-04-22 19:37:41] INFO: [DB] All tables synced
[2026-04-22 19:37:41] INFO: Wisber backend running on port 3000
[2026-04-22 19:37:45] INFO: [Socket] Connected: ef824feb-7931-4237-b328-b985473fbf2a
[2026-04-22 20:02:27] INFO: [Socket] Connected: a7f8f1a1-12fb-40bf-9d60-41840f890fd0
[2026-04-22 20:02:27] INFO: [Socket] Delivered 1 pending message(s) to a7f8f1a1-12fb-40bf-9d60-41840f890fd0
[2026-04-22 20:08:51] INFO: [Socket] Disconnected: ef824feb-7931-4237-b328-b985473fbf2a
[2026-04-22 20:08:58] INFO: [Socket] Connected: ef824feb-7931-4237-b328-b985473fbf2a
[2026-04-22 20:11:45] INFO: [Socket] Disconnected: a7f8f1a1-12fb-40bf-9d60-41840f890fd0
[2026-04-22 21:01:45] INFO: [DB] Sequelize connected to MySQL
[2026-04-22 21:01:45] INFO: [Migration] Already applied: drop ratings_ibfk_1
[2026-04-22 21:01:45] INFO: [Migration] Already applied: drop ratings_ibfk_2
[2026-04-22 21:01:45] INFO: [Migration] Already applied: drop pm_ibfk_1
[2026-04-22 21:01:45] INFO: [Migration] Already applied: drop pm_ibfk_2
[2026-04-22 21:01:45] INFO: [Migration] OK: ratings.rated_id nullable
[2026-04-22 21:01:45] INFO: [DB] All tables synced
[2026-04-22 21:01:45] INFO: Wisber backend running on port 3000
[2026-04-23 08:17:32] INFO: [DB] Sequelize connected to MySQL
[2026-04-23 08:17:32] INFO: [Migration] Already applied: drop ratings_ibfk_1
[2026-04-23 08:17:32] INFO: [Migration] Already applied: drop ratings_ibfk_2
[2026-04-23 08:17:32] INFO: [Migration] Already applied: drop pm_ibfk_1
[2026-04-23 08:17:32] INFO: [Migration] Already applied: drop pm_ibfk_2
[2026-04-23 08:17:32] INFO: [Migration] OK: ratings.rated_id nullable
[2026-04-23 08:17:32] INFO: [DB] All tables synced
[2026-04-23 08:17:32] INFO: Wisber backend running on port 3000
[2026-04-23 08:17:55] INFO: [Socket] Connected: a7f8f1a1-12fb-40bf-9d60-41840f890fd0
[2026-04-23 08:18:10] INFO: [Socket] Disconnected: a7f8f1a1-12fb-40bf-9d60-41840f890fd0
[2026-04-23 09:20:53] INFO: [Socket] Connected: ef824feb-7931-4237-b328-b985473fbf2a
[2026-04-23 09:24:11] INFO: [Socket] Disconnected: ef824feb-7931-4237-b328-b985473fbf2a
[2026-04-23 09:39:35] INFO: [Socket] Connected: ef824feb-7931-4237-b328-b985473fbf2a
[2026-04-23 10:03:33] INFO: [Socket] Connected: a7f8f1a1-12fb-40bf-9d60-41840f890fd0
[2026-04-23 10:11:05] INFO: [Socket] Disconnected: a7f8f1a1-12fb-40bf-9d60-41840f890fd0
[2026-04-23 10:36:43] INFO: [Socket] Connected: a7f8f1a1-12fb-40bf-9d60-41840f890fd0
[2026-04-23 10:39:33] INFO: [Socket] Disconnected: a7f8f1a1-12fb-40bf-9d60-41840f890fd0
[2026-04-23 12:27:52] INFO: [Socket] Disconnected: ef824feb-7931-4237-b328-b985473fbf2a
[2026-04-23 12:28:01] INFO: [Socket] Connected: ef824feb-7931-4237-b328-b985473fbf2a
[2026-04-23 12:33:48] INFO: [Socket] Connected: ef824feb-7931-4237-b328-b985473fbf2a
[2026-04-23 12:33:59] INFO: [Socket] Connected: ef824feb-7931-4237-b328-b985473fbf2a
[2026-04-23 12:34:11] INFO: [Socket] Connected: a7f8f1a1-12fb-40bf-9d60-41840f890fd0
[2026-04-23 12:34:15] INFO: [Socket] Disconnected: a7f8f1a1-12fb-40bf-9d60-41840f890fd0
[2026-04-23 12:34:57] INFO: [Socket] Connected: a7f8f1a1-12fb-40bf-9d60-41840f890fd0
[2026-04-23 12:36:09] INFO: [Socket] Connected: a7f8f1a1-12fb-40bf-9d60-41840f890fd0
[2026-04-23 12:36:54] INFO: [Socket] Connected: a7f8f1a1-12fb-40bf-9d60-41840f890fd0
[2026-04-23 12:37:16] INFO: [Socket] Connected: a7f8f1a1-12fb-40bf-9d60-41840f890fd0
[2026-04-23 12:44:25] INFO: [Socket] Disconnected: ef824feb-7931-4237-b328-b985473fbf2a
[2026-04-23 12:44:25] INFO: [Socket] Disconnected: ef824feb-7931-4237-b328-b985473fbf2a
[2026-04-23 12:44:25] INFO: [Socket] Disconnected: ef824feb-7931-4237-b328-b985473fbf2a
[2026-04-23 12:44:33] INFO: [Socket] Connected: ef824feb-7931-4237-b328-b985473fbf2a
[2026-04-23 12:50:34] INFO: [Socket] Connected: a7f8f1a1-12fb-40bf-9d60-41840f890fd0
[2026-04-23 12:50:34] INFO: [Socket] Connected: ef824feb-7931-4237-b328-b985473fbf2a
[2026-04-23 12:51:06] INFO: [Socket] Connected: ef824feb-7931-4237-b328-b985473fbf2a
[2026-04-23 12:51:06] INFO: [Socket] Connected: a7f8f1a1-12fb-40bf-9d60-41840f890fd0
[2026-04-23 12:51:44] INFO: [Socket] Connected: ef824feb-7931-4237-b328-b985473fbf2a
[2026-04-23 12:51:44] INFO: [Socket] Connected: a7f8f1a1-12fb-40bf-9d60-41840f890fd0
[2026-04-23 12:53:20] INFO: [Socket] Disconnected: ef824feb-7931-4237-b328-b985473fbf2a
[2026-04-23 12:54:09] INFO: [Socket] Connected: 7264f33b-9bbb-4800-8913-b8efee83065e
[2026-04-23 12:54:09] INFO: [Socket] Delivered 1 pending message(s) to 7264f33b-9bbb-4800-8913-b8efee83065e
[2026-04-23 12:54:46] INFO: [Socket] Disconnected: 7264f33b-9bbb-4800-8913-b8efee83065e
[2026-04-23 12:55:05] ERROR: Error: Invalid phone or password
    at err (C:\Users\moham\Desktop\Alfa Project\Aman app\backend\src\modules\mobile_modules\auth.service.js:19:46)
    at exports.login (C:\Users\moham\Desktop\Alfa Project\Aman app\backend\src\modules\mobile_modules\auth.service.js:129:57)
    at process.processTicksAndRejections (node:internal/process/task_queues:104:5)
    at async exports.login (C:\Users\moham\Desktop\Alfa Project\Aman app\backend\src\controllers\mobile_controllers\auth.controller.js:19:18)
[2026-04-23 12:55:25] INFO: [Socket] Disconnected: ef824feb-7931-4237-b328-b985473fbf2a
[2026-04-23 12:55:25] INFO: [Socket] Disconnected: ef824feb-7931-4237-b328-b985473fbf2a
[2026-04-23 12:55:25] INFO: [Socket] Disconnected: ef824feb-7931-4237-b328-b985473fbf2a
[2026-04-23 12:56:45] INFO: [Socket] Connected: ef824feb-7931-4237-b328-b985473fbf2a
[2026-04-23 12:58:11] INFO: [Socket] Disconnected: ef824feb-7931-4237-b328-b985473fbf2a
[2026-04-23 12:58:41] INFO: [Socket] Connected: 7264f33b-9bbb-4800-8913-b8efee83065e
[2026-04-23 12:58:54] INFO: [Socket] Disconnected: 7264f33b-9bbb-4800-8913-b8efee83065e
[2026-04-23 13:00:04] INFO: [Socket] Connected: 7264f33b-9bbb-4800-8913-b8efee83065e
[2026-04-23 13:00:18] INFO: [Socket] Disconnected: 7264f33b-9bbb-4800-8913-b8efee83065e
[2026-04-23 13:00:37] INFO: [Socket] Connected: ef824feb-7931-4237-b328-b985473fbf2a
[2026-04-23 13:02:02] INFO: [Socket] Disconnected: a7f8f1a1-12fb-40bf-9d60-41840f890fd0
[2026-04-23 13:02:02] INFO: [Socket] Disconnected: a7f8f1a1-12fb-40bf-9d60-41840f890fd0
[2026-04-23 13:02:02] INFO: [Socket] Disconnected: a7f8f1a1-12fb-40bf-9d60-41840f890fd0
[2026-04-23 13:02:02] INFO: [Socket] Disconnected: a7f8f1a1-12fb-40bf-9d60-41840f890fd0
[2026-04-23 13:02:02] INFO: [Socket] Disconnected: a7f8f1a1-12fb-40bf-9d60-41840f890fd0
[2026-04-23 13:02:02] INFO: [Socket] Disconnected: a7f8f1a1-12fb-40bf-9d60-41840f890fd0
[2026-04-23 13:02:02] INFO: [Socket] Disconnected: a7f8f1a1-12fb-40bf-9d60-41840f890fd0
[2026-04-23 13:02:11] INFO: [Socket] Connected: a7f8f1a1-12fb-40bf-9d60-41840f890fd0
[2026-04-23 13:02:38] INFO: [Socket] Disconnected: a7f8f1a1-12fb-40bf-9d60-41840f890fd0
[2026-04-23 13:03:18] INFO: [Socket] Connected: a7f8f1a1-12fb-40bf-9d60-41840f890fd0
[2026-04-23 13:03:55] INFO: [Socket] Disconnected: a7f8f1a1-12fb-40bf-9d60-41840f890fd0
[2026-04-23 13:04:04] INFO: [Socket] Connected: a7f8f1a1-12fb-40bf-9d60-41840f890fd0
[2026-04-23 13:05:47] INFO: [Socket] Disconnected: ef824feb-7931-4237-b328-b985473fbf2a
[2026-04-23 13:07:14] INFO: [Socket] Connected: ef824feb-7931-4237-b328-b985473fbf2a
[2026-04-23 13:07:14] INFO: [Socket] Delivered 2 pending message(s) to ef824feb-7931-4237-b328-b985473fbf2a
[2026-04-23 13:07:31] INFO: [Socket] Disconnected: a7f8f1a1-12fb-40bf-9d60-41840f890fd0
[2026-04-23 13:09:14] INFO: [Socket] Connected: a7f8f1a1-12fb-40bf-9d60-41840f890fd0
[2026-04-23 13:09:14] INFO: [Socket] Delivered 1 pending message(s) to a7f8f1a1-12fb-40bf-9d60-41840f890fd0
[2026-04-23 13:18:46] INFO: [Socket] Disconnected: a7f8f1a1-12fb-40bf-9d60-41840f890fd0
[2026-04-23 13:54:11] INFO: [Socket] Connected: a7f8f1a1-12fb-40bf-9d60-41840f890fd0
[2026-04-23 13:54:25] INFO: [Socket] Disconnected: a7f8f1a1-12fb-40bf-9d60-41840f890fd0
[2026-04-23 14:14:30] INFO: [Socket] Disconnected: ef824feb-7931-4237-b328-b985473fbf2a
[2026-04-23 14:14:36] INFO: [Socket] Connected: a7f8f1a1-12fb-40bf-9d60-41840f890fd0
[2026-04-23 14:15:22] INFO: [Socket] Connected: ef824feb-7931-4237-b328-b985473fbf2a
[2026-04-23 14:15:22] INFO: [Socket] Delivered 1 pending message(s) to ef824feb-7931-4237-b328-b985473fbf2a
[2026-04-23 14:15:41] INFO: [Socket] Disconnected: ef824feb-7931-4237-b328-b985473fbf2a
[2026-04-23 14:16:37] INFO: [Socket] Connected: ef824feb-7931-4237-b328-b985473fbf2a
[2026-04-23 14:17:03] INFO: [Socket] Disconnected: a7f8f1a1-12fb-40bf-9d60-41840f890fd0
[2026-04-23 14:17:21] ERROR: [MessageHandler] Failed to store pending message: Data truncated for column 'message_type' at row 1
[2026-04-23 14:18:44] ERROR: Error: Invalid phone or password
    at err (C:\Users\moham\Desktop\Alfa Project\Aman app\backend\src\modules\mobile_modules\auth.service.js:19:46)
    at exports.login (C:\Users\moham\Desktop\Alfa Project\Aman app\backend\src\modules\mobile_modules\auth.service.js:130:67)
    at async exports.login (C:\Users\moham\Desktop\Alfa Project\Aman app\backend\src\controllers\mobile_controllers\auth.controller.js:19:18)
[2026-04-23 14:18:55] INFO: [Socket] Connected: a7f8f1a1-12fb-40bf-9d60-41840f890fd0
[2026-04-23 14:18:55] INFO: [Socket] Delivered 2 pending message(s) to a7f8f1a1-12fb-40bf-9d60-41840f890fd0
[2026-04-23 14:19:52] INFO: [Socket] Disconnected: a7f8f1a1-12fb-40bf-9d60-41840f890fd0
[2026-04-23 14:21:07] ERROR: [MessageHandler] Failed to store pending message: Data truncated for column 'message_type' at row 1
[2026-04-23 14:22:03] INFO: [Socket] Connected: a7f8f1a1-12fb-40bf-9d60-41840f890fd0
[2026-04-23 14:23:04] INFO: [Socket] Disconnected: a7f8f1a1-12fb-40bf-9d60-41840f890fd0
[2026-04-23 14:23:26] INFO: [Socket] Connected: 7264f33b-9bbb-4800-8913-b8efee83065e
[2026-04-23 14:25:18] INFO: [Socket] Disconnected: 7264f33b-9bbb-4800-8913-b8efee83065e
[2026-04-23 14:25:42] INFO: [Socket] Connected: ef824feb-7931-4237-b328-b985473fbf2a
[2026-04-23 14:25:59] INFO: [Socket] Disconnected: ef824feb-7931-4237-b328-b985473fbf2a
[2026-04-23 14:26:21] ERROR: Error: Invalid phone or password
    at err (C:\Users\moham\Desktop\Alfa Project\Aman app\backend\src\modules\mobile_modules\auth.service.js:19:46)
    at exports.login (C:\Users\moham\Desktop\Alfa Project\Aman app\backend\src\modules\mobile_modules\auth.service.js:130:67)
    at async exports.login (C:\Users\moham\Desktop\Alfa Project\Aman app\backend\src\controllers\mobile_controllers\auth.controller.js:19:18)
[2026-04-23 14:26:32] INFO: [Socket] Connected: a7f8f1a1-12fb-40bf-9d60-41840f890fd0
[2026-04-23 14:27:54] INFO: [Socket] Disconnected: ef824feb-7931-4237-b328-b985473fbf2a
[2026-04-23 14:28:50] INFO: [Socket] Connected: ef824feb-7931-4237-b328-b985473fbf2a
[2026-04-23 14:29:19] INFO: [Socket] Disconnected: a7f8f1a1-12fb-40bf-9d60-41840f890fd0
[2026-04-23 14:29:56] INFO: [Socket] Connected: a7f8f1a1-12fb-40bf-9d60-41840f890fd0
[2026-04-23 14:35:21] INFO: [Socket] Disconnected: ef824feb-7931-4237-b328-b985473fbf2a
[2026-04-23 14:45:18] INFO: [Socket] Connected: ef824feb-7931-4237-b328-b985473fbf2a
[2026-04-23 14:50:43] INFO: [Socket] Disconnected: a7f8f1a1-12fb-40bf-9d60-41840f890fd0
[2026-04-23 14:50:49] INFO: [Socket] Disconnected: ef824feb-7931-4237-b328-b985473fbf2a
[2026-04-23 14:51:07] INFO: [Socket] Connected: ef824feb-7931-4237-b328-b985473fbf2a
[2026-04-23 14:51:29] ERROR: [MessageHandler] Failed to store pending message: Data truncated for column 'message_type' at row 1
[2026-04-23 14:51:37] INFO: [Socket] Connected: a7f8f1a1-12fb-40bf-9d60-41840f890fd0
[2026-04-23 14:56:59] INFO: [Socket] Disconnected: a7f8f1a1-12fb-40bf-9d60-41840f890fd0
[2026-04-23 14:57:05] INFO: [Socket] Connected: a7f8f1a1-12fb-40bf-9d60-41840f890fd0
[2026-04-23 14:57:10] INFO: [Socket] Disconnected: a7f8f1a1-12fb-40bf-9d60-41840f890fd0
[2026-04-23 15:01:46] INFO: [Socket] Connected: a7f8f1a1-12fb-40bf-9d60-41840f890fd0
[2026-04-23 15:06:41] INFO: [Socket] Disconnected: a7f8f1a1-12fb-40bf-9d60-41840f890fd0
[2026-04-23 17:09:52] INFO: [Socket] Connected: a7f8f1a1-12fb-40bf-9d60-41840f890fd0
[2026-04-23 17:21:54] INFO: [Socket] Disconnected: a7f8f1a1-12fb-40bf-9d60-41840f890fd0
[2026-04-23 19:09:58] INFO: [Socket] Connected: a7f8f1a1-12fb-40bf-9d60-41840f890fd0
[2026-04-24 09:04:34] INFO: [DB] Sequelize connected to MySQL
[2026-04-24 09:04:34] INFO: [Migration] Already applied: drop ratings_ibfk_1
[2026-04-24 09:04:34] INFO: [Migration] Already applied: drop ratings_ibfk_2
[2026-04-24 09:04:34] INFO: [Migration] Already applied: drop pm_ibfk_1
[2026-04-24 09:04:34] INFO: [Migration] Already applied: drop pm_ibfk_2
[2026-04-24 09:04:34] INFO: [Migration] OK: ratings.rated_id nullable
[2026-04-24 09:04:35] INFO: [DB] All tables synced
[2026-04-24 09:04:35] INFO: Wisber backend running on port 3000
[2026-04-24 09:05:02] INFO: [Socket] Connected: ef824feb-7931-4237-b328-b985473fbf2a
[2026-04-24 09:05:04] INFO: [Socket] Connected: a7f8f1a1-12fb-40bf-9d60-41840f890fd0
[2026-04-24 09:21:49] INFO: [DB] Sequelize connected to MySQL
[2026-04-24 09:21:49] INFO: [Migration] Already applied: drop ratings_ibfk_1
[2026-04-24 09:21:49] INFO: [Migration] Already applied: drop ratings_ibfk_2
[2026-04-24 09:21:49] INFO: [Migration] Already applied: drop pm_ibfk_1
[2026-04-24 09:21:49] INFO: [Migration] Already applied: drop pm_ibfk_2
[2026-04-24 09:21:49] INFO: [Migration] OK: ratings.rated_id nullable
[2026-04-24 09:21:49] INFO: [DB] All tables synced
[2026-04-24 09:21:49] INFO: Wisber backend running on port 3000
[2026-04-24 09:21:49] INFO: [Socket] Connected: ef824feb-7931-4237-b328-b985473fbf2a
[2026-04-24 09:21:50] INFO: [Socket] Connected: a7f8f1a1-12fb-40bf-9d60-41840f890fd0
[2026-04-24 09:21:52] INFO: [Socket] Disconnected: a7f8f1a1-12fb-40bf-9d60-41840f890fd0
[2026-04-24 09:21:59] INFO: [Socket] Disconnected: ef824feb-7931-4237-b328-b985473fbf2a
[2026-04-24 09:22:06] INFO: [Socket] Connected: a7f8f1a1-12fb-40bf-9d60-41840f890fd0
[2026-04-24 09:22:07] INFO: [Socket] Connected: ef824feb-7931-4237-b328-b985473fbf2a
[2026-04-24 09:22:44] INFO: [Socket] Disconnected: ef824feb-7931-4237-b328-b985473fbf2a
[2026-04-24 09:22:54] INFO: [Socket] Connected: ef824feb-7931-4237-b328-b985473fbf2a
[2026-04-24 09:29:00] INFO: [Socket] Disconnected: a7f8f1a1-12fb-40bf-9d60-41840f890fd0
[2026-04-24 09:29:08] INFO: [Socket] Connected: a7f8f1a1-12fb-40bf-9d60-41840f890fd0
[2026-04-24 09:29:57] INFO: [Socket] Disconnected: a7f8f1a1-12fb-40bf-9d60-41840f890fd0
[2026-04-24 09:30:19] INFO: [DB] Sequelize connected to MySQL
[2026-04-24 09:30:19] INFO: [Migration] Already applied: drop ratings_ibfk_1
[2026-04-24 09:30:19] INFO: [Migration] Already applied: drop ratings_ibfk_2
[2026-04-24 09:30:19] INFO: [Migration] Already applied: drop pm_ibfk_1
[2026-04-24 09:30:19] INFO: [Migration] Already applied: drop pm_ibfk_2
[2026-04-24 09:30:19] INFO: [Migration] OK: ratings.rated_id nullable
[2026-04-24 09:30:19] INFO: [DB] All tables synced
[2026-04-24 09:30:19] INFO: Wisber backend running on port 3000
[2026-04-24 09:30:21] INFO: [Socket] Connected: ef824feb-7931-4237-b328-b985473fbf2a
[2026-04-24 09:30:31] INFO: [Socket] Connected: a7f8f1a1-12fb-40bf-9d60-41840f890fd0
[2026-04-24 09:36:59] INFO: [Socket] Disconnected: ef824feb-7931-4237-b328-b985473fbf2a
[2026-04-24 09:37:04] INFO: [Socket] Disconnected: a7f8f1a1-12fb-40bf-9d60-41840f890fd0
[2026-04-24 09:37:30] INFO: [DB] Sequelize connected to MySQL
[2026-04-24 09:37:30] INFO: [Migration] Already applied: drop ratings_ibfk_1
[2026-04-24 09:37:30] INFO: [Migration] Already applied: drop ratings_ibfk_2
[2026-04-24 09:37:30] INFO: [Migration] Already applied: drop pm_ibfk_1
[2026-04-24 09:37:30] INFO: [Migration] Already applied: drop pm_ibfk_2
[2026-04-24 09:37:30] INFO: [Migration] OK: ratings.rated_id nullable
[2026-04-24 09:37:30] INFO: [DB] All tables synced
[2026-04-24 09:37:30] INFO: Wisber backend running on port 3000
[2026-04-24 09:37:38] INFO: [Socket] Connected: ef824feb-7931-4237-b328-b985473fbf2a
[2026-04-24 09:37:42] INFO: [Socket] Connected: a7f8f1a1-12fb-40bf-9d60-41840f890fd0
[2026-04-24 09:51:10] INFO: [Socket] Disconnected: ef824feb-7931-4237-b328-b985473fbf2a
[2026-04-24 09:51:18] INFO: [Socket] Connected: ef824feb-7931-4237-b328-b985473fbf2a
[2026-04-24 09:52:09] INFO: [DB] Sequelize connected to MySQL
[2026-04-24 09:52:09] INFO: [Migration] Already applied: drop ratings_ibfk_1
[2026-04-24 09:52:09] INFO: [Migration] Already applied: drop ratings_ibfk_2
[2026-04-24 09:52:09] INFO: [Migration] Already applied: drop pm_ibfk_1
[2026-04-24 09:52:09] INFO: [Migration] Already applied: drop pm_ibfk_2
[2026-04-24 09:52:09] INFO: [Migration] OK: ratings.rated_id nullable
[2026-04-24 09:52:09] INFO: [DB] All tables synced
[2026-04-24 09:52:09] INFO: Wisber backend running on port 3000
[2026-04-24 09:52:09] INFO: [Socket] Connected: ef824feb-7931-4237-b328-b985473fbf2a
[2026-04-24 09:52:10] INFO: [Socket] Connected: a7f8f1a1-12fb-40bf-9d60-41840f890fd0
[2026-04-24 09:52:18] INFO: [DB] Sequelize connected to MySQL
[2026-04-24 09:52:18] INFO: [Migration] Already applied: drop ratings_ibfk_1
[2026-04-24 09:52:18] INFO: [Migration] Already applied: drop ratings_ibfk_2
[2026-04-24 09:52:18] INFO: [Migration] Already applied: drop pm_ibfk_1
[2026-04-24 09:52:18] INFO: [Migration] Already applied: drop pm_ibfk_2
[2026-04-24 09:52:18] INFO: [Migration] OK: ratings.rated_id nullable
[2026-04-24 09:52:18] INFO: [DB] All tables synced
[2026-04-24 09:52:18] INFO: Wisber backend running on port 3000
[2026-04-24 09:52:18] INFO: [Socket] Connected: ef824feb-7931-4237-b328-b985473fbf2a
[2026-04-24 09:52:19] INFO: [Socket] Connected: a7f8f1a1-12fb-40bf-9d60-41840f890fd0
[2026-04-24 09:52:25] INFO: [DB] Sequelize connected to MySQL
[2026-04-24 09:52:25] INFO: [Migration] Already applied: drop ratings_ibfk_1
[2026-04-24 09:52:25] INFO: [Migration] Already applied: drop ratings_ibfk_2
[2026-04-24 09:52:25] INFO: [Migration] Already applied: drop pm_ibfk_1
[2026-04-24 09:52:25] INFO: [Migration] Already applied: drop pm_ibfk_2
[2026-04-24 09:52:26] INFO: [Migration] OK: ratings.rated_id nullable
[2026-04-24 09:52:27] INFO: [DB] All tables synced
[2026-04-24 09:52:27] INFO: Wisber backend running on port 3000
[2026-04-24 09:52:27] INFO: [Socket] Connected: a7f8f1a1-12fb-40bf-9d60-41840f890fd0
[2026-04-24 09:52:27] INFO: [Socket] Connected: ef824feb-7931-4237-b328-b985473fbf2a
[2026-04-24 09:52:30] INFO: [DB] Sequelize connected to MySQL
[2026-04-24 09:52:30] INFO: [Migration] Already applied: drop ratings_ibfk_1
[2026-04-24 09:52:30] INFO: [Migration] Already applied: drop ratings_ibfk_2
[2026-04-24 09:52:30] INFO: [Migration] Already applied: drop pm_ibfk_1
[2026-04-24 09:52:30] INFO: [Migration] Already applied: drop pm_ibfk_2
[2026-04-24 09:52:30] INFO: [Migration] OK: ratings.rated_id nullable
[2026-04-24 09:52:30] INFO: [DB] All tables synced
[2026-04-24 09:52:30] INFO: Wisber backend running on port 3000
[2026-04-24 09:52:31] INFO: [Socket] Connected: ef824feb-7931-4237-b328-b985473fbf2a
[2026-04-24 09:52:31] INFO: [Socket] Connected: a7f8f1a1-12fb-40bf-9d60-41840f890fd0
[2026-04-24 09:53:17] INFO: [DB] Sequelize connected to MySQL
[2026-04-24 09:53:17] INFO: [Migration] Already applied: drop ratings_ibfk_1
[2026-04-24 09:53:17] INFO: [Migration] Already applied: drop ratings_ibfk_2
[2026-04-24 09:53:17] INFO: [Migration] Already applied: drop pm_ibfk_1
[2026-04-24 09:53:17] INFO: [Migration] Already applied: drop pm_ibfk_2
[2026-04-24 09:53:17] INFO: [Migration] OK: ratings.rated_id nullable
[2026-04-24 09:53:17] INFO: [DB] All tables synced
[2026-04-24 09:53:17] INFO: Wisber backend running on port 3000
[2026-04-24 09:53:18] INFO: [Socket] Connected: a7f8f1a1-12fb-40bf-9d60-41840f890fd0
[2026-04-24 09:53:18] INFO: [Socket] Connected: ef824feb-7931-4237-b328-b985473fbf2a
[2026-04-24 09:53:48] INFO: [DB] Sequelize connected to MySQL
[2026-04-24 09:53:48] INFO: [Migration] Already applied: drop ratings_ibfk_1
[2026-04-24 09:53:48] INFO: [Migration] Already applied: drop ratings_ibfk_2
[2026-04-24 09:53:48] INFO: [Migration] Already applied: drop pm_ibfk_1
[2026-04-24 09:53:48] INFO: [Migration] Already applied: drop pm_ibfk_2
[2026-04-24 09:53:48] INFO: [Migration] OK: ratings.rated_id nullable
[2026-04-24 09:53:48] INFO: [DB] All tables synced
[2026-04-24 09:53:48] INFO: Wisber backend running on port 3000
[2026-04-24 09:53:49] INFO: [Socket] Connected: a7f8f1a1-12fb-40bf-9d60-41840f890fd0
[2026-04-24 09:53:49] INFO: [Socket] Connected: ef824feb-7931-4237-b328-b985473fbf2a
[2026-04-24 09:53:56] INFO: [DB] Sequelize connected to MySQL
[2026-04-24 09:53:56] INFO: [Migration] Already applied: drop ratings_ibfk_1
[2026-04-24 09:53:56] INFO: [Migration] Already applied: drop ratings_ibfk_2
[2026-04-24 09:53:56] INFO: [Migration] Already applied: drop pm_ibfk_1
[2026-04-24 09:53:56] INFO: [Migration] Already applied: drop pm_ibfk_2
[2026-04-24 09:53:56] INFO: [Migration] OK: ratings.rated_id nullable
[2026-04-24 09:53:56] INFO: [DB] All tables synced
[2026-04-24 09:53:56] INFO: Wisber backend running on port 3000
[2026-04-24 09:53:57] INFO: [Socket] Connected: a7f8f1a1-12fb-40bf-9d60-41840f890fd0
[2026-04-24 09:53:57] INFO: [Socket] Connected: ef824feb-7931-4237-b328-b985473fbf2a
[2026-04-24 09:54:00] INFO: [DB] Sequelize connected to MySQL
[2026-04-24 09:54:00] INFO: [Migration] Already applied: drop ratings_ibfk_1
[2026-04-24 09:54:00] INFO: [Migration] Already applied: drop ratings_ibfk_2
[2026-04-24 09:54:00] INFO: [Migration] Already applied: drop pm_ibfk_1
[2026-04-24 09:54:00] INFO: [Migration] Already applied: drop pm_ibfk_2
[2026-04-24 09:54:01] INFO: [Migration] OK: ratings.rated_id nullable
[2026-04-24 09:54:01] INFO: [DB] All tables synced
[2026-04-24 09:54:01] INFO: Wisber backend running on port 3000
[2026-04-24 09:54:01] INFO: [Socket] Connected: ef824feb-7931-4237-b328-b985473fbf2a
[2026-04-24 09:54:01] INFO: [Socket] Connected: a7f8f1a1-12fb-40bf-9d60-41840f890fd0
[2026-04-24 09:55:43] INFO: [Socket] Disconnected: a7f8f1a1-12fb-40bf-9d60-41840f890fd0
[2026-04-24 09:55:47] INFO: [Socket] Disconnected: ef824feb-7931-4237-b328-b985473fbf2a
[2026-04-24 09:56:00] INFO: [Socket] Connected: ef824feb-7931-4237-b328-b985473fbf2a
[2026-04-24 09:56:15] ERROR: [MessageHandler] Failed to store pending message: Data truncated for column 'message_type' at row 1
[2026-04-24 09:56:16] ERROR: [GroupMessageHandler] storePendingGroupMessage error: Data truncated for column 'message_type' at row 1
[2026-04-24 09:56:16] ERROR: [GroupMessageHandler] storePendingGroupMessage error: Data truncated for column 'message_type' at row 1
[2026-04-24 09:56:49] INFO: [Socket] Connected: a7f8f1a1-12fb-40bf-9d60-41840f890fd0
[2026-04-24 09:56:49] INFO: [Socket] Delivered 2 pending group message(s) to a7f8f1a1-12fb-40bf-9d60-41840f890fd0
[2026-04-24 10:03:48] INFO: [DB] Sequelize connected to MySQL
[2026-04-24 10:03:48] INFO: [Migration] Already applied: drop ratings_ibfk_1
[2026-04-24 10:03:48] INFO: [Migration] Already applied: drop ratings_ibfk_2
[2026-04-24 10:03:48] INFO: [Migration] Already applied: drop pm_ibfk_1
[2026-04-24 10:03:48] INFO: [Migration] Already applied: drop pm_ibfk_2
[2026-04-24 10:03:48] INFO: [Migration] OK: ratings.rated_id nullable
[2026-04-24 10:03:48] INFO: [DB] All tables synced
[2026-04-24 10:03:48] INFO: Wisber backend running on port 3000
[2026-04-24 10:03:48] INFO: [Socket] Connected: a7f8f1a1-12fb-40bf-9d60-41840f890fd0
[2026-04-24 10:03:48] INFO: [Socket] Connected: ef824feb-7931-4237-b328-b985473fbf2a
[2026-04-24 10:03:51] INFO: [DB] Sequelize connected to MySQL
[2026-04-24 10:03:51] INFO: [Migration] Already applied: drop ratings_ibfk_1
[2026-04-24 10:03:51] INFO: [Migration] Already applied: drop ratings_ibfk_2
[2026-04-24 10:03:51] INFO: [Migration] Already applied: drop pm_ibfk_1
[2026-04-24 10:03:51] INFO: [Migration] Already applied: drop pm_ibfk_2
[2026-04-24 10:03:51] INFO: [Migration] OK: ratings.rated_id nullable
[2026-04-24 10:03:51] INFO: [DB] All tables synced
[2026-04-24 10:03:51] INFO: Wisber backend running on port 3000
[2026-04-24 10:03:52] INFO: [Socket] Connected: a7f8f1a1-12fb-40bf-9d60-41840f890fd0
[2026-04-24 10:03:52] INFO: [Socket] Connected: ef824feb-7931-4237-b328-b985473fbf2a
[2026-04-24 10:04:25] INFO: [DB] Sequelize connected to MySQL
[2026-04-24 10:04:25] INFO: [Migration] Already applied: drop ratings_ibfk_1
[2026-04-24 10:04:25] INFO: [Migration] Already applied: drop ratings_ibfk_2
[2026-04-24 10:04:25] INFO: [Migration] Already applied: drop pm_ibfk_1
[2026-04-24 10:04:25] INFO: [Migration] Already applied: drop pm_ibfk_2
[2026-04-24 10:04:25] INFO: [Migration] OK: ratings.rated_id nullable
[2026-04-24 10:04:25] INFO: [DB] All tables synced
[2026-04-24 10:04:25] INFO: Wisber backend running on port 3000
[2026-04-24 10:04:26] INFO: [Socket] Connected: ef824feb-7931-4237-b328-b985473fbf2a
[2026-04-24 10:04:26] INFO: [Socket] Connected: a7f8f1a1-12fb-40bf-9d60-41840f890fd0
[2026-04-24 10:04:32] INFO: [DB] Sequelize connected to MySQL
[2026-04-24 10:04:32] INFO: [Migration] Already applied: drop ratings_ibfk_1
[2026-04-24 10:04:32] INFO: [Migration] Already applied: drop ratings_ibfk_2
[2026-04-24 10:04:32] INFO: [Migration] Already applied: drop pm_ibfk_1
[2026-04-24 10:04:32] INFO: [Migration] Already applied: drop pm_ibfk_2
[2026-04-24 10:04:32] INFO: [Migration] OK: ratings.rated_id nullable
[2026-04-24 10:04:32] INFO: [DB] All tables synced
[2026-04-24 10:04:32] INFO: Wisber backend running on port 3000
[2026-04-24 10:04:32] INFO: [Socket] Connected: a7f8f1a1-12fb-40bf-9d60-41840f890fd0
[2026-04-24 10:04:33] INFO: [Socket] Connected: ef824feb-7931-4237-b328-b985473fbf2a
[2026-04-24 10:04:38] INFO: [DB] Sequelize connected to MySQL
[2026-04-24 10:04:38] INFO: [Migration] Already applied: drop ratings_ibfk_1
[2026-04-24 10:04:38] INFO: [Migration] Already applied: drop ratings_ibfk_2
[2026-04-24 10:04:38] INFO: [Migration] Already applied: drop pm_ibfk_1
[2026-04-24 10:04:38] INFO: [Migration] Already applied: drop pm_ibfk_2
[2026-04-24 10:04:38] INFO: [Migration] OK: ratings.rated_id nullable
[2026-04-24 10:04:38] INFO: [DB] All tables synced
[2026-04-24 10:04:38] INFO: Wisber backend running on port 3000
[2026-04-24 10:04:38] INFO: [Socket] Connected: ef824feb-7931-4237-b328-b985473fbf2a
[2026-04-24 10:04:38] INFO: [Socket] Connected: a7f8f1a1-12fb-40bf-9d60-41840f890fd0
[2026-04-24 10:05:52] INFO: [Socket] Disconnected: a7f8f1a1-12fb-40bf-9d60-41840f890fd0
[2026-04-24 10:08:03] INFO: [Socket] Connected: a7f8f1a1-12fb-40bf-9d60-41840f890fd0
[2026-04-24 10:08:10] INFO: [Socket] Disconnected: a7f8f1a1-12fb-40bf-9d60-41840f890fd0
[2026-04-24 10:08:41] INFO: [Socket] Connected: a7f8f1a1-12fb-40bf-9d60-41840f890fd0
[2026-04-24 10:08:41] INFO: [Socket] Delivered 2 pending group message(s) to a7f8f1a1-12fb-40bf-9d60-41840f890fd0
[2026-04-24 10:09:06] INFO: [Socket] Disconnected: a7f8f1a1-12fb-40bf-9d60-41840f890fd0
[2026-04-24 10:10:14] INFO: [Socket] Connected: a7f8f1a1-12fb-40bf-9d60-41840f890fd0
[2026-04-24 10:10:14] INFO: [Socket] Delivered 4 pending message(s) to a7f8f1a1-12fb-40bf-9d60-41840f890fd0
[2026-04-24 10:10:42] INFO: [Socket] Disconnected: a7f8f1a1-12fb-40bf-9d60-41840f890fd0
[2026-04-24 10:10:56] INFO: [Socket] Connected: a7f8f1a1-12fb-40bf-9d60-41840f890fd0
[2026-04-24 10:10:56] INFO: [Socket] Delivered 1 pending message(s) to a7f8f1a1-12fb-40bf-9d60-41840f890fd0
[2026-04-24 10:15:30] INFO: [DB] Sequelize connected to MySQL
[2026-04-24 10:15:30] INFO: [Migration] Already applied: drop ratings_ibfk_1
[2026-04-24 10:15:30] INFO: [Migration] Already applied: drop ratings_ibfk_2
[2026-04-24 10:15:30] INFO: [Migration] Already applied: drop pm_ibfk_1
[2026-04-24 10:15:30] INFO: [Migration] Already applied: drop pm_ibfk_2
[2026-04-24 10:15:30] INFO: [Migration] OK: ratings.rated_id nullable
[2026-04-24 10:15:30] INFO: [DB] All tables synced
[2026-04-24 10:15:30] INFO: Wisber backend running on port 3000
[2026-04-24 10:15:30] INFO: [Socket] Connected: a7f8f1a1-12fb-40bf-9d60-41840f890fd0
[2026-04-24 10:15:30] INFO: [Socket] Connected: ef824feb-7931-4237-b328-b985473fbf2a
[2026-04-24 10:16:49] INFO: [Socket] Disconnected: a7f8f1a1-12fb-40bf-9d60-41840f890fd0
[2026-04-24 10:16:57] INFO: [Socket] Connected: a7f8f1a1-12fb-40bf-9d60-41840f890fd0
[2026-04-24 10:17:06] INFO: [Socket] Disconnected: a7f8f1a1-12fb-40bf-9d60-41840f890fd0
[2026-04-24 10:17:23] INFO: [Socket] Connected: a7f8f1a1-12fb-40bf-9d60-41840f890fd0
[2026-04-24 10:17:23] INFO: [Socket] Delivered 1 pending message(s) to a7f8f1a1-12fb-40bf-9d60-41840f890fd0
[2026-04-24 10:18:01] INFO: [Socket] Disconnected: a7f8f1a1-12fb-40bf-9d60-41840f890fd0
[2026-04-24 10:18:36] INFO: [Socket] Connected: 7264f33b-9bbb-4800-8913-b8efee83065e
[2026-04-24 10:18:36] INFO: [Socket] Delivered 1 pending message(s) to 7264f33b-9bbb-4800-8913-b8efee83065e
[2026-04-24 10:18:36] INFO: [Socket] Delivered 6 pending group message(s) to 7264f33b-9bbb-4800-8913-b8efee83065e
[2026-04-24 10:21:50] INFO: [Socket] Disconnected: 7264f33b-9bbb-4800-8913-b8efee83065e
[2026-04-24 10:22:12] INFO: [Socket] Connected: a7f8f1a1-12fb-40bf-9d60-41840f890fd0
[2026-04-24 10:22:12] INFO: [Socket] Delivered 4 pending message(s) to a7f8f1a1-12fb-40bf-9d60-41840f890fd0
[2026-04-24 10:22:12] INFO: [Socket] Delivered 2 pending group message(s) to a7f8f1a1-12fb-40bf-9d60-41840f890fd0
[2026-04-24 10:23:06] INFO: [Socket] Disconnected: a7f8f1a1-12fb-40bf-9d60-41840f890fd0
[2026-04-24 10:23:29] ERROR: Error: Invalid phone or password
    at err (C:\Users\moham\Desktop\Alfa Project\Aman app\backend\src\modules\mobile_modules\auth.service.js:19:46)
    at exports.login (C:\Users\moham\Desktop\Alfa Project\Aman app\backend\src\modules\mobile_modules\auth.service.js:130:67)
    at async exports.login (C:\Users\moham\Desktop\Alfa Project\Aman app\backend\src\controllers\mobile_controllers\auth.controller.js:19:18)
[2026-04-24 10:24:05] INFO: [Socket] Connected: 7264f33b-9bbb-4800-8913-b8efee83065e
[2026-04-24 10:24:11] ERROR: Error: User not found
    at err (C:\Users\moham\Desktop\Alfa Project\Aman app\backend\src\modules\mobile_modules\users.service.js:4:39)
    at exports.getProfile (C:\Users\moham\Desktop\Alfa Project\Aman app\backend\src\modules\mobile_modules\users.service.js:28:20)
    at process.processTicksAndRejections (node:internal/process/task_queues:104:5)
    at async exports.getProfile (C:\Users\moham\Desktop\Alfa Project\Aman app\backend\src\controllers\mobile_controllers\users.controller.js:11:18)
[2026-04-24 10:25:41] INFO: [Socket] Disconnected: 7264f33b-9bbb-4800-8913-b8efee83065e
[2026-04-24 10:25:49] INFO: [Socket] Connected: 7264f33b-9bbb-4800-8913-b8efee83065e
[2026-04-24 10:25:57] ERROR: Error: User not found
    at err (C:\Users\moham\Desktop\Alfa Project\Aman app\backend\src\modules\mobile_modules\users.service.js:4:39)
    at exports.getProfile (C:\Users\moham\Desktop\Alfa Project\Aman app\backend\src\modules\mobile_modules\users.service.js:28:20)
    at process.processTicksAndRejections (node:internal/process/task_queues:104:5)
    at async exports.getProfile (C:\Users\moham\Desktop\Alfa Project\Aman app\backend\src\controllers\mobile_controllers\users.controller.js:11:18)
[2026-04-24 10:31:31] INFO: [Socket] Connected: 7264f33b-9bbb-4800-8913-b8efee83065e
[2026-04-24 10:31:31] INFO: [Socket] Connected: ef824feb-7931-4237-b328-b985473fbf2a
[2026-04-24 10:31:38] INFO: [Socket] Connected: ef824feb-7931-4237-b328-b985473fbf2a
[2026-04-24 10:31:38] INFO: [Socket] Disconnected: 7264f33b-9bbb-4800-8913-b8efee83065e
[2026-04-24 10:31:38] INFO: [Socket] Disconnected: 7264f33b-9bbb-4800-8913-b8efee83065e
[2026-04-24 10:31:54] INFO: [Socket] Connected: 7264f33b-9bbb-4800-8913-b8efee83065e
[2026-04-24 10:32:53] INFO: [Socket] Disconnected: ef824feb-7931-4237-b328-b985473fbf2a
[2026-04-24 10:32:53] INFO: [Socket] Disconnected: ef824feb-7931-4237-b328-b985473fbf2a
[2026-04-24 10:32:53] INFO: [Socket] Disconnected: ef824feb-7931-4237-b328-b985473fbf2a
[2026-04-24 10:32:55] INFO: [Socket] Disconnected: 7264f33b-9bbb-4800-8913-b8efee83065e
[2026-04-24 10:33:03] INFO: [Socket] Connected: 7264f33b-9bbb-4800-8913-b8efee83065e
[2026-04-24 10:33:05] INFO: [Socket] Connected: ef824feb-7931-4237-b328-b985473fbf2a
[2026-04-24 10:33:42] ERROR: Error: User not found
    at err (C:\Users\moham\Desktop\Alfa Project\Aman app\backend\src\modules\mobile_modules\users.service.js:4:39)
    at exports.getProfile (C:\Users\moham\Desktop\Alfa Project\Aman app\backend\src\modules\mobile_modules\users.service.js:28:20)
    at process.processTicksAndRejections (node:internal/process/task_queues:104:5)
    at async exports.getProfile (C:\Users\moham\Desktop\Alfa Project\Aman app\backend\src\controllers\mobile_controllers\users.controller.js:11:18)
[2026-04-24 10:33:55] INFO: [Socket] Disconnected: 7264f33b-9bbb-4800-8913-b8efee83065e
[2026-04-24 10:34:16] INFO: [Socket] Connected: a7f8f1a1-12fb-40bf-9d60-41840f890fd0
[2026-04-24 10:34:16] INFO: [Socket] Delivered 4 pending group message(s) to a7f8f1a1-12fb-40bf-9d60-41840f890fd0
[2026-04-24 10:36:54] INFO: [Socket] Disconnected: a7f8f1a1-12fb-40bf-9d60-41840f890fd0
[2026-04-24 10:37:21] INFO: [Socket] Connected: 7264f33b-9bbb-4800-8913-b8efee83065e
[2026-04-24 10:37:21] INFO: [Socket] Delivered 4 pending message(s) to 7264f33b-9bbb-4800-8913-b8efee83065e
[2026-04-24 10:37:38] ERROR: Error: User not found
    at err (C:\Users\moham\Desktop\Alfa Project\Aman app\backend\src\modules\mobile_modules\users.service.js:4:39)
    at exports.getProfile (C:\Users\moham\Desktop\Alfa Project\Aman app\backend\src\modules\mobile_modules\users.service.js:28:20)
    at process.processTicksAndRejections (node:internal/process/task_queues:104:5)
    at async exports.getProfile (C:\Users\moham\Desktop\Alfa Project\Aman app\backend\src\controllers\mobile_controllers\users.controller.js:11:18)
[2026-04-24 10:39:47] INFO: [DB] Sequelize connected to MySQL
[2026-04-24 10:39:47] INFO: [Migration] Already applied: drop ratings_ibfk_1
[2026-04-24 10:39:47] INFO: [Migration] Already applied: drop ratings_ibfk_2
[2026-04-24 10:39:47] INFO: [Migration] Already applied: drop pm_ibfk_1
[2026-04-24 10:39:47] INFO: [Migration] Already applied: drop pm_ibfk_2
[2026-04-24 10:39:47] INFO: [Migration] OK: ratings.rated_id nullable
[2026-04-24 10:39:47] INFO: [DB] All tables synced
[2026-04-24 10:39:47] INFO: Wisber backend running on port 3000
[2026-04-24 10:39:50] INFO: [Socket] Connected: ef824feb-7931-4237-b328-b985473fbf2a
[2026-04-24 10:39:51] INFO: [Socket] Connected: 7264f33b-9bbb-4800-8913-b8efee83065e
[2026-04-24 10:50:38] INFO: [Socket] Disconnected: 7264f33b-9bbb-4800-8913-b8efee83065e
[2026-04-24 10:55:53] INFO: [Socket] Connected: 7264f33b-9bbb-4800-8913-b8efee83065e
[2026-04-24 11:02:08] INFO: [Socket] Disconnected: 7264f33b-9bbb-4800-8913-b8efee83065e
[2026-04-24 13:13:13] INFO: [Socket] Disconnected: ef824feb-7931-4237-b328-b985473fbf2a
[2026-04-24 13:25:07] INFO: [Socket] Connected: ef824feb-7931-4237-b328-b985473fbf2a
[2026-04-24 13:25:34] INFO: [Socket] Connected: 7264f33b-9bbb-4800-8913-b8efee83065e
[2026-04-24 13:25:34] INFO: [Socket] Delivered 1 pending message(s) to 7264f33b-9bbb-4800-8913-b8efee83065e
[2026-04-24 13:55:52] INFO: [DB] Sequelize connected to MySQL
[2026-04-24 13:55:52] INFO: [Migration] Already applied: drop ratings_ibfk_1
[2026-04-24 13:55:52] INFO: [Migration] Already applied: drop ratings_ibfk_2
[2026-04-24 13:55:52] INFO: [Migration] Already applied: drop pm_ibfk_1
[2026-04-24 13:55:52] INFO: [Migration] Already applied: drop pm_ibfk_2
[2026-04-24 13:55:52] INFO: [Migration] OK: ratings.rated_id nullable
[2026-04-24 13:55:52] INFO: [DB] All tables synced
[2026-04-24 13:55:52] INFO: Wisber backend running on port 3000
[2026-04-24 13:55:53] INFO: [Socket] Connected: 7264f33b-9bbb-4800-8913-b8efee83065e
[2026-04-24 13:56:01] INFO: [DB] Sequelize connected to MySQL
[2026-04-24 13:56:01] INFO: [Migration] Already applied: drop ratings_ibfk_1
[2026-04-24 13:56:01] INFO: [Migration] Already applied: drop ratings_ibfk_2
[2026-04-24 13:56:01] INFO: [Migration] Already applied: drop pm_ibfk_1
[2026-04-24 13:56:01] INFO: [Migration] Already applied: drop pm_ibfk_2
[2026-04-24 13:56:01] INFO: [Migration] OK: ratings.rated_id nullable
[2026-04-24 13:56:01] INFO: [DB] All tables synced
[2026-04-24 13:56:01] INFO: Wisber backend running on port 3000
[2026-04-24 13:56:02] INFO: [Socket] Connected: 7264f33b-9bbb-4800-8913-b8efee83065e
[2026-04-24 13:56:10] INFO: [DB] Sequelize connected to MySQL
[2026-04-24 13:56:10] INFO: [Migration] Already applied: drop ratings_ibfk_1
[2026-04-24 13:56:10] INFO: [Migration] Already applied: drop ratings_ibfk_2
[2026-04-24 13:56:10] INFO: [Migration] Already applied: drop pm_ibfk_1
[2026-04-24 13:56:10] INFO: [Migration] Already applied: drop pm_ibfk_2
[2026-04-24 13:56:10] INFO: [Migration] OK: ratings.rated_id nullable
[2026-04-24 13:56:10] INFO: [DB] All tables synced
[2026-04-24 13:56:10] INFO: Wisber backend running on port 3000
[2026-04-24 13:56:10] INFO: [Socket] Connected: 7264f33b-9bbb-4800-8913-b8efee83065e
[2026-04-24 13:56:15] INFO: [DB] Sequelize connected to MySQL
[2026-04-24 13:56:15] INFO: [Migration] Already applied: drop ratings_ibfk_1
[2026-04-24 13:56:15] INFO: [Migration] Already applied: drop ratings_ibfk_2
[2026-04-24 13:56:15] INFO: [Migration] Already applied: drop pm_ibfk_1
[2026-04-24 13:56:15] INFO: [Migration] Already applied: drop pm_ibfk_2
[2026-04-24 13:56:15] INFO: [Migration] OK: ratings.rated_id nullable
[2026-04-24 13:56:15] INFO: [DB] All tables synced
[2026-04-24 13:56:15] INFO: Wisber backend running on port 3000
[2026-04-24 13:56:16] INFO: [Socket] Connected: 7264f33b-9bbb-4800-8913-b8efee83065e
[2026-04-24 13:56:31] INFO: [DB] Sequelize connected to MySQL
[2026-04-24 13:56:31] INFO: [Migration] Already applied: drop ratings_ibfk_1
[2026-04-24 13:56:31] INFO: [Migration] Already applied: drop ratings_ibfk_2
[2026-04-24 13:56:31] INFO: [Migration] Already applied: drop pm_ibfk_1
[2026-04-24 13:56:31] INFO: [Migration] Already applied: drop pm_ibfk_2
[2026-04-24 13:56:31] INFO: [Migration] OK: ratings.rated_id nullable
[2026-04-24 13:56:31] WARN: [Migration] Skipped "groups.status": You have an error in your SQL syntax; check the manual that corresponds to your MySQL server version for the right syntax to use near 'groups ADD COLUMN status VARCHAR(150) DEFAULT 'A new group on Wisber!'' at line 1
[2026-04-24 13:56:31] INFO: [DB] All tables synced
[2026-04-24 13:56:31] INFO: Wisber backend running on port 3000
[2026-04-24 13:56:31] INFO: [Socket] Connected: 7264f33b-9bbb-4800-8913-b8efee83065e
[2026-04-24 13:59:01] INFO: [Socket] Connected: ef824feb-7931-4237-b328-b985473fbf2a
[2026-04-24 14:06:18] INFO: [Socket] Disconnected: ef824feb-7931-4237-b328-b985473fbf2a
[2026-04-24 14:06:28] INFO: [Socket] Connected: ef824feb-7931-4237-b328-b985473fbf2a
[2026-04-24 14:07:15] INFO: [Socket] Disconnected: 7264f33b-9bbb-4800-8913-b8efee83065e
[2026-04-24 14:07:24] INFO: [Socket] Connected: 7264f33b-9bbb-4800-8913-b8efee83065e
[2026-04-24 14:16:13] INFO: [Socket] Disconnected: ef824feb-7931-4237-b328-b985473fbf2a
[2026-04-24 14:16:46] INFO: [Socket] Disconnected: 7264f33b-9bbb-4800-8913-b8efee83065e
[2026-04-24 14:17:13] INFO: [DB] Sequelize connected to MySQL
[2026-04-24 14:17:13] INFO: [Migration] Already applied: drop ratings_ibfk_1
[2026-04-24 14:17:13] INFO: [Migration] Already applied: drop ratings_ibfk_2
[2026-04-24 14:17:13] INFO: [Migration] Already applied: drop pm_ibfk_1
[2026-04-24 14:17:13] INFO: [Migration] Already applied: drop pm_ibfk_2
[2026-04-24 14:17:13] INFO: [Migration] OK: ratings.rated_id nullable
[2026-04-24 14:17:13] WARN: [Migration] Skipped "groups.status": You have an error in your SQL syntax; check the manual that corresponds to your MySQL server version for the right syntax to use near 'groups ADD COLUMN status VARCHAR(150) DEFAULT 'A new group on Wisber!'' at line 1
[2026-04-24 14:17:13] INFO: [DB] All tables synced
[2026-04-24 14:17:13] INFO: Wisber backend running on port 3000
[2026-04-24 14:17:32] INFO: [Socket] Connected: 7264f33b-9bbb-4800-8913-b8efee83065e
[2026-04-24 14:17:35] INFO: [Socket] Connected: ef824feb-7931-4237-b328-b985473fbf2a
[2026-04-24 14:19:06] INFO: [Socket] Disconnected: 7264f33b-9bbb-4800-8913-b8efee83065e
[2026-04-24 14:19:46] INFO: [DB] Sequelize connected to MySQL
[2026-04-24 14:19:46] INFO: [Migration] Already applied: drop ratings_ibfk_1
[2026-04-24 14:19:46] INFO: [Migration] Already applied: drop ratings_ibfk_2
[2026-04-24 14:19:46] INFO: [Migration] Already applied: drop pm_ibfk_1
[2026-04-24 14:19:46] INFO: [Migration] Already applied: drop pm_ibfk_2
[2026-04-24 14:19:46] INFO: [Migration] OK: ratings.rated_id nullable
[2026-04-24 14:19:46] WARN: [Migration] Skipped "groups.status": You have an error in your SQL syntax; check the manual that corresponds to your MySQL server version for the right syntax to use near 'groups ADD COLUMN status VARCHAR(150) DEFAULT 'A new group on Wisber!'' at line 1
[2026-04-24 14:19:46] INFO: [DB] All tables synced
[2026-04-24 14:19:46] INFO: Wisber backend running on port 3000
[2026-04-24 14:19:46] INFO: [Socket] Connected: ef824feb-7931-4237-b328-b985473fbf2a
[2026-04-24 14:20:44] INFO: [Socket] Connected: 7264f33b-9bbb-4800-8913-b8efee83065e
[2026-04-24 14:20:53] INFO: [Socket] Disconnected: 7264f33b-9bbb-4800-8913-b8efee83065e
[2026-04-24 14:21:00] INFO: [Socket] Connected: 7264f33b-9bbb-4800-8913-b8efee83065e
[2026-04-24 14:30:07] INFO: [DB] Sequelize connected to MySQL
[2026-04-24 14:30:07] INFO: [Migration] Already applied: drop ratings_ibfk_1
[2026-04-24 14:30:07] INFO: [Migration] Already applied: drop ratings_ibfk_2
[2026-04-24 14:30:07] INFO: [Migration] Already applied: drop pm_ibfk_1
[2026-04-24 14:30:07] INFO: [Migration] Already applied: drop pm_ibfk_2
[2026-04-24 14:30:07] INFO: [Migration] OK: ratings.rated_id nullable
[2026-04-24 14:30:07] WARN: [Migration] Skipped "groups.status": You have an error in your SQL syntax; check the manual that corresponds to your MySQL server version for the right syntax to use near 'groups ADD COLUMN status VARCHAR(150) DEFAULT 'A new group on Wisber!'' at line 1
[2026-04-24 14:30:07] INFO: [DB] All tables synced
[2026-04-24 14:30:07] INFO: Wisber backend running on port 3000
[2026-04-24 14:30:07] INFO: [Socket] Connected: 7264f33b-9bbb-4800-8913-b8efee83065e
[2026-04-24 14:30:07] INFO: [Socket] Connected: ef824feb-7931-4237-b328-b985473fbf2a
[2026-04-24 14:30:22] INFO: [DB] Sequelize connected to MySQL
[2026-04-24 14:30:22] INFO: [Migration] Already applied: drop ratings_ibfk_1
[2026-04-24 14:30:22] INFO: [Migration] Already applied: drop ratings_ibfk_2
[2026-04-24 14:30:22] INFO: [Migration] Already applied: drop pm_ibfk_1
[2026-04-24 14:30:22] INFO: [Migration] Already applied: drop pm_ibfk_2
[2026-04-24 14:30:22] INFO: [Migration] OK: ratings.rated_id nullable
[2026-04-24 14:30:22] WARN: [Migration] Skipped "groups.status": You have an error in your SQL syntax; check the manual that corresponds to your MySQL server version for the right syntax to use near 'groups ADD COLUMN status VARCHAR(150) DEFAULT 'A new group on Wisber!'' at line 1
[2026-04-24 14:30:22] INFO: [DB] All tables synced
[2026-04-24 14:30:22] INFO: Wisber backend running on port 3000
[2026-04-24 14:30:23] INFO: [Socket] Connected: 7264f33b-9bbb-4800-8913-b8efee83065e
[2026-04-24 14:30:23] INFO: [Socket] Connected: ef824feb-7931-4237-b328-b985473fbf2a
[2026-04-24 14:30:26] INFO: [DB] Sequelize connected to MySQL
[2026-04-24 14:30:26] INFO: [Migration] Already applied: drop ratings_ibfk_1
[2026-04-24 14:30:26] INFO: [Migration] Already applied: drop ratings_ibfk_2
[2026-04-24 14:30:26] INFO: [Migration] Already applied: drop pm_ibfk_1
[2026-04-24 14:30:26] INFO: [Migration] Already applied: drop pm_ibfk_2
[2026-04-24 14:30:26] INFO: [Migration] OK: ratings.rated_id nullable
[2026-04-24 14:30:26] WARN: [Migration] Skipped "groups.status": You have an error in your SQL syntax; check the manual that corresponds to your MySQL server version for the right syntax to use near 'groups ADD COLUMN status VARCHAR(150) DEFAULT 'A new group on Wisber!'' at line 1
[2026-04-24 14:30:26] INFO: [DB] All tables synced
[2026-04-24 14:30:26] INFO: Wisber backend running on port 3000
[2026-04-24 14:30:26] INFO: [Socket] Connected: ef824feb-7931-4237-b328-b985473fbf2a
[2026-04-24 14:30:27] INFO: [Socket] Connected: 7264f33b-9bbb-4800-8913-b8efee83065e
[2026-04-24 14:30:34] INFO: [DB] Sequelize connected to MySQL
[2026-04-24 14:30:34] INFO: [Migration] Already applied: drop ratings_ibfk_1
[2026-04-24 14:30:34] INFO: [Migration] Already applied: drop ratings_ibfk_2
[2026-04-24 14:30:34] INFO: [Migration] Already applied: drop pm_ibfk_1
[2026-04-24 14:30:34] INFO: [Migration] Already applied: drop pm_ibfk_2
[2026-04-24 14:30:34] INFO: [Migration] OK: ratings.rated_id nullable
[2026-04-24 14:30:34] WARN: [Migration] Skipped "groups.status": You have an error in your SQL syntax; check the manual that corresponds to your MySQL server version for the right syntax to use near 'groups ADD COLUMN status VARCHAR(150) DEFAULT 'A new group on Wisber!'' at line 1
[2026-04-24 14:30:34] ERROR: [Startup] Failed: BLOB, TEXT, GEOMETRY or JSON column 'body' can't have a default value
[2026-04-24 14:30:38] INFO: [DB] Sequelize connected to MySQL
[2026-04-24 14:30:38] INFO: [Migration] Already applied: drop ratings_ibfk_1
[2026-04-24 14:30:38] INFO: [Migration] Already applied: drop ratings_ibfk_2
[2026-04-24 14:30:38] INFO: [Migration] Already applied: drop pm_ibfk_1
[2026-04-24 14:30:38] INFO: [Migration] Already applied: drop pm_ibfk_2
[2026-04-24 14:30:38] INFO: [Migration] OK: ratings.rated_id nullable
[2026-04-24 14:30:38] WARN: [Migration] Skipped "groups.status": You have an error in your SQL syntax; check the manual that corresponds to your MySQL server version for the right syntax to use near 'groups ADD COLUMN status VARCHAR(150) DEFAULT 'A new group on Wisber!'' at line 1
[2026-04-24 14:30:38] ERROR: [Startup] Failed: BLOB, TEXT, GEOMETRY or JSON column 'body' can't have a default value
[2026-04-24 14:30:41] INFO: [DB] Sequelize connected to MySQL
[2026-04-24 14:30:41] INFO: [Migration] Already applied: drop ratings_ibfk_1
[2026-04-24 14:30:41] INFO: [Migration] Already applied: drop ratings_ibfk_2
[2026-04-24 14:30:41] INFO: [Migration] Already applied: drop pm_ibfk_1
[2026-04-24 14:30:41] INFO: [Migration] Already applied: drop pm_ibfk_2
[2026-04-24 14:30:41] INFO: [Migration] OK: ratings.rated_id nullable
[2026-04-24 14:30:41] WARN: [Migration] Skipped "groups.status": You have an error in your SQL syntax; check the manual that corresponds to your MySQL server version for the right syntax to use near 'groups ADD COLUMN status VARCHAR(150) DEFAULT 'A new group on Wisber!'' at line 1
[2026-04-24 14:30:41] ERROR: [Startup] Failed: BLOB, TEXT, GEOMETRY or JSON column 'body' can't have a default value
[2026-04-24 14:30:58] INFO: [DB] Sequelize connected to MySQL
[2026-04-24 14:30:58] INFO: [Migration] Already applied: drop ratings_ibfk_1
[2026-04-24 14:30:58] INFO: [Migration] Already applied: drop ratings_ibfk_2
[2026-04-24 14:30:58] INFO: [Migration] Already applied: drop pm_ibfk_1
[2026-04-24 14:30:58] INFO: [Migration] Already applied: drop pm_ibfk_2
[2026-04-24 14:30:58] INFO: [Migration] OK: ratings.rated_id nullable
[2026-04-24 14:30:58] WARN: [Migration] Skipped "groups.status": You have an error in your SQL syntax; check the manual that corresponds to your MySQL server version for the right syntax to use near 'groups ADD COLUMN status VARCHAR(150) DEFAULT 'A new group on Wisber!'' at line 1
[2026-04-24 14:30:58] ERROR: [Startup] Failed: BLOB, TEXT, GEOMETRY or JSON column 'body' can't have a default value
[2026-04-24 14:31:06] INFO: [DB] Sequelize connected to MySQL
[2026-04-24 14:31:06] INFO: [Migration] Already applied: drop ratings_ibfk_1
[2026-04-24 14:31:06] INFO: [Migration] Already applied: drop ratings_ibfk_2
[2026-04-24 14:31:06] INFO: [Migration] Already applied: drop pm_ibfk_1
[2026-04-24 14:31:06] INFO: [Migration] Already applied: drop pm_ibfk_2
[2026-04-24 14:31:06] INFO: [Migration] OK: ratings.rated_id nullable
[2026-04-24 14:31:06] WARN: [Migration] Skipped "groups.status": You have an error in your SQL syntax; check the manual that corresponds to your MySQL server version for the right syntax to use near 'groups ADD COLUMN status VARCHAR(150) DEFAULT 'A new group on Wisber!'' at line 1
[2026-04-24 14:31:06] ERROR: [Startup] Failed: BLOB, TEXT, GEOMETRY or JSON column 'body' can't have a default value
[2026-04-24 14:38:32] INFO: [DB] Sequelize connected to MySQL
[2026-04-24 14:38:32] INFO: [Migration] Already applied: drop ratings_ibfk_1
[2026-04-24 14:38:32] INFO: [Migration] Already applied: drop ratings_ibfk_2
[2026-04-24 14:38:32] INFO: [Migration] Already applied: drop pm_ibfk_1
[2026-04-24 14:38:32] INFO: [Migration] Already applied: drop pm_ibfk_2
[2026-04-24 14:38:32] INFO: [Migration] OK: ratings.rated_id nullable
[2026-04-24 14:38:32] WARN: [Migration] Skipped "groups.status": You have an error in your SQL syntax; check the manual that corresponds to your MySQL server version for the right syntax to use near 'groups ADD COLUMN status VARCHAR(150) DEFAULT 'A new group on Wisber!'' at line 1
[2026-04-24 14:38:32] ERROR: [Startup] Failed: BLOB, TEXT, GEOMETRY or JSON column 'body' can't have a default value
[2026-04-24 14:39:13] INFO: [DB] Sequelize connected to MySQL
[2026-04-24 14:39:13] INFO: [Migration] Already applied: drop ratings_ibfk_1
[2026-04-24 14:39:13] INFO: [Migration] Already applied: drop ratings_ibfk_2
[2026-04-24 14:39:13] INFO: [Migration] Already applied: drop pm_ibfk_1
[2026-04-24 14:39:13] INFO: [Migration] Already applied: drop pm_ibfk_2
[2026-04-24 14:39:13] INFO: [Migration] OK: ratings.rated_id nullable
[2026-04-24 14:39:13] WARN: [Migration] Skipped "groups.status": Duplicate column name 'status'
[2026-04-24 14:39:13] ERROR: [Startup] Failed: BLOB, TEXT, GEOMETRY or JSON column 'body' can't have a default value
[2026-04-24 14:39:23] INFO: [DB] Sequelize connected to MySQL
[2026-04-24 14:39:23] INFO: [Migration] Already applied: drop ratings_ibfk_1
[2026-04-24 14:39:23] INFO: [Migration] Already applied: drop ratings_ibfk_2
[2026-04-24 14:39:23] INFO: [Migration] Already applied: drop pm_ibfk_1
[2026-04-24 14:39:23] INFO: [Migration] Already applied: drop pm_ibfk_2
[2026-04-24 14:39:23] INFO: [Migration] OK: ratings.rated_id nullable
[2026-04-24 14:39:23] WARN: [Migration] Skipped "groups.status": Duplicate column name 'status'
[2026-04-24 14:39:23] INFO: [DB] All tables synced
[2026-04-24 14:39:23] INFO: [DB] app_content seeded
[2026-04-24 14:39:23] INFO: Wisber backend running on port 3000
[2026-04-24 14:39:55] INFO: [Socket] Connected: 7264f33b-9bbb-4800-8913-b8efee83065e
[2026-04-24 14:40:27] INFO: [Socket] Connected: ef824feb-7931-4237-b328-b985473fbf2a
[2026-04-24 14:40:27] INFO: [Socket] Delivered 1 pending group message(s) to ef824feb-7931-4237-b328-b985473fbf2a
[2026-04-24 14:54:22] ERROR: Error: User not found
    at err (C:\Users\moham\Desktop\Alfa Project\Aman app\backend\src\modules\mobile_modules\users.service.js:4:39)
    at exports.getProfile (C:\Users\moham\Desktop\Alfa Project\Aman app\backend\src\modules\mobile_modules\users.service.js:28:20)
    at process.processTicksAndRejections (node:internal/process/task_queues:104:5)
    at async exports.getProfile (C:\Users\moham\Desktop\Alfa Project\Aman app\backend\src\controllers\mobile_controllers\users.controller.js:11:18)
[2026-04-24 14:58:10] INFO: [Socket] Disconnected: 7264f33b-9bbb-4800-8913-b8efee83065e
[2026-04-24 14:59:16] INFO: [Socket] Connected: 7264f33b-9bbb-4800-8913-b8efee83065e
[2026-04-24 14:59:21] ERROR: Error: User not found
    at err (C:\Users\moham\Desktop\Alfa Project\Aman app\backend\src\modules\mobile_modules\users.service.js:4:39)
    at exports.getProfile (C:\Users\moham\Desktop\Alfa Project\Aman app\backend\src\modules\mobile_modules\users.service.js:28:20)
    at process.processTicksAndRejections (node:internal/process/task_queues:104:5)
    at async exports.getProfile (C:\Users\moham\Desktop\Alfa Project\Aman app\backend\src\controllers\mobile_controllers\users.controller.js:11:18)
[2026-04-24 14:59:37] ERROR: Error: User not found
    at err (C:\Users\moham\Desktop\Alfa Project\Aman app\backend\src\modules\mobile_modules\users.service.js:4:39)
    at exports.getProfile (C:\Users\moham\Desktop\Alfa Project\Aman app\backend\src\modules\mobile_modules\users.service.js:28:20)
    at process.processTicksAndRejections (node:internal/process/task_queues:104:5)
    at async exports.getProfile (C:\Users\moham\Desktop\Alfa Project\Aman app\backend\src\controllers\mobile_controllers\users.controller.js:11:18)
[2026-04-24 14:59:52] INFO: [Socket] Disconnected: 7264f33b-9bbb-4800-8913-b8efee83065e
[2026-04-24 15:00:13] ERROR: Error: Invalid phone or password
    at err (C:\Users\moham\Desktop\Alfa Project\Aman app\backend\src\modules\mobile_modules\auth.service.js:19:46)
    at exports.login (C:\Users\moham\Desktop\Alfa Project\Aman app\backend\src\modules\mobile_modules\auth.service.js:129:57)
    at process.processTicksAndRejections (node:internal/process/task_queues:104:5)
    at async exports.login (C:\Users\moham\Desktop\Alfa Project\Aman app\backend\src\controllers\mobile_controllers\auth.controller.js:19:18)
[2026-04-24 15:00:28] INFO: [Socket] Connected: a7f8f1a1-12fb-40bf-9d60-41840f890fd0
[2026-04-24 15:00:28] INFO: [Socket] Delivered 3 pending group message(s) to a7f8f1a1-12fb-40bf-9d60-41840f890fd0
[2026-04-24 15:02:31] INFO: [Socket] Disconnected: a7f8f1a1-12fb-40bf-9d60-41840f890fd0
[2026-04-24 15:02:55] INFO: [Socket] Connected: 7264f33b-9bbb-4800-8913-b8efee83065e
[2026-04-24 15:02:55] INFO: [Socket] Delivered 3 pending message(s) to 7264f33b-9bbb-4800-8913-b8efee83065e
[2026-04-24 15:02:56] INFO: [Socket] Delivered 1 pending group message(s) to 7264f33b-9bbb-4800-8913-b8efee83065e
[2026-04-24 15:03:35] INFO: [Socket] Disconnected: 7264f33b-9bbb-4800-8913-b8efee83065e
[2026-04-24 15:35:19] INFO: [Socket] Connected: 7264f33b-9bbb-4800-8913-b8efee83065e
[2026-04-24 15:38:12] INFO: [DB] Sequelize connected to MySQL
[2026-04-24 15:38:12] INFO: [Migration] Already applied: drop ratings_ibfk_1
[2026-04-24 15:38:12] INFO: [Migration] Already applied: drop ratings_ibfk_2
[2026-04-24 15:38:12] INFO: [Migration] Already applied: drop pm_ibfk_1
[2026-04-24 15:38:12] INFO: [Migration] Already applied: drop pm_ibfk_2
[2026-04-24 15:38:12] INFO: [Migration] OK: ratings.rated_id nullable
[2026-04-24 15:38:12] WARN: [Migration] Skipped "groups.status": Duplicate column name 'status'
[2026-04-24 15:38:12] INFO: [DB] All tables synced
[2026-04-24 15:38:12] INFO: [DB] app_content seeded
[2026-04-24 15:38:12] INFO: Wisber backend running on port 3000
[2026-04-24 15:38:12] INFO: [Socket] Connected: 7264f33b-9bbb-4800-8913-b8efee83065e
[2026-04-24 17:37:17] INFO: [DB] Sequelize connected to MySQL
[2026-04-24 17:37:17] INFO: [Migration] Already applied: drop ratings_ibfk_1
[2026-04-24 17:37:17] INFO: [Migration] Already applied: drop ratings_ibfk_2
[2026-04-24 17:37:17] INFO: [Migration] Already applied: drop pm_ibfk_1
[2026-04-24 17:37:17] INFO: [Migration] Already applied: drop pm_ibfk_2
[2026-04-24 17:37:17] INFO: [Migration] OK: ratings.rated_id nullable
[2026-04-24 17:37:17] WARN: [Migration] Skipped "groups.status": Duplicate column name 'status'
[2026-04-24 17:37:17] INFO: [DB] All tables synced
[2026-04-24 17:37:17] INFO: [DB] app_content seeded
[2026-04-24 17:37:17] INFO: Wisber backend running on port 3000
[2026-04-24 17:37:48] INFO: [Socket] Connected: 7264f33b-9bbb-4800-8913-b8efee83065e
[2026-04-24 17:38:31] ERROR: Error: User not found
    at err (C:\Users\moham\Desktop\Alfa Project\Aman app\backend\src\modules\mobile_modules\users.service.js:4:39)
    at exports.getProfile (C:\Users\moham\Desktop\Alfa Project\Aman app\backend\src\modules\mobile_modules\users.service.js:28:20)
    at process.processTicksAndRejections (node:internal/process/task_queues:104:5)
    at async exports.getProfile (C:\Users\moham\Desktop\Alfa Project\Aman app\backend\src\controllers\mobile_controllers\users.controller.js:11:18)
[2026-04-24 17:39:12] INFO: [Socket] Disconnected: 7264f33b-9bbb-4800-8913-b8efee83065e
[2026-04-24 17:39:40] INFO: [Socket] Connected: a7f8f1a1-12fb-40bf-9d60-41840f890fd0
[2026-04-24 17:39:40] INFO: [Socket] Delivered 1 pending group message(s) to a7f8f1a1-12fb-40bf-9d60-41840f890fd0
[2026-04-24 17:41:21] INFO: [Socket] Disconnected: a7f8f1a1-12fb-40bf-9d60-41840f890fd0
[2026-04-24 17:41:47] INFO: [Socket] Connected: 7264f33b-9bbb-4800-8913-b8efee83065e
[2026-04-24 17:41:47] INFO: [Socket] Delivered 1 pending message(s) to 7264f33b-9bbb-4800-8913-b8efee83065e
[2026-04-24 17:43:58] ERROR: Error: User not found
    at err (C:\Users\moham\Desktop\Alfa Project\Aman app\backend\src\modules\mobile_modules\users.service.js:4:39)
    at exports.getProfile (C:\Users\moham\Desktop\Alfa Project\Aman app\backend\src\modules\mobile_modules\users.service.js:28:20)
    at process.processTicksAndRejections (node:internal/process/task_queues:104:5)
    at async exports.getProfile (C:\Users\moham\Desktop\Alfa Project\Aman app\backend\src\controllers\mobile_controllers\users.controller.js:11:18)
[2026-04-24 17:44:43] INFO: [Socket] Disconnected: 7264f33b-9bbb-4800-8913-b8efee83065e
[2026-04-24 17:49:02] INFO: [Socket] Connected: 7264f33b-9bbb-4800-8913-b8efee83065e
[2026-04-24 17:50:11] INFO: [Socket] Disconnected: 7264f33b-9bbb-4800-8913-b8efee83065e
[2026-04-24 17:50:36] INFO: [Socket] Connected: a7f8f1a1-12fb-40bf-9d60-41840f890fd0
[2026-04-24 17:52:23] INFO: [Socket] Connected: ef824feb-7931-4237-b328-b985473fbf2a
[2026-04-24 17:52:23] INFO: [Socket] Delivered 2 pending message(s) to ef824feb-7931-4237-b328-b985473fbf2a
[2026-04-24 17:52:23] INFO: [Socket] Delivered 1 pending group message(s) to ef824feb-7931-4237-b328-b985473fbf2a
[2026-04-24 17:53:12] INFO: [Socket] Disconnected: a7f8f1a1-12fb-40bf-9d60-41840f890fd0
[2026-04-24 17:53:41] INFO: [Socket] Connected: 7264f33b-9bbb-4800-8913-b8efee83065e
[2026-04-24 17:53:46] ERROR: Error: User not found
    at err (C:\Users\moham\Desktop\Alfa Project\Aman app\backend\src\modules\mobile_modules\users.service.js:4:39)
    at exports.getProfile (C:\Users\moham\Desktop\Alfa Project\Aman app\backend\src\modules\mobile_modules\users.service.js:28:20)
    at process.processTicksAndRejections (node:internal/process/task_queues:104:5)
    at async exports.getProfile (C:\Users\moham\Desktop\Alfa Project\Aman app\backend\src\controllers\mobile_controllers\users.controller.js:11:18)
[2026-04-24 17:55:46] INFO: [Socket] Disconnected: 7264f33b-9bbb-4800-8913-b8efee83065e
[2026-04-24 17:56:11] INFO: [Socket] Connected: a7f8f1a1-12fb-40bf-9d60-41840f890fd0
[2026-04-24 17:56:12] INFO: [Socket] Delivered 3 pending group message(s) to a7f8f1a1-12fb-40bf-9d60-41840f890fd0
[2026-04-24 18:06:37] INFO: [Socket] Disconnected: a7f8f1a1-12fb-40bf-9d60-41840f890fd0
[2026-04-24 18:10:09] INFO: [Socket] Connected: a7f8f1a1-12fb-40bf-9d60-41840f890fd0
[2026-04-24 18:59:53] INFO: [Socket] Disconnected: a7f8f1a1-12fb-40bf-9d60-41840f890fd0
[2026-04-24 19:01:13] INFO: [Socket] Disconnected: ef824feb-7931-4237-b328-b985473fbf2a
[2026-04-24 19:01:57] INFO: [Socket] Connected: ef824feb-7931-4237-b328-b985473fbf2a
[2026-04-24 19:03:57] INFO: [Socket] Disconnected: ef824feb-7931-4237-b328-b985473fbf2a
[2026-04-25 08:48:40] INFO: [DB] Sequelize connected to MySQL
[2026-04-25 08:48:40] INFO: [Migration] Already applied: drop ratings_ibfk_1
[2026-04-25 08:48:40] INFO: [Migration] Already applied: drop ratings_ibfk_2
[2026-04-25 08:48:40] INFO: [Migration] Already applied: drop pm_ibfk_1
[2026-04-25 08:48:40] INFO: [Migration] Already applied: drop pm_ibfk_2
[2026-04-25 08:48:40] INFO: [Migration] OK: ratings.rated_id nullable
[2026-04-25 08:48:40] WARN: [Migration] Skipped "groups.status": Duplicate column name 'status'
[2026-04-25 08:48:40] INFO: [DB] All tables synced
[2026-04-25 08:48:40] INFO: [DB] app_content seeded
[2026-04-25 08:48:40] INFO: Wisber backend running on port 3000
[2026-04-25 08:48:57] ERROR: Error: Invalid credentials
    at err (C:\Users\moham\Desktop\Alfa Project\Aman app\backend\src\modules\cp_modules\dashboard.service.js:6:39)
    at exports.adminLogin (C:\Users\moham\Desktop\Alfa Project\Aman app\backend\src\modules\cp_modules\dashboard.service.js:10:21)
    at process.processTicksAndRejections (node:internal/process/task_queues:104:5)
    at async exports.login (C:\Users\moham\Desktop\Alfa Project\Aman app\backend\src\controllers\cp_controllers\dashboard.controller.js:3:63)
[2026-04-25 08:49:44] ERROR: Error: Invalid credentials
    at err (C:\Users\moham\Desktop\Alfa Project\Aman app\backend\src\modules\cp_modules\dashboard.service.js:6:39)
    at exports.adminLogin (C:\Users\moham\Desktop\Alfa Project\Aman app\backend\src\modules\cp_modules\dashboard.service.js:10:21)
    at process.processTicksAndRejections (node:internal/process/task_queues:104:5)
    at async exports.login (C:\Users\moham\Desktop\Alfa Project\Aman app\backend\src\controllers\cp_controllers\dashboard.controller.js:3:63)
[2026-04-25 08:49:47] ERROR: Error: Invalid credentials
    at err (C:\Users\moham\Desktop\Alfa Project\Aman app\backend\src\modules\cp_modules\dashboard.service.js:6:39)
    at exports.adminLogin (C:\Users\moham\Desktop\Alfa Project\Aman app\backend\src\modules\cp_modules\dashboard.service.js:10:21)
    at process.processTicksAndRejections (node:internal/process/task_queues:104:5)
    at async exports.login (C:\Users\moham\Desktop\Alfa Project\Aman app\backend\src\controllers\cp_controllers\dashboard.controller.js:3:63)
[2026-04-25 08:49:54] ERROR: Error: Invalid credentials
    at err (C:\Users\moham\Desktop\Alfa Project\Aman app\backend\src\modules\cp_modules\dashboard.service.js:6:39)
    at exports.adminLogin (C:\Users\moham\Desktop\Alfa Project\Aman app\backend\src\modules\cp_modules\dashboard.service.js:10:21)
    at process.processTicksAndRejections (node:internal/process/task_queues:104:5)
    at async exports.login (C:\Users\moham\Desktop\Alfa Project\Aman app\backend\src\controllers\cp_controllers\dashboard.controller.js:3:63)
[2026-04-25 08:49:59] ERROR: Error: Invalid credentials
    at err (C:\Users\moham\Desktop\Alfa Project\Aman app\backend\src\modules\cp_modules\dashboard.service.js:6:39)
    at exports.adminLogin (C:\Users\moham\Desktop\Alfa Project\Aman app\backend\src\modules\cp_modules\dashboard.service.js:10:21)
    at process.processTicksAndRejections (node:internal/process/task_queues:104:5)
    at async exports.login (C:\Users\moham\Desktop\Alfa Project\Aman app\backend\src\controllers\cp_controllers\dashboard.controller.js:3:63)
[2026-04-25 08:50:08] ERROR: Error: Invalid credentials
    at err (C:\Users\moham\Desktop\Alfa Project\Aman app\backend\src\modules\cp_modules\dashboard.service.js:6:39)
    at exports.adminLogin (C:\Users\moham\Desktop\Alfa Project\Aman app\backend\src\modules\cp_modules\dashboard.service.js:10:21)
    at process.processTicksAndRejections (node:internal/process/task_queues:104:5)
    at async exports.login (C:\Users\moham\Desktop\Alfa Project\Aman app\backend\src\controllers\cp_controllers\dashboard.controller.js:3:63)
[2026-04-25 08:51:53] ERROR: Error: Invalid credentials
    at err (C:\Users\moham\Desktop\Alfa Project\Aman app\backend\src\modules\cp_modules\dashboard.service.js:6:39)
    at exports.adminLogin (C:\Users\moham\Desktop\Alfa Project\Aman app\backend\src\modules\cp_modules\dashboard.service.js:10:21)
    at process.processTicksAndRejections (node:internal/process/task_queues:104:5)
    at async exports.login (C:\Users\moham\Desktop\Alfa Project\Aman app\backend\src\controllers\cp_controllers\dashboard.controller.js:3:63)
[2026-04-25 08:51:57] ERROR: Error: Invalid credentials
    at err (C:\Users\moham\Desktop\Alfa Project\Aman app\backend\src\modules\cp_modules\dashboard.service.js:6:39)
    at exports.adminLogin (C:\Users\moham\Desktop\Alfa Project\Aman app\backend\src\modules\cp_modules\dashboard.service.js:11:68)
    at async exports.login (C:\Users\moham\Desktop\Alfa Project\Aman app\backend\src\controllers\cp_controllers\dashboard.controller.js:3:63)
[2026-04-25 08:51:59] ERROR: Error: Invalid credentials
    at err (C:\Users\moham\Desktop\Alfa Project\Aman app\backend\src\modules\cp_modules\dashboard.service.js:6:39)
    at exports.adminLogin (C:\Users\moham\Desktop\Alfa Project\Aman app\backend\src\modules\cp_modules\dashboard.service.js:11:68)
    at async exports.login (C:\Users\moham\Desktop\Alfa Project\Aman app\backend\src\controllers\cp_controllers\dashboard.controller.js:3:63)
[2026-04-25 08:52:58] ERROR: Error: Invalid credentials
    at err (C:\Users\moham\Desktop\Alfa Project\Aman app\backend\src\modules\cp_modules\dashboard.service.js:6:39)
    at exports.adminLogin (C:\Users\moham\Desktop\Alfa Project\Aman app\backend\src\modules\cp_modules\dashboard.service.js:11:68)
    at async exports.login (C:\Users\moham\Desktop\Alfa Project\Aman app\backend\src\controllers\cp_controllers\dashboard.controller.js:3:63)
[2026-04-25 09:44:04] ERROR: Error: Invalid credentials
    at err (C:\Users\moham\Desktop\Alfa Project\Aman app\backend\src\modules\cp_modules\dashboard.service.js:6:39)
    at exports.adminLogin (C:\Users\moham\Desktop\Alfa Project\Aman app\backend\src\modules\cp_modules\dashboard.service.js:11:68)
    at async exports.login (C:\Users\moham\Desktop\Alfa Project\Aman app\backend\src\controllers\cp_controllers\dashboard.controller.js:3:63)
[2026-04-25 09:45:11] ERROR: Error: Invalid credentials
    at err (C:\Users\moham\Desktop\Alfa Project\Aman app\backend\src\modules\cp_modules\dashboard.service.js:6:39)
    at exports.adminLogin (C:\Users\moham\Desktop\Alfa Project\Aman app\backend\src\modules\cp_modules\dashboard.service.js:11:68)
    at async exports.login (C:\Users\moham\Desktop\Alfa Project\Aman app\backend\src\controllers\cp_controllers\dashboard.controller.js:3:63)
[2026-04-25 09:45:25] ERROR: Error: Invalid credentials
    at err (C:\Users\moham\Desktop\Alfa Project\Aman app\backend\src\modules\cp_modules\dashboard.service.js:6:39)
    at exports.adminLogin (C:\Users\moham\Desktop\Alfa Project\Aman app\backend\src\modules\cp_modules\dashboard.service.js:11:68)
    at async exports.login (C:\Users\moham\Desktop\Alfa Project\Aman app\backend\src\controllers\cp_controllers\dashboard.controller.js:3:63)
[2026-04-25 09:46:10] ERROR: Error: Invalid credentials
    at err (C:\Users\moham\Desktop\Alfa Project\Aman app\backend\src\modules\cp_modules\dashboard.service.js:6:39)
    at exports.adminLogin (C:\Users\moham\Desktop\Alfa Project\Aman app\backend\src\modules\cp_modules\dashboard.service.js:11:68)
    at async exports.login (C:\Users\moham\Desktop\Alfa Project\Aman app\backend\src\controllers\cp_controllers\dashboard.controller.js:3:63)
[2026-04-25 09:46:59] ERROR: Error: Invalid credentials
    at err (C:\Users\moham\Desktop\Alfa Project\Aman app\backend\src\modules\cp_modules\dashboard.service.js:6:39)
    at exports.adminLogin (C:\Users\moham\Desktop\Alfa Project\Aman app\backend\src\modules\cp_modules\dashboard.service.js:11:68)
    at async exports.login (C:\Users\moham\Desktop\Alfa Project\Aman app\backend\src\controllers\cp_controllers\dashboard.controller.js:3:63)
[2026-04-25 09:47:22] INFO: [DB] Sequelize connected to MySQL
[2026-04-25 09:47:22] INFO: [Migration] Already applied: drop ratings_ibfk_1
[2026-04-25 09:47:22] INFO: [Migration] Already applied: drop ratings_ibfk_2
[2026-04-25 09:47:22] INFO: [Migration] Already applied: drop pm_ibfk_1
[2026-04-25 09:47:22] INFO: [Migration] Already applied: drop pm_ibfk_2
[2026-04-25 09:47:22] INFO: [Migration] OK: ratings.rated_id nullable
[2026-04-25 09:47:22] WARN: [Migration] Skipped "groups.status": Duplicate column name 'status'
[2026-04-25 09:47:23] INFO: [DB] All tables synced
[2026-04-25 09:47:23] INFO: [DB] app_content seeded
[2026-04-25 09:47:23] INFO: Wisber backend running on port 3000
[2026-04-25 09:50:32] ERROR: Error: Invalid credentials
    at err (C:\Users\moham\Desktop\Alfa Project\Aman app\backend\src\modules\cp_modules\dashboard.service.js:6:39)
    at exports.adminLogin (C:\Users\moham\Desktop\Alfa Project\Aman app\backend\src\modules\cp_modules\dashboard.service.js:11:68)
    at async exports.login (C:\Users\moham\Desktop\Alfa Project\Aman app\backend\src\controllers\cp_controllers\dashboard.controller.js:3:63)
[2026-04-25 09:50:34] ERROR: Error: Invalid credentials
    at err (C:\Users\moham\Desktop\Alfa Project\Aman app\backend\src\modules\cp_modules\dashboard.service.js:6:39)
    at exports.adminLogin (C:\Users\moham\Desktop\Alfa Project\Aman app\backend\src\modules\cp_modules\dashboard.service.js:11:68)
    at async exports.login (C:\Users\moham\Desktop\Alfa Project\Aman app\backend\src\controllers\cp_controllers\dashboard.controller.js:3:63)
[2026-04-25 09:50:37] ERROR: Error: Invalid credentials
    at err (C:\Users\moham\Desktop\Alfa Project\Aman app\backend\src\modules\cp_modules\dashboard.service.js:6:39)
    at exports.adminLogin (C:\Users\moham\Desktop\Alfa Project\Aman app\backend\src\modules\cp_modules\dashboard.service.js:11:68)
    at async exports.login (C:\Users\moham\Desktop\Alfa Project\Aman app\backend\src\controllers\cp_controllers\dashboard.controller.js:3:63)
[2026-04-25 09:50:45] ERROR: Error: Invalid credentials
    at err (C:\Users\moham\Desktop\Alfa Project\Aman app\backend\src\modules\cp_modules\dashboard.service.js:6:39)
    at exports.adminLogin (C:\Users\moham\Desktop\Alfa Project\Aman app\backend\src\modules\cp_modules\dashboard.service.js:11:68)
    at async exports.login (C:\Users\moham\Desktop\Alfa Project\Aman app\backend\src\controllers\cp_controllers\dashboard.controller.js:3:63)
[2026-04-25 09:52:46] ERROR: Error: Invalid credentials
    at err (C:\Users\moham\Desktop\Alfa Project\Aman app\backend\src\modules\cp_modules\dashboard.service.js:6:39)
    at exports.adminLogin (C:\Users\moham\Desktop\Alfa Project\Aman app\backend\src\modules\cp_modules\dashboard.service.js:11:68)
    at async exports.login (C:\Users\moham\Desktop\Alfa Project\Aman app\backend\src\controllers\cp_controllers\dashboard.controller.js:3:63)
[2026-04-25 09:57:43] ERROR: Error: Invalid credentials
    at err (C:\Users\moham\Desktop\Alfa Project\Aman app\backend\src\modules\cp_modules\dashboard.service.js:6:39)
    at exports.adminLogin (C:\Users\moham\Desktop\Alfa Project\Aman app\backend\src\modules\cp_modules\dashboard.service.js:11:68)
    at async exports.login (C:\Users\moham\Desktop\Alfa Project\Aman app\backend\src\controllers\cp_controllers\dashboard.controller.js:3:63)
[2026-04-25 09:57:44] ERROR: Error: Invalid credentials
    at err (C:\Users\moham\Desktop\Alfa Project\Aman app\backend\src\modules\cp_modules\dashboard.service.js:6:39)
    at exports.adminLogin (C:\Users\moham\Desktop\Alfa Project\Aman app\backend\src\modules\cp_modules\dashboard.service.js:11:68)
    at async exports.login (C:\Users\moham\Desktop\Alfa Project\Aman app\backend\src\controllers\cp_controllers\dashboard.controller.js:3:63)
[2026-04-25 09:57:45] ERROR: Error: Invalid credentials
    at err (C:\Users\moham\Desktop\Alfa Project\Aman app\backend\src\modules\cp_modules\dashboard.service.js:6:39)
    at exports.adminLogin (C:\Users\moham\Desktop\Alfa Project\Aman app\backend\src\modules\cp_modules\dashboard.service.js:11:68)
    at async exports.login (C:\Users\moham\Desktop\Alfa Project\Aman app\backend\src\controllers\cp_controllers\dashboard.controller.js:3:63)
[2026-04-25 09:57:46] ERROR: Error: Invalid credentials
    at err (C:\Users\moham\Desktop\Alfa Project\Aman app\backend\src\modules\cp_modules\dashboard.service.js:6:39)
    at exports.adminLogin (C:\Users\moham\Desktop\Alfa Project\Aman app\backend\src\modules\cp_modules\dashboard.service.js:11:68)
    at async exports.login (C:\Users\moham\Desktop\Alfa Project\Aman app\backend\src\controllers\cp_controllers\dashboard.controller.js:3:63)
[2026-04-25 09:57:59] ERROR: Error: Invalid credentials
    at err (C:\Users\moham\Desktop\Alfa Project\Aman app\backend\src\modules\cp_modules\dashboard.service.js:6:39)
    at exports.adminLogin (C:\Users\moham\Desktop\Alfa Project\Aman app\backend\src\modules\cp_modules\dashboard.service.js:11:68)
    at async exports.login (C:\Users\moham\Desktop\Alfa Project\Aman app\backend\src\controllers\cp_controllers\dashboard.controller.js:3:63)
[2026-04-25 09:59:48] ERROR: Error: Invalid credentials
    at err (C:\Users\moham\Desktop\Alfa Project\Aman app\backend\src\modules\cp_modules\dashboard.service.js:6:39)
    at exports.adminLogin (C:\Users\moham\Desktop\Alfa Project\Aman app\backend\src\modules\cp_modules\dashboard.service.js:11:68)
    at async exports.login (C:\Users\moham\Desktop\Alfa Project\Aman app\backend\src\controllers\cp_controllers\dashboard.controller.js:3:63)
[2026-04-25 10:00:02] ERROR: Error: Invalid credentials
    at err (C:\Users\moham\Desktop\Alfa Project\Aman app\backend\src\modules\cp_modules\dashboard.service.js:6:39)
    at exports.adminLogin (C:\Users\moham\Desktop\Alfa Project\Aman app\backend\src\modules\cp_modules\dashboard.service.js:11:68)
    at async exports.login (C:\Users\moham\Desktop\Alfa Project\Aman app\backend\src\controllers\cp_controllers\dashboard.controller.js:3:63)
[2026-04-25 10:00:06] ERROR: Error: Invalid credentials
    at err (C:\Users\moham\Desktop\Alfa Project\Aman app\backend\src\modules\cp_modules\dashboard.service.js:6:39)
    at exports.adminLogin (C:\Users\moham\Desktop\Alfa Project\Aman app\backend\src\modules\cp_modules\dashboard.service.js:11:68)
    at async exports.login (C:\Users\moham\Desktop\Alfa Project\Aman app\backend\src\controllers\cp_controllers\dashboard.controller.js:3:63)
[2026-04-25 10:00:30] ERROR: Error: Invalid credentials
    at err (C:\Users\moham\Desktop\Alfa Project\Aman app\backend\src\modules\cp_modules\dashboard.service.js:6:39)
    at exports.adminLogin (C:\Users\moham\Desktop\Alfa Project\Aman app\backend\src\modules\cp_modules\dashboard.service.js:11:68)
    at async exports.login (C:\Users\moham\Desktop\Alfa Project\Aman app\backend\src\controllers\cp_controllers\dashboard.controller.js:3:63)
[2026-04-25 10:02:05] ERROR: Error: Invalid credentials
    at err (C:\Users\moham\Desktop\Alfa Project\Aman app\backend\src\modules\cp_modules\dashboard.service.js:6:39)
    at exports.adminLogin (C:\Users\moham\Desktop\Alfa Project\Aman app\backend\src\modules\cp_modules\dashboard.service.js:11:68)
    at async exports.login (C:\Users\moham\Desktop\Alfa Project\Aman app\backend\src\controllers\cp_controllers\dashboard.controller.js:3:63)
[2026-04-25 10:02:06] ERROR: Error: Invalid credentials
    at err (C:\Users\moham\Desktop\Alfa Project\Aman app\backend\src\modules\cp_modules\dashboard.service.js:6:39)
    at exports.adminLogin (C:\Users\moham\Desktop\Alfa Project\Aman app\backend\src\modules\cp_modules\dashboard.service.js:11:68)
    at async exports.login (C:\Users\moham\Desktop\Alfa Project\Aman app\backend\src\controllers\cp_controllers\dashboard.controller.js:3:63)
[2026-04-25 10:02:07] ERROR: Error: Invalid credentials
    at err (C:\Users\moham\Desktop\Alfa Project\Aman app\backend\src\modules\cp_modules\dashboard.service.js:6:39)
    at exports.adminLogin (C:\Users\moham\Desktop\Alfa Project\Aman app\backend\src\modules\cp_modules\dashboard.service.js:11:68)
    at async exports.login (C:\Users\moham\Desktop\Alfa Project\Aman app\backend\src\controllers\cp_controllers\dashboard.controller.js:3:63)
[2026-04-25 10:02:28] ERROR: Error: Invalid credentials
    at err (C:\Users\moham\Desktop\Alfa Project\Aman app\backend\src\modules\cp_modules\dashboard.service.js:6:39)
    at exports.adminLogin (C:\Users\moham\Desktop\Alfa Project\Aman app\backend\src\modules\cp_modules\dashboard.service.js:11:68)
    at async exports.login (C:\Users\moham\Desktop\Alfa Project\Aman app\backend\src\controllers\cp_controllers\dashboard.controller.js:3:63)
[2026-04-25 10:02:37] ERROR: Error: Invalid credentials
    at err (C:\Users\moham\Desktop\Alfa Project\Aman app\backend\src\modules\cp_modules\dashboard.service.js:6:39)
    at exports.adminLogin (C:\Users\moham\Desktop\Alfa Project\Aman app\backend\src\modules\cp_modules\dashboard.service.js:11:68)
    at async exports.login (C:\Users\moham\Desktop\Alfa Project\Aman app\backend\src\controllers\cp_controllers\dashboard.controller.js:3:63)
[2026-04-25 10:02:49] ERROR: Error: Invalid credentials
    at err (C:\Users\moham\Desktop\Alfa Project\Aman app\backend\src\modules\cp_modules\dashboard.service.js:6:39)
    at exports.adminLogin (C:\Users\moham\Desktop\Alfa Project\Aman app\backend\src\modules\cp_modules\dashboard.service.js:11:68)
    at async exports.login (C:\Users\moham\Desktop\Alfa Project\Aman app\backend\src\controllers\cp_controllers\dashboard.controller.js:3:63)
[2026-04-25 10:02:51] ERROR: Error: Invalid credentials
    at err (C:\Users\moham\Desktop\Alfa Project\Aman app\backend\src\modules\cp_modules\dashboard.service.js:6:39)
    at exports.adminLogin (C:\Users\moham\Desktop\Alfa Project\Aman app\backend\src\modules\cp_modules\dashboard.service.js:11:68)
    at async exports.login (C:\Users\moham\Desktop\Alfa Project\Aman app\backend\src\controllers\cp_controllers\dashboard.controller.js:3:63)
[2026-04-25 10:02:51] ERROR: Error: Invalid credentials
    at err (C:\Users\moham\Desktop\Alfa Project\Aman app\backend\src\modules\cp_modules\dashboard.service.js:6:39)
    at exports.adminLogin (C:\Users\moham\Desktop\Alfa Project\Aman app\backend\src\modules\cp_modules\dashboard.service.js:11:68)
    at async exports.login (C:\Users\moham\Desktop\Alfa Project\Aman app\backend\src\controllers\cp_controllers\dashboard.controller.js:3:63)
[2026-04-25 10:02:52] ERROR: Error: Invalid credentials
    at err (C:\Users\moham\Desktop\Alfa Project\Aman app\backend\src\modules\cp_modules\dashboard.service.js:6:39)
    at exports.adminLogin (C:\Users\moham\Desktop\Alfa Project\Aman app\backend\src\modules\cp_modules\dashboard.service.js:11:68)
    at async exports.login (C:\Users\moham\Desktop\Alfa Project\Aman app\backend\src\controllers\cp_controllers\dashboard.controller.js:3:63)
[2026-04-25 10:02:52] ERROR: Error: Invalid credentials
    at err (C:\Users\moham\Desktop\Alfa Project\Aman app\backend\src\modules\cp_modules\dashboard.service.js:6:39)
    at exports.adminLogin (C:\Users\moham\Desktop\Alfa Project\Aman app\backend\src\modules\cp_modules\dashboard.service.js:11:68)
    at async exports.login (C:\Users\moham\Desktop\Alfa Project\Aman app\backend\src\controllers\cp_controllers\dashboard.controller.js:3:63)
[2026-04-25 10:02:52] ERROR: Error: Invalid credentials
    at err (C:\Users\moham\Desktop\Alfa Project\Aman app\backend\src\modules\cp_modules\dashboard.service.js:6:39)
    at exports.adminLogin (C:\Users\moham\Desktop\Alfa Project\Aman app\backend\src\modules\cp_modules\dashboard.service.js:11:68)
    at async exports.login (C:\Users\moham\Desktop\Alfa Project\Aman app\backend\src\controllers\cp_controllers\dashboard.controller.js:3:63)
[2026-04-25 10:02:52] ERROR: Error: Invalid credentials
    at err (C:\Users\moham\Desktop\Alfa Project\Aman app\backend\src\modules\cp_modules\dashboard.service.js:6:39)
    at exports.adminLogin (C:\Users\moham\Desktop\Alfa Project\Aman app\backend\src\modules\cp_modules\dashboard.service.js:11:68)
    at async exports.login (C:\Users\moham\Desktop\Alfa Project\Aman app\backend\src\controllers\cp_controllers\dashboard.controller.js:3:63)
[2026-04-25 10:03:23] ERROR: Error: Invalid credentials
    at err (C:\Users\moham\Desktop\Alfa Project\Aman app\backend\src\modules\cp_modules\dashboard.service.js:6:39)
    at exports.adminLogin (C:\Users\moham\Desktop\Alfa Project\Aman app\backend\src\modules\cp_modules\dashboard.service.js:11:68)
    at async exports.login (C:\Users\moham\Desktop\Alfa Project\Aman app\backend\src\controllers\cp_controllers\dashboard.controller.js:3:63)
[2026-04-25 10:03:24] ERROR: Error: Invalid credentials
    at err (C:\Users\moham\Desktop\Alfa Project\Aman app\backend\src\modules\cp_modules\dashboard.service.js:6:39)
    at exports.adminLogin (C:\Users\moham\Desktop\Alfa Project\Aman app\backend\src\modules\cp_modules\dashboard.service.js:11:68)
    at async exports.login (C:\Users\moham\Desktop\Alfa Project\Aman app\backend\src\controllers\cp_controllers\dashboard.controller.js:3:63)
[2026-04-25 10:03:24] ERROR: Error: Invalid credentials
    at err (C:\Users\moham\Desktop\Alfa Project\Aman app\backend\src\modules\cp_modules\dashboard.service.js:6:39)
    at exports.adminLogin (C:\Users\moham\Desktop\Alfa Project\Aman app\backend\src\modules\cp_modules\dashboard.service.js:11:68)
    at async exports.login (C:\Users\moham\Desktop\Alfa Project\Aman app\backend\src\controllers\cp_controllers\dashboard.controller.js:3:63)
[2026-04-25 10:03:24] ERROR: Error: Invalid credentials
    at err (C:\Users\moham\Desktop\Alfa Project\Aman app\backend\src\modules\cp_modules\dashboard.service.js:6:39)
    at exports.adminLogin (C:\Users\moham\Desktop\Alfa Project\Aman app\backend\src\modules\cp_modules\dashboard.service.js:11:68)
    at async exports.login (C:\Users\moham\Desktop\Alfa Project\Aman app\backend\src\controllers\cp_controllers\dashboard.controller.js:3:63)
[2026-04-25 10:03:25] ERROR: Error: Invalid credentials
    at err (C:\Users\moham\Desktop\Alfa Project\Aman app\backend\src\modules\cp_modules\dashboard.service.js:6:39)
    at exports.adminLogin (C:\Users\moham\Desktop\Alfa Project\Aman app\backend\src\modules\cp_modules\dashboard.service.js:11:68)
    at async exports.login (C:\Users\moham\Desktop\Alfa Project\Aman app\backend\src\controllers\cp_controllers\dashboard.controller.js:3:63)
[2026-04-25 10:03:25] ERROR: Error: Invalid credentials
    at err (C:\Users\moham\Desktop\Alfa Project\Aman app\backend\src\modules\cp_modules\dashboard.service.js:6:39)
    at exports.adminLogin (C:\Users\moham\Desktop\Alfa Project\Aman app\backend\src\modules\cp_modules\dashboard.service.js:11:68)
    at async exports.login (C:\Users\moham\Desktop\Alfa Project\Aman app\backend\src\controllers\cp_controllers\dashboard.controller.js:3:63)
[2026-04-25 10:03:25] ERROR: Error: Invalid credentials
    at err (C:\Users\moham\Desktop\Alfa Project\Aman app\backend\src\modules\cp_modules\dashboard.service.js:6:39)
    at exports.adminLogin (C:\Users\moham\Desktop\Alfa Project\Aman app\backend\src\modules\cp_modules\dashboard.service.js:11:68)
    at async exports.login (C:\Users\moham\Desktop\Alfa Project\Aman app\backend\src\controllers\cp_controllers\dashboard.controller.js:3:63)
[2026-04-25 10:03:36] ERROR: Error: Invalid credentials
    at err (C:\Users\moham\Desktop\Alfa Project\Aman app\backend\src\modules\cp_modules\dashboard.service.js:6:39)
    at exports.adminLogin (C:\Users\moham\Desktop\Alfa Project\Aman app\backend\src\modules\cp_modules\dashboard.service.js:11:68)
    at async exports.login (C:\Users\moham\Desktop\Alfa Project\Aman app\backend\src\controllers\cp_controllers\dashboard.controller.js:3:63)
[2026-04-25 10:05:50] ERROR: Error: Invalid credentials
    at err (C:\Users\moham\Desktop\Alfa Project\Aman app\backend\src\modules\cp_modules\dashboard.service.js:6:39)
    at exports.adminLogin (C:\Users\moham\Desktop\Alfa Project\Aman app\backend\src\modules\cp_modules\dashboard.service.js:11:68)
    at async exports.login (C:\Users\moham\Desktop\Alfa Project\Aman app\backend\src\controllers\cp_controllers\dashboard.controller.js:3:63)
[2026-04-25 10:05:57] ERROR: Error: Invalid credentials
    at err (C:\Users\moham\Desktop\Alfa Project\Aman app\backend\src\modules\cp_modules\dashboard.service.js:6:39)
    at exports.adminLogin (C:\Users\moham\Desktop\Alfa Project\Aman app\backend\src\modules\cp_modules\dashboard.service.js:11:68)
    at async exports.login (C:\Users\moham\Desktop\Alfa Project\Aman app\backend\src\controllers\cp_controllers\dashboard.controller.js:3:63)
[2026-04-25 10:06:41] ERROR: Error: Invalid credentials
    at err (C:\Users\moham\Desktop\Alfa Project\Aman app\backend\src\modules\cp_modules\dashboard.service.js:6:39)
    at exports.adminLogin (C:\Users\moham\Desktop\Alfa Project\Aman app\backend\src\modules\cp_modules\dashboard.service.js:11:68)
    at async exports.login (C:\Users\moham\Desktop\Alfa Project\Aman app\backend\src\controllers\cp_controllers\dashboard.controller.js:3:63)
[2026-04-25 10:07:35] ERROR: Error: Invalid credentials
    at err (C:\Users\moham\Desktop\Alfa Project\Aman app\backend\src\modules\cp_modules\dashboard.service.js:6:39)
    at exports.adminLogin (C:\Users\moham\Desktop\Alfa Project\Aman app\backend\src\modules\cp_modules\dashboard.service.js:10:21)
    at process.processTicksAndRejections (node:internal/process/task_queues:104:5)
    at async exports.login (C:\Users\moham\Desktop\Alfa Project\Aman app\backend\src\controllers\cp_controllers\dashboard.controller.js:3:63)
[2026-04-25 10:07:36] ERROR: Error: Invalid credentials
    at err (C:\Users\moham\Desktop\Alfa Project\Aman app\backend\src\modules\cp_modules\dashboard.service.js:6:39)
    at exports.adminLogin (C:\Users\moham\Desktop\Alfa Project\Aman app\backend\src\modules\cp_modules\dashboard.service.js:10:21)
    at process.processTicksAndRejections (node:internal/process/task_queues:104:5)
    at async exports.login (C:\Users\moham\Desktop\Alfa Project\Aman app\backend\src\controllers\cp_controllers\dashboard.controller.js:3:63)
[2026-04-25 10:07:37] ERROR: Error: Invalid credentials
    at err (C:\Users\moham\Desktop\Alfa Project\Aman app\backend\src\modules\cp_modules\dashboard.service.js:6:39)
    at exports.adminLogin (C:\Users\moham\Desktop\Alfa Project\Aman app\backend\src\modules\cp_modules\dashboard.service.js:10:21)
    at process.processTicksAndRejections (node:internal/process/task_queues:104:5)
    at async exports.login (C:\Users\moham\Desktop\Alfa Project\Aman app\backend\src\controllers\cp_controllers\dashboard.controller.js:3:63)
[2026-04-25 10:07:37] ERROR: Error: Invalid credentials
    at err (C:\Users\moham\Desktop\Alfa Project\Aman app\backend\src\modules\cp_modules\dashboard.service.js:6:39)
    at exports.adminLogin (C:\Users\moham\Desktop\Alfa Project\Aman app\backend\src\modules\cp_modules\dashboard.service.js:10:21)
    at process.processTicksAndRejections (node:internal/process/task_queues:104:5)
    at async exports.login (C:\Users\moham\Desktop\Alfa Project\Aman app\backend\src\controllers\cp_controllers\dashboard.controller.js:3:63)
[2026-04-25 10:07:37] ERROR: Error: Invalid credentials
    at err (C:\Users\moham\Desktop\Alfa Project\Aman app\backend\src\modules\cp_modules\dashboard.service.js:6:39)
    at exports.adminLogin (C:\Users\moham\Desktop\Alfa Project\Aman app\backend\src\modules\cp_modules\dashboard.service.js:10:21)
    at process.processTicksAndRejections (node:internal/process/task_queues:104:5)
    at async exports.login (C:\Users\moham\Desktop\Alfa Project\Aman app\backend\src\controllers\cp_controllers\dashboard.controller.js:3:63)
[2026-04-25 10:07:37] ERROR: Error: Invalid credentials
    at err (C:\Users\moham\Desktop\Alfa Project\Aman app\backend\src\modules\cp_modules\dashboard.service.js:6:39)
    at exports.adminLogin (C:\Users\moham\Desktop\Alfa Project\Aman app\backend\src\modules\cp_modules\dashboard.service.js:10:21)
    at process.processTicksAndRejections (node:internal/process/task_queues:104:5)
    at async exports.login (C:\Users\moham\Desktop\Alfa Project\Aman app\backend\src\controllers\cp_controllers\dashboard.controller.js:3:63)
[2026-04-25 10:07:58] ERROR: Error: Invalid credentials
    at err (C:\Users\moham\Desktop\Alfa Project\Aman app\backend\src\modules\cp_modules\dashboard.service.js:6:39)
    at exports.adminLogin (C:\Users\moham\Desktop\Alfa Project\Aman app\backend\src\modules\cp_modules\dashboard.service.js:10:21)
    at process.processTicksAndRejections (node:internal/process/task_queues:104:5)
    at async exports.login (C:\Users\moham\Desktop\Alfa Project\Aman app\backend\src\controllers\cp_controllers\dashboard.controller.js:3:63)
[2026-04-25 10:07:59] ERROR: Error: Invalid credentials
    at err (C:\Users\moham\Desktop\Alfa Project\Aman app\backend\src\modules\cp_modules\dashboard.service.js:6:39)
    at exports.adminLogin (C:\Users\moham\Desktop\Alfa Project\Aman app\backend\src\modules\cp_modules\dashboard.service.js:10:21)
    at process.processTicksAndRejections (node:internal/process/task_queues:104:5)
    at async exports.login (C:\Users\moham\Desktop\Alfa Project\Aman app\backend\src\controllers\cp_controllers\dashboard.controller.js:3:63)
[2026-04-25 10:08:00] ERROR: Error: Invalid credentials
    at err (C:\Users\moham\Desktop\Alfa Project\Aman app\backend\src\modules\cp_modules\dashboard.service.js:6:39)
    at exports.adminLogin (C:\Users\moham\Desktop\Alfa Project\Aman app\backend\src\modules\cp_modules\dashboard.service.js:10:21)
    at process.processTicksAndRejections (node:internal/process/task_queues:104:5)
    at async exports.login (C:\Users\moham\Desktop\Alfa Project\Aman app\backend\src\controllers\cp_controllers\dashboard.controller.js:3:63)
[2026-04-25 10:08:00] ERROR: Error: Invalid credentials
    at err (C:\Users\moham\Desktop\Alfa Project\Aman app\backend\src\modules\cp_modules\dashboard.service.js:6:39)
    at exports.adminLogin (C:\Users\moham\Desktop\Alfa Project\Aman app\backend\src\modules\cp_modules\dashboard.service.js:10:21)
    at process.processTicksAndRejections (node:internal/process/task_queues:104:5)
    at async exports.login (C:\Users\moham\Desktop\Alfa Project\Aman app\backend\src\controllers\cp_controllers\dashboard.controller.js:3:63)
[2026-04-25 10:08:42] ERROR: Error: Invalid credentials
    at err (C:\Users\moham\Desktop\Alfa Project\Aman app\backend\src\modules\cp_modules\dashboard.service.js:6:39)
    at exports.adminLogin (C:\Users\moham\Desktop\Alfa Project\Aman app\backend\src\modules\cp_modules\dashboard.service.js:11:68)
    at async exports.login (C:\Users\moham\Desktop\Alfa Project\Aman app\backend\src\controllers\cp_controllers\dashboard.controller.js:3:63)
[2026-04-25 10:09:36] ERROR: Error: Invalid credentials
    at err (C:\Users\moham\Desktop\Alfa Project\Aman app\backend\src\modules\cp_modules\dashboard.service.js:6:39)
    at exports.adminLogin (C:\Users\moham\Desktop\Alfa Project\Aman app\backend\src\modules\cp_modules\dashboard.service.js:11:68)
    at async exports.login (C:\Users\moham\Desktop\Alfa Project\Aman app\backend\src\controllers\cp_controllers\dashboard.controller.js:3:63)
[2026-04-25 10:09:37] ERROR: Error: Invalid credentials
    at err (C:\Users\moham\Desktop\Alfa Project\Aman app\backend\src\modules\cp_modules\dashboard.service.js:6:39)
    at exports.adminLogin (C:\Users\moham\Desktop\Alfa Project\Aman app\backend\src\modules\cp_modules\dashboard.service.js:11:68)
    at async exports.login (C:\Users\moham\Desktop\Alfa Project\Aman app\backend\src\controllers\cp_controllers\dashboard.controller.js:3:63)
[2026-04-25 10:09:38] ERROR: Error: Invalid credentials
    at err (C:\Users\moham\Desktop\Alfa Project\Aman app\backend\src\modules\cp_modules\dashboard.service.js:6:39)
    at exports.adminLogin (C:\Users\moham\Desktop\Alfa Project\Aman app\backend\src\modules\cp_modules\dashboard.service.js:11:68)
    at async exports.login (C:\Users\moham\Desktop\Alfa Project\Aman app\backend\src\controllers\cp_controllers\dashboard.controller.js:3:63)
[2026-04-25 10:09:39] ERROR: Error: Invalid credentials
    at err (C:\Users\moham\Desktop\Alfa Project\Aman app\backend\src\modules\cp_modules\dashboard.service.js:6:39)
    at exports.adminLogin (C:\Users\moham\Desktop\Alfa Project\Aman app\backend\src\modules\cp_modules\dashboard.service.js:11:68)
    at async exports.login (C:\Users\moham\Desktop\Alfa Project\Aman app\backend\src\controllers\cp_controllers\dashboard.controller.js:3:63)
[2026-04-25 10:10:18] ERROR: Error: Invalid credentials
    at err (C:\Users\moham\Desktop\Alfa Project\Aman app\backend\src\modules\cp_modules\dashboard.service.js:6:39)
    at exports.adminLogin (C:\Users\moham\Desktop\Alfa Project\Aman app\backend\src\modules\cp_modules\dashboard.service.js:11:68)
    at async exports.login (C:\Users\moham\Desktop\Alfa Project\Aman app\backend\src\controllers\cp_controllers\dashboard.controller.js:3:63)
[2026-04-25 10:10:20] ERROR: Error: Invalid credentials
    at err (C:\Users\moham\Desktop\Alfa Project\Aman app\backend\src\modules\cp_modules\dashboard.service.js:6:39)
    at exports.adminLogin (C:\Users\moham\Desktop\Alfa Project\Aman app\backend\src\modules\cp_modules\dashboard.service.js:11:68)
    at async exports.login (C:\Users\moham\Desktop\Alfa Project\Aman app\backend\src\controllers\cp_controllers\dashboard.controller.js:3:63)
[2026-04-25 10:10:26] ERROR: Error: Invalid credentials
    at err (C:\Users\moham\Desktop\Alfa Project\Aman app\backend\src\modules\cp_modules\dashboard.service.js:6:39)
    at exports.adminLogin (C:\Users\moham\Desktop\Alfa Project\Aman app\backend\src\modules\cp_modules\dashboard.service.js:11:68)
    at async exports.login (C:\Users\moham\Desktop\Alfa Project\Aman app\backend\src\controllers\cp_controllers\dashboard.controller.js:3:63)
[2026-04-25 10:12:47] ERROR: Error: Invalid credentials
    at err (C:\Users\moham\Desktop\Alfa Project\Aman app\backend\src\modules\cp_modules\dashboard.service.js:6:39)
    at exports.adminLogin (C:\Users\moham\Desktop\Alfa Project\Aman app\backend\src\modules\cp_modules\dashboard.service.js:11:68)
    at async exports.login (C:\Users\moham\Desktop\Alfa Project\Aman app\backend\src\controllers\cp_controllers\dashboard.controller.js:3:63)
[2026-04-25 10:14:04] ERROR: Error: Invalid credentials
    at err (C:\Users\moham\Desktop\Alfa Project\Aman app\backend\src\modules\cp_modules\dashboard.service.js:6:39)
    at exports.adminLogin (C:\Users\moham\Desktop\Alfa Project\Aman app\backend\src\modules\cp_modules\dashboard.service.js:11:68)
    at async exports.login (C:\Users\moham\Desktop\Alfa Project\Aman app\backend\src\controllers\cp_controllers\dashboard.controller.js:3:63)
[2026-04-25 10:14:05] ERROR: Error: Invalid credentials
    at err (C:\Users\moham\Desktop\Alfa Project\Aman app\backend\src\modules\cp_modules\dashboard.service.js:6:39)
    at exports.adminLogin (C:\Users\moham\Desktop\Alfa Project\Aman app\backend\src\modules\cp_modules\dashboard.service.js:11:68)
    at async exports.login (C:\Users\moham\Desktop\Alfa Project\Aman app\backend\src\controllers\cp_controllers\dashboard.controller.js:3:63)
[2026-04-25 10:17:02] ERROR: Error
    at Query.run (C:\Users\moham\Desktop\Alfa Project\Aman app\backend\node_modules\sequelize\lib\dialects\mysql\query.js:52:25)
    at C:\Users\moham\Desktop\Alfa Project\Aman app\backend\node_modules\sequelize\lib\sequelize.js:315:28
    at process.processTicksAndRejections (node:internal/process/task_queues:104:5)
    at async MySQLQueryInterface.select (C:\Users\moham\Desktop\Alfa Project\Aman app\backend\node_modules\sequelize\lib\dialects\abstract\query-interface.js:407:12)
    at async Rating.findAll (C:\Users\moham\Desktop\Alfa Project\Aman app\backend\node_modules\sequelize\lib\model.js:1140:21)
    at async Promise.all (index 1)
    at async Rating.findAndCountAll (C:\Users\moham\Desktop\Alfa Project\Aman app\backend\node_modules\sequelize\lib\model.js:1322:27)
    at async exports.listRatings (C:\Users\moham\Desktop\Alfa Project\Aman app\backend\src\modules\cp_modules\ratings.service.js:5:27)
    at async exports.listRatings (C:\Users\moham\Desktop\Alfa Project\Aman app\backend\src\controllers\cp_controllers\ratings.controller.js:3:67)
  MySQL: Illegal mix of collations (utf8mb4_0900_ai_ci,IMPLICIT) and (utf8mb4_unicode_ci,IMPLICIT) for operation '='
[2026-04-25 10:17:41] INFO: [Socket] Connected: a7f8f1a1-12fb-40bf-9d60-41840f890fd0
[2026-04-25 10:18:36] INFO: [Socket] Connected: ef824feb-7931-4237-b328-b985473fbf2a
[2026-04-25 10:18:50] ERROR: Error
    at Query.run (C:\Users\moham\Desktop\Alfa Project\Aman app\backend\node_modules\sequelize\lib\dialects\mysql\query.js:52:25)
    at C:\Users\moham\Desktop\Alfa Project\Aman app\backend\node_modules\sequelize\lib\sequelize.js:315:28
    at process.processTicksAndRejections (node:internal/process/task_queues:104:5)
    at async MySQLQueryInterface.rawSelect (C:\Users\moham\Desktop\Alfa Project\Aman app\backend\node_modules\sequelize\lib\dialects\abstract\query-interface.js:434:18)
    at async Rating.aggregate (C:\Users\moham\Desktop\Alfa Project\Aman app\backend\node_modules\sequelize\lib\model.js:1277:19)
    at async Rating.count (C:\Users\moham\Desktop\Alfa Project\Aman app\backend\node_modules\sequelize\lib\model.js:1306:20)
    at async Promise.all (index 0)
    at async Rating.findAndCountAll (C:\Users\moham\Desktop\Alfa Project\Aman app\backend\node_modules\sequelize\lib\model.js:1322:27)
    at async exports.listRatings (C:\Users\moham\Desktop\Alfa Project\Aman app\backend\src\modules\cp_modules\ratings.service.js:5:27)
    at async exports.listRatings (C:\Users\moham\Desktop\Alfa Project\Aman app\backend\src\controllers\cp_controllers\ratings.controller.js:3:67)
  MySQL: Illegal mix of collations (utf8mb4_0900_ai_ci,IMPLICIT) and (utf8mb4_unicode_ci,IMPLICIT) for operation '='
[2026-04-25 10:18:53] ERROR: Error
    at Query.run (C:\Users\moham\Desktop\Alfa Project\Aman app\backend\node_modules\sequelize\lib\dialects\mysql\query.js:52:25)
    at C:\Users\moham\Desktop\Alfa Project\Aman app\backend\node_modules\sequelize\lib\sequelize.js:315:28
    at process.processTicksAndRejections (node:internal/process/task_queues:104:5)
    at async MySQLQueryInterface.rawSelect (C:\Users\moham\Desktop\Alfa Project\Aman app\backend\node_modules\sequelize\lib\dialects\abstract\query-interface.js:434:18)
    at async Rating.aggregate (C:\Users\moham\Desktop\Alfa Project\Aman app\backend\node_modules\sequelize\lib\model.js:1277:19)
    at async Rating.count (C:\Users\moham\Desktop\Alfa Project\Aman app\backend\node_modules\sequelize\lib\model.js:1306:20)
    at async Promise.all (index 0)
    at async Rating.findAndCountAll (C:\Users\moham\Desktop\Alfa Project\Aman app\backend\node_modules\sequelize\lib\model.js:1322:27)
    at async exports.listRatings (C:\Users\moham\Desktop\Alfa Project\Aman app\backend\src\modules\cp_modules\ratings.service.js:5:27)
    at async exports.listRatings (C:\Users\moham\Desktop\Alfa Project\Aman app\backend\src\controllers\cp_controllers\ratings.controller.js:3:67)
  MySQL: Illegal mix of collations (utf8mb4_0900_ai_ci,IMPLICIT) and (utf8mb4_unicode_ci,IMPLICIT) for operation '='
[2026-04-25 10:18:54] ERROR: Error
    at Query.run (C:\Users\moham\Desktop\Alfa Project\Aman app\backend\node_modules\sequelize\lib\dialects\mysql\query.js:52:25)
    at C:\Users\moham\Desktop\Alfa Project\Aman app\backend\node_modules\sequelize\lib\sequelize.js:315:28
    at process.processTicksAndRejections (node:internal/process/task_queues:104:5)
    at async MySQLQueryInterface.rawSelect (C:\Users\moham\Desktop\Alfa Project\Aman app\backend\node_modules\sequelize\lib\dialects\abstract\query-interface.js:434:18)
    at async Rating.aggregate (C:\Users\moham\Desktop\Alfa Project\Aman app\backend\node_modules\sequelize\lib\model.js:1277:19)
    at async Rating.count (C:\Users\moham\Desktop\Alfa Project\Aman app\backend\node_modules\sequelize\lib\model.js:1306:20)
    at async Promise.all (index 0)
    at async Rating.findAndCountAll (C:\Users\moham\Desktop\Alfa Project\Aman app\backend\node_modules\sequelize\lib\model.js:1322:27)
    at async exports.listRatings (C:\Users\moham\Desktop\Alfa Project\Aman app\backend\src\modules\cp_modules\ratings.service.js:5:27)
    at async exports.listRatings (C:\Users\moham\Desktop\Alfa Project\Aman app\backend\src\controllers\cp_controllers\ratings.controller.js:3:67)
  MySQL: Illegal mix of collations (utf8mb4_0900_ai_ci,IMPLICIT) and (utf8mb4_unicode_ci,IMPLICIT) for operation '='
[2026-04-25 10:18:54] ERROR: Error
    at Query.run (C:\Users\moham\Desktop\Alfa Project\Aman app\backend\node_modules\sequelize\lib\dialects\mysql\query.js:52:25)
    at C:\Users\moham\Desktop\Alfa Project\Aman app\backend\node_modules\sequelize\lib\sequelize.js:315:28
    at process.processTicksAndRejections (node:internal/process/task_queues:104:5)
    at async MySQLQueryInterface.rawSelect (C:\Users\moham\Desktop\Alfa Project\Aman app\backend\node_modules\sequelize\lib\dialects\abstract\query-interface.js:434:18)
    at async Rating.aggregate (C:\Users\moham\Desktop\Alfa Project\Aman app\backend\node_modules\sequelize\lib\model.js:1277:19)
    at async Rating.count (C:\Users\moham\Desktop\Alfa Project\Aman app\backend\node_modules\sequelize\lib\model.js:1306:20)
    at async Promise.all (index 0)
    at async Rating.findAndCountAll (C:\Users\moham\Desktop\Alfa Project\Aman app\backend\node_modules\sequelize\lib\model.js:1322:27)
    at async exports.listRatings (C:\Users\moham\Desktop\Alfa Project\Aman app\backend\src\modules\cp_modules\ratings.service.js:5:27)
    at async exports.listRatings (C:\Users\moham\Desktop\Alfa Project\Aman app\backend\src\controllers\cp_controllers\ratings.controller.js:3:67)
  MySQL: Illegal mix of collations (utf8mb4_0900_ai_ci,IMPLICIT) and (utf8mb4_unicode_ci,IMPLICIT) for operation '='
[2026-04-25 10:19:30] ERROR: Error
    at Query.run (C:\Users\moham\Desktop\Alfa Project\Aman app\backend\node_modules\sequelize\lib\dialects\mysql\query.js:52:25)
    at C:\Users\moham\Desktop\Alfa Project\Aman app\backend\node_modules\sequelize\lib\sequelize.js:315:28
    at process.processTicksAndRejections (node:internal/process/task_queues:104:5)
    at async MySQLQueryInterface.rawSelect (C:\Users\moham\Desktop\Alfa Project\Aman app\backend\node_modules\sequelize\lib\dialects\abstract\query-interface.js:434:18)
    at async Rating.aggregate (C:\Users\moham\Desktop\Alfa Project\Aman app\backend\node_modules\sequelize\lib\model.js:1277:19)
    at async Rating.count (C:\Users\moham\Desktop\Alfa Project\Aman app\backend\node_modules\sequelize\lib\model.js:1306:20)
    at async Promise.all (index 0)
    at async Rating.findAndCountAll (C:\Users\moham\Desktop\Alfa Project\Aman app\backend\node_modules\sequelize\lib\model.js:1322:27)
    at async exports.listRatings (C:\Users\moham\Desktop\Alfa Project\Aman app\backend\src\modules\cp_modules\ratings.service.js:5:27)
    at async exports.listRatings (C:\Users\moham\Desktop\Alfa Project\Aman app\backend\src\controllers\cp_controllers\ratings.controller.js:3:67)
  MySQL: Illegal mix of collations (utf8mb4_0900_ai_ci,IMPLICIT) and (utf8mb4_unicode_ci,IMPLICIT) for operation '='
[2026-04-25 10:19:34] ERROR: Error
    at Query.run (C:\Users\moham\Desktop\Alfa Project\Aman app\backend\node_modules\sequelize\lib\dialects\mysql\query.js:52:25)
    at C:\Users\moham\Desktop\Alfa Project\Aman app\backend\node_modules\sequelize\lib\sequelize.js:315:28
    at process.processTicksAndRejections (node:internal/process/task_queues:104:5)
    at async MySQLQueryInterface.select (C:\Users\moham\Desktop\Alfa Project\Aman app\backend\node_modules\sequelize\lib\dialects\abstract\query-interface.js:407:12)
    at async Rating.findAll (C:\Users\moham\Desktop\Alfa Project\Aman app\backend\node_modules\sequelize\lib\model.js:1140:21)
    at async Promise.all (index 1)
    at async Rating.findAndCountAll (C:\Users\moham\Desktop\Alfa Project\Aman app\backend\node_modules\sequelize\lib\model.js:1322:27)
    at async exports.listRatings (C:\Users\moham\Desktop\Alfa Project\Aman app\backend\src\modules\cp_modules\ratings.service.js:5:27)
    at async exports.listRatings (C:\Users\moham\Desktop\Alfa Project\Aman app\backend\src\controllers\cp_controllers\ratings.controller.js:3:67)
  MySQL: Illegal mix of collations (utf8mb4_0900_ai_ci,IMPLICIT) and (utf8mb4_unicode_ci,IMPLICIT) for operation '='
[2026-04-25 10:20:58] INFO: [Socket] Disconnected: a7f8f1a1-12fb-40bf-9d60-41840f890fd0
[2026-04-25 10:21:28] ERROR: Error: Account banned
    at err (C:\Users\moham\Desktop\Alfa Project\Aman app\backend\src\modules\mobile_modules\auth.service.js:19:46)
    at exports.login (C:\Users\moham\Desktop\Alfa Project\Aman app\backend\src\modules\mobile_modules\auth.service.js:131:57)
    at async exports.login (C:\Users\moham\Desktop\Alfa Project\Aman app\backend\src\controllers\mobile_controllers\auth.controller.js:19:18)
[2026-04-25 10:21:37] INFO: [Socket] Connected: a7f8f1a1-12fb-40bf-9d60-41840f890fd0
[2026-04-25 10:24:21] ERROR: Error
    at Query.run (C:\Users\moham\Desktop\Alfa Project\Aman app\backend\node_modules\sequelize\lib\dialects\mysql\query.js:52:25)
    at C:\Users\moham\Desktop\Alfa Project\Aman app\backend\node_modules\sequelize\lib\sequelize.js:315:28
    at process.processTicksAndRejections (node:internal/process/task_queues:104:5)
    at async MySQLQueryInterface.rawSelect (C:\Users\moham\Desktop\Alfa Project\Aman app\backend\node_modules\sequelize\lib\dialects\abstract\query-interface.js:434:18)
    at async Rating.aggregate (C:\Users\moham\Desktop\Alfa Project\Aman app\backend\node_modules\sequelize\lib\model.js:1277:19)
    at async Rating.count (C:\Users\moham\Desktop\Alfa Project\Aman app\backend\node_modules\sequelize\lib\model.js:1306:20)
    at async Promise.all (index 0)
    at async Rating.findAndCountAll (C:\Users\moham\Desktop\Alfa Project\Aman app\backend\node_modules\sequelize\lib\model.js:1322:27)
    at async exports.listRatings (C:\Users\moham\Desktop\Alfa Project\Aman app\backend\src\modules\cp_modules\ratings.service.js:5:27)
    at async exports.listRatings (C:\Users\moham\Desktop\Alfa Project\Aman app\backend\src\controllers\cp_controllers\ratings.controller.js:3:67)
  MySQL: Illegal mix of collations (utf8mb4_0900_ai_ci,IMPLICIT) and (utf8mb4_unicode_ci,IMPLICIT) for operation '='
[2026-04-25 10:24:37] ERROR: Error
    at Query.run (C:\Users\moham\Desktop\Alfa Project\Aman app\backend\node_modules\sequelize\lib\dialects\mysql\query.js:52:25)
    at C:\Users\moham\Desktop\Alfa Project\Aman app\backend\node_modules\sequelize\lib\sequelize.js:315:28
    at process.processTicksAndRejections (node:internal/process/task_queues:104:5)
    at async MySQLQueryInterface.rawSelect (C:\Users\moham\Desktop\Alfa Project\Aman app\backend\node_modules\sequelize\lib\dialects\abstract\query-interface.js:434:18)
    at async Rating.aggregate (C:\Users\moham\Desktop\Alfa Project\Aman app\backend\node_modules\sequelize\lib\model.js:1277:19)
    at async Rating.count (C:\Users\moham\Desktop\Alfa Project\Aman app\backend\node_modules\sequelize\lib\model.js:1306:20)
    at async Promise.all (index 0)
    at async Rating.findAndCountAll (C:\Users\moham\Desktop\Alfa Project\Aman app\backend\node_modules\sequelize\lib\model.js:1322:27)
    at async exports.listRatings (C:\Users\moham\Desktop\Alfa Project\Aman app\backend\src\modules\cp_modules\ratings.service.js:5:27)
    at async exports.listRatings (C:\Users\moham\Desktop\Alfa Project\Aman app\backend\src\controllers\cp_controllers\ratings.controller.js:3:67)
  MySQL: Illegal mix of collations (utf8mb4_0900_ai_ci,IMPLICIT) and (utf8mb4_unicode_ci,IMPLICIT) for operation '='
[2026-04-25 10:25:02] ERROR: Error
    at Query.run (C:\Users\moham\Desktop\Alfa Project\Aman app\backend\node_modules\sequelize\lib\dialects\mysql\query.js:52:25)
    at C:\Users\moham\Desktop\Alfa Project\Aman app\backend\node_modules\sequelize\lib\sequelize.js:315:28
    at process.processTicksAndRejections (node:internal/process/task_queues:104:5)
    at async MySQLQueryInterface.rawSelect (C:\Users\moham\Desktop\Alfa Project\Aman app\backend\node_modules\sequelize\lib\dialects\abstract\query-interface.js:434:18)
    at async Rating.aggregate (C:\Users\moham\Desktop\Alfa Project\Aman app\backend\node_modules\sequelize\lib\model.js:1277:19)
    at async Rating.count (C:\Users\moham\Desktop\Alfa Project\Aman app\backend\node_modules\sequelize\lib\model.js:1306:20)
    at async Promise.all (index 0)
    at async Rating.findAndCountAll (C:\Users\moham\Desktop\Alfa Project\Aman app\backend\node_modules\sequelize\lib\model.js:1322:27)
    at async exports.listRatings (C:\Users\moham\Desktop\Alfa Project\Aman app\backend\src\modules\cp_modules\ratings.service.js:5:27)
    at async exports.listRatings (C:\Users\moham\Desktop\Alfa Project\Aman app\backend\src\controllers\cp_controllers\ratings.controller.js:3:67)
  MySQL: Illegal mix of collations (utf8mb4_0900_ai_ci,IMPLICIT) and (utf8mb4_unicode_ci,IMPLICIT) for operation '='
[2026-04-25 10:25:22] INFO: [DB] Sequelize connected to MySQL
[2026-04-25 10:25:22] INFO: [Migration] Already applied: drop ratings_ibfk_1
[2026-04-25 10:25:22] INFO: [Migration] Already applied: drop ratings_ibfk_2
[2026-04-25 10:25:22] INFO: [Migration] Already applied: drop pm_ibfk_1
[2026-04-25 10:25:22] INFO: [Migration] Already applied: drop pm_ibfk_2
[2026-04-25 10:25:22] INFO: [Migration] OK: ratings.rated_id nullable
[2026-04-25 10:25:22] WARN: [Migration] Skipped "groups.status": Duplicate column name 'status'
[2026-04-25 10:25:22] INFO: [DB] All tables synced
[2026-04-25 10:25:22] INFO: [DB] app_content seeded
[2026-04-25 10:25:22] INFO: Wisber backend running on port 3000
[2026-04-25 10:25:22] INFO: [Socket] Connected: a7f8f1a1-12fb-40bf-9d60-41840f890fd0
[2026-04-25 10:25:23] INFO: [Socket] Connected: ef824feb-7931-4237-b328-b985473fbf2a
[2026-04-25 10:25:55] INFO: [DB] Sequelize connected to MySQL
[2026-04-25 10:25:55] INFO: [Migration] Already applied: drop ratings_ibfk_1
[2026-04-25 10:25:55] INFO: [Migration] Already applied: drop ratings_ibfk_2
[2026-04-25 10:25:55] INFO: [Migration] Already applied: drop pm_ibfk_1
[2026-04-25 10:25:55] INFO: [Migration] Already applied: drop pm_ibfk_2
[2026-04-25 10:25:55] INFO: [Migration] OK: ratings.rated_id nullable
[2026-04-25 10:25:55] WARN: [Migration] Skipped "groups.status": Duplicate column name 'status'
[2026-04-25 10:25:55] INFO: [Migration] OK: groups.is_active
[2026-04-25 10:25:55] INFO: [DB] All tables synced
[2026-04-25 10:25:55] INFO: [DB] app_content seeded
[2026-04-25 10:25:55] INFO: Wisber backend running on port 3000
[2026-04-25 10:25:55] INFO: [Socket] Connected: ef824feb-7931-4237-b328-b985473fbf2a
[2026-04-25 10:25:55] INFO: [Socket] Connected: a7f8f1a1-12fb-40bf-9d60-41840f890fd0
[2026-04-25 10:26:07] INFO: [DB] Sequelize connected to MySQL
[2026-04-25 10:26:07] INFO: [Migration] Already applied: drop ratings_ibfk_1
[2026-04-25 10:26:07] INFO: [Migration] Already applied: drop ratings_ibfk_2
[2026-04-25 10:26:07] INFO: [Migration] Already applied: drop pm_ibfk_1
[2026-04-25 10:26:07] INFO: [Migration] Already applied: drop pm_ibfk_2
[2026-04-25 10:26:07] INFO: [Migration] OK: ratings.rated_id nullable
[2026-04-25 10:26:07] WARN: [Migration] Skipped "groups.status": Duplicate column name 'status'
[2026-04-25 10:26:07] WARN: [Migration] Skipped "groups.is_active": Duplicate column name 'is_active'
[2026-04-25 10:26:07] INFO: [DB] All tables synced
[2026-04-25 10:26:07] INFO: [DB] app_content seeded
[2026-04-25 10:26:07] INFO: Wisber backend running on port 3000
[2026-04-25 10:26:08] INFO: [Socket] Connected: ef824feb-7931-4237-b328-b985473fbf2a
[2026-04-25 10:26:08] INFO: [Socket] Connected: a7f8f1a1-12fb-40bf-9d60-41840f890fd0
[2026-04-25 10:26:09] INFO: [DB] Sequelize connected to MySQL
[2026-04-25 10:26:09] INFO: [Migration] Already applied: drop ratings_ibfk_1
[2026-04-25 10:26:09] INFO: [Migration] Already applied: drop ratings_ibfk_2
[2026-04-25 10:26:09] INFO: [Migration] Already applied: drop pm_ibfk_1
[2026-04-25 10:26:09] INFO: [Migration] Already applied: drop pm_ibfk_2
[2026-04-25 10:26:09] INFO: [Migration] OK: ratings.rated_id nullable
[2026-04-25 10:26:09] WARN: [Migration] Skipped "groups.status": Duplicate column name 'status'
[2026-04-25 10:26:09] WARN: [Migration] Skipped "groups.is_active": Duplicate column name 'is_active'
[2026-04-25 10:26:09] INFO: [DB] All tables synced
[2026-04-25 10:26:09] INFO: [DB] app_content seeded
[2026-04-25 10:26:09] INFO: Wisber backend running on port 3000
[2026-04-25 10:26:10] INFO: [Socket] Connected: a7f8f1a1-12fb-40bf-9d60-41840f890fd0
[2026-04-25 10:26:10] INFO: [Socket] Connected: ef824feb-7931-4237-b328-b985473fbf2a
[2026-04-25 10:26:15] INFO: [DB] Sequelize connected to MySQL
[2026-04-25 10:26:15] INFO: [Migration] Already applied: drop ratings_ibfk_1
[2026-04-25 10:26:15] INFO: [Migration] Already applied: drop ratings_ibfk_2
[2026-04-25 10:26:15] INFO: [Migration] Already applied: drop pm_ibfk_1
[2026-04-25 10:26:15] INFO: [Migration] Already applied: drop pm_ibfk_2
[2026-04-25 10:26:15] INFO: [Migration] OK: ratings.rated_id nullable
[2026-04-25 10:26:15] WARN: [Migration] Skipped "groups.status": Duplicate column name 'status'
[2026-04-25 10:26:15] WARN: [Migration] Skipped "groups.is_active": Duplicate column name 'is_active'
[2026-04-25 10:26:15] INFO: [DB] All tables synced
[2026-04-25 10:26:15] INFO: [DB] app_content seeded
[2026-04-25 10:26:15] INFO: Wisber backend running on port 3000
[2026-04-25 10:26:16] INFO: [Socket] Connected: ef824feb-7931-4237-b328-b985473fbf2a
[2026-04-25 10:26:16] INFO: [Socket] Connected: a7f8f1a1-12fb-40bf-9d60-41840f890fd0
[2026-04-25 10:27:43] ERROR: Error
    at Query.run (C:\Users\moham\Desktop\Alfa Project\Aman app\backend\node_modules\sequelize\lib\dialects\mysql\query.js:52:25)
    at C:\Users\moham\Desktop\Alfa Project\Aman app\backend\node_modules\sequelize\lib\sequelize.js:315:28
    at process.processTicksAndRejections (node:internal/process/task_queues:104:5)
    at async MySQLQueryInterface.rawSelect (C:\Users\moham\Desktop\Alfa Project\Aman app\backend\node_modules\sequelize\lib\dialects\abstract\query-interface.js:434:18)
    at async Rating.aggregate (C:\Users\moham\Desktop\Alfa Project\Aman app\backend\node_modules\sequelize\lib\model.js:1277:19)
    at async Rating.count (C:\Users\moham\Desktop\Alfa Project\Aman app\backend\node_modules\sequelize\lib\model.js:1306:20)
    at async Promise.all (index 0)
    at async Rating.findAndCountAll (C:\Users\moham\Desktop\Alfa Project\Aman app\backend\node_modules\sequelize\lib\model.js:1322:27)
    at async exports.listRatings (C:\Users\moham\Desktop\Alfa Project\Aman app\backend\src\modules\cp_modules\ratings.service.js:5:27)
    at async exports.listRatings (C:\Users\moham\Desktop\Alfa Project\Aman app\backend\src\controllers\cp_controllers\ratings.controller.js:3:67)
  MySQL: Illegal mix of collations (utf8mb4_0900_ai_ci,IMPLICIT) and (utf8mb4_unicode_ci,IMPLICIT) for operation '='
[2026-04-25 10:28:47] ERROR: Error
    at Query.run (C:\Users\moham\Desktop\Alfa Project\Aman app\backend\node_modules\sequelize\lib\dialects\mysql\query.js:52:25)
    at C:\Users\moham\Desktop\Alfa Project\Aman app\backend\node_modules\sequelize\lib\sequelize.js:315:28
    at process.processTicksAndRejections (node:internal/process/task_queues:104:5)
    at async MySQLQueryInterface.rawSelect (C:\Users\moham\Desktop\Alfa Project\Aman app\backend\node_modules\sequelize\lib\dialects\abstract\query-interface.js:434:18)
    at async Rating.aggregate (C:\Users\moham\Desktop\Alfa Project\Aman app\backend\node_modules\sequelize\lib\model.js:1277:19)
    at async Rating.count (C:\Users\moham\Desktop\Alfa Project\Aman app\backend\node_modules\sequelize\lib\model.js:1306:20)
    at async Promise.all (index 0)
    at async Rating.findAndCountAll (C:\Users\moham\Desktop\Alfa Project\Aman app\backend\node_modules\sequelize\lib\model.js:1322:27)
    at async exports.listRatings (C:\Users\moham\Desktop\Alfa Project\Aman app\backend\src\modules\cp_modules\ratings.service.js:5:27)
    at async exports.listRatings (C:\Users\moham\Desktop\Alfa Project\Aman app\backend\src\controllers\cp_controllers\ratings.controller.js:3:67)
  MySQL: Illegal mix of collations (utf8mb4_0900_ai_ci,IMPLICIT) and (utf8mb4_unicode_ci,IMPLICIT) for operation '='
[2026-04-25 10:29:18] ERROR: Error
    at Query.run (C:\Users\moham\Desktop\Alfa Project\Aman app\backend\node_modules\sequelize\lib\dialects\mysql\query.js:52:25)
    at C:\Users\moham\Desktop\Alfa Project\Aman app\backend\node_modules\sequelize\lib\sequelize.js:315:28
    at process.processTicksAndRejections (node:internal/process/task_queues:104:5)
    at async MySQLQueryInterface.rawSelect (C:\Users\moham\Desktop\Alfa Project\Aman app\backend\node_modules\sequelize\lib\dialects\abstract\query-interface.js:434:18)
    at async Rating.aggregate (C:\Users\moham\Desktop\Alfa Project\Aman app\backend\node_modules\sequelize\lib\model.js:1277:19)
    at async Rating.count (C:\Users\moham\Desktop\Alfa Project\Aman app\backend\node_modules\sequelize\lib\model.js:1306:20)
    at async Promise.all (index 0)
    at async Rating.findAndCountAll (C:\Users\moham\Desktop\Alfa Project\Aman app\backend\node_modules\sequelize\lib\model.js:1322:27)
    at async exports.listRatings (C:\Users\moham\Desktop\Alfa Project\Aman app\backend\src\modules\cp_modules\ratings.service.js:5:27)
    at async exports.listRatings (C:\Users\moham\Desktop\Alfa Project\Aman app\backend\src\controllers\cp_controllers\ratings.controller.js:3:67)
  MySQL: Illegal mix of collations (utf8mb4_0900_ai_ci,IMPLICIT) and (utf8mb4_unicode_ci,IMPLICIT) for operation '='
[2026-04-25 10:29:35] ERROR: Error
    at Query.run (C:\Users\moham\Desktop\Alfa Project\Aman app\backend\node_modules\sequelize\lib\dialects\mysql\query.js:52:25)
    at C:\Users\moham\Desktop\Alfa Project\Aman app\backend\node_modules\sequelize\lib\sequelize.js:315:28
    at process.processTicksAndRejections (node:internal/process/task_queues:104:5)
    at async MySQLQueryInterface.rawSelect (C:\Users\moham\Desktop\Alfa Project\Aman app\backend\node_modules\sequelize\lib\dialects\abstract\query-interface.js:434:18)
    at async Rating.aggregate (C:\Users\moham\Desktop\Alfa Project\Aman app\backend\node_modules\sequelize\lib\model.js:1277:19)
    at async Rating.count (C:\Users\moham\Desktop\Alfa Project\Aman app\backend\node_modules\sequelize\lib\model.js:1306:20)
    at async Promise.all (index 0)
    at async Rating.findAndCountAll (C:\Users\moham\Desktop\Alfa Project\Aman app\backend\node_modules\sequelize\lib\model.js:1322:27)
    at async exports.listRatings (C:\Users\moham\Desktop\Alfa Project\Aman app\backend\src\modules\cp_modules\ratings.service.js:5:27)
    at async exports.listRatings (C:\Users\moham\Desktop\Alfa Project\Aman app\backend\src\controllers\cp_controllers\ratings.controller.js:3:67)
  MySQL: Illegal mix of collations (utf8mb4_0900_ai_ci,IMPLICIT) and (utf8mb4_unicode_ci,IMPLICIT) for operation '='
[2026-04-25 10:29:39] ERROR: Error
    at Query.run (C:\Users\moham\Desktop\Alfa Project\Aman app\backend\node_modules\sequelize\lib\dialects\mysql\query.js:52:25)
    at C:\Users\moham\Desktop\Alfa Project\Aman app\backend\node_modules\sequelize\lib\sequelize.js:315:28
    at process.processTicksAndRejections (node:internal/process/task_queues:104:5)
    at async MySQLQueryInterface.select (C:\Users\moham\Desktop\Alfa Project\Aman app\backend\node_modules\sequelize\lib\dialects\abstract\query-interface.js:407:12)
    at async Rating.findAll (C:\Users\moham\Desktop\Alfa Project\Aman app\backend\node_modules\sequelize\lib\model.js:1140:21)
    at async Promise.all (index 1)
    at async Rating.findAndCountAll (C:\Users\moham\Desktop\Alfa Project\Aman app\backend\node_modules\sequelize\lib\model.js:1322:27)
    at async exports.listRatings (C:\Users\moham\Desktop\Alfa Project\Aman app\backend\src\modules\cp_modules\ratings.service.js:5:27)
    at async exports.listRatings (C:\Users\moham\Desktop\Alfa Project\Aman app\backend\src\controllers\cp_controllers\ratings.controller.js:3:67)
  MySQL: Illegal mix of collations (utf8mb4_0900_ai_ci,IMPLICIT) and (utf8mb4_unicode_ci,IMPLICIT) for operation '='
[2026-04-25 10:31:09] ERROR: Error
    at Query.run (C:\Users\moham\Desktop\Alfa Project\Aman app\backend\node_modules\sequelize\lib\dialects\mysql\query.js:52:25)
    at C:\Users\moham\Desktop\Alfa Project\Aman app\backend\node_modules\sequelize\lib\sequelize.js:315:28
    at process.processTicksAndRejections (node:internal/process/task_queues:104:5)
    at async MySQLQueryInterface.rawSelect (C:\Users\moham\Desktop\Alfa Project\Aman app\backend\node_modules\sequelize\lib\dialects\abstract\query-interface.js:434:18)
    at async Rating.aggregate (C:\Users\moham\Desktop\Alfa Project\Aman app\backend\node_modules\sequelize\lib\model.js:1277:19)
    at async Rating.count (C:\Users\moham\Desktop\Alfa Project\Aman app\backend\node_modules\sequelize\lib\model.js:1306:20)
    at async Promise.all (index 0)
    at async Rating.findAndCountAll (C:\Users\moham\Desktop\Alfa Project\Aman app\backend\node_modules\sequelize\lib\model.js:1322:27)
    at async exports.listRatings (C:\Users\moham\Desktop\Alfa Project\Aman app\backend\src\modules\cp_modules\ratings.service.js:5:27)
    at async exports.listRatings (C:\Users\moham\Desktop\Alfa Project\Aman app\backend\src\controllers\cp_controllers\ratings.controller.js:3:67)
  MySQL: Illegal mix of collations (utf8mb4_0900_ai_ci,IMPLICIT) and (utf8mb4_unicode_ci,IMPLICIT) for operation '='
[2026-04-25 10:31:19] ERROR: Error
    at Query.run (C:\Users\moham\Desktop\Alfa Project\Aman app\backend\node_modules\sequelize\lib\dialects\mysql\query.js:52:25)
    at C:\Users\moham\Desktop\Alfa Project\Aman app\backend\node_modules\sequelize\lib\sequelize.js:315:28
    at process.processTicksAndRejections (node:internal/process/task_queues:104:5)
    at async MySQLQueryInterface.rawSelect (C:\Users\moham\Desktop\Alfa Project\Aman app\backend\node_modules\sequelize\lib\dialects\abstract\query-interface.js:434:18)
    at async Rating.aggregate (C:\Users\moham\Desktop\Alfa Project\Aman app\backend\node_modules\sequelize\lib\model.js:1277:19)
    at async Rating.count (C:\Users\moham\Desktop\Alfa Project\Aman app\backend\node_modules\sequelize\lib\model.js:1306:20)
    at async Promise.all (index 0)
    at async Rating.findAndCountAll (C:\Users\moham\Desktop\Alfa Project\Aman app\backend\node_modules\sequelize\lib\model.js:1322:27)
    at async exports.listRatings (C:\Users\moham\Desktop\Alfa Project\Aman app\backend\src\modules\cp_modules\ratings.service.js:5:27)
    at async exports.listRatings (C:\Users\moham\Desktop\Alfa Project\Aman app\backend\src\controllers\cp_controllers\ratings.controller.js:3:67)
  MySQL: Illegal mix of collations (utf8mb4_0900_ai_ci,IMPLICIT) and (utf8mb4_unicode_ci,IMPLICIT) for operation '='
[2026-04-25 10:32:19] ERROR: Error
    at Query.run (C:\Users\moham\Desktop\Alfa Project\Aman app\backend\node_modules\sequelize\lib\dialects\mysql\query.js:52:25)
    at C:\Users\moham\Desktop\Alfa Project\Aman app\backend\node_modules\sequelize\lib\sequelize.js:315:28
    at process.processTicksAndRejections (node:internal/process/task_queues:104:5)
    at async MySQLQueryInterface.rawSelect (C:\Users\moham\Desktop\Alfa Project\Aman app\backend\node_modules\sequelize\lib\dialects\abstract\query-interface.js:434:18)
    at async Rating.aggregate (C:\Users\moham\Desktop\Alfa Project\Aman app\backend\node_modules\sequelize\lib\model.js:1277:19)
    at async Rating.count (C:\Users\moham\Desktop\Alfa Project\Aman app\backend\node_modules\sequelize\lib\model.js:1306:20)
    at async Promise.all (index 0)
    at async Rating.findAndCountAll (C:\Users\moham\Desktop\Alfa Project\Aman app\backend\node_modules\sequelize\lib\model.js:1322:27)
    at async exports.listRatings (C:\Users\moham\Desktop\Alfa Project\Aman app\backend\src\modules\cp_modules\ratings.service.js:5:27)
    at async exports.listRatings (C:\Users\moham\Desktop\Alfa Project\Aman app\backend\src\controllers\cp_controllers\ratings.controller.js:3:67)
  MySQL: Illegal mix of collations (utf8mb4_0900_ai_ci,IMPLICIT) and (utf8mb4_unicode_ci,IMPLICIT) for operation '='
[2026-04-25 10:32:21] ERROR: Error
    at Query.run (C:\Users\moham\Desktop\Alfa Project\Aman app\backend\node_modules\sequelize\lib\dialects\mysql\query.js:52:25)
    at C:\Users\moham\Desktop\Alfa Project\Aman app\backend\node_modules\sequelize\lib\sequelize.js:315:28
    at process.processTicksAndRejections (node:internal/process/task_queues:104:5)
    at async MySQLQueryInterface.rawSelect (C:\Users\moham\Desktop\Alfa Project\Aman app\backend\node_modules\sequelize\lib\dialects\abstract\query-interface.js:434:18)
    at async Rating.aggregate (C:\Users\moham\Desktop\Alfa Project\Aman app\backend\node_modules\sequelize\lib\model.js:1277:19)
    at async Rating.count (C:\Users\moham\Desktop\Alfa Project\Aman app\backend\node_modules\sequelize\lib\model.js:1306:20)
    at async Promise.all (index 0)
    at async Rating.findAndCountAll (C:\Users\moham\Desktop\Alfa Project\Aman app\backend\node_modules\sequelize\lib\model.js:1322:27)
    at async exports.listRatings (C:\Users\moham\Desktop\Alfa Project\Aman app\backend\src\modules\cp_modules\ratings.service.js:5:27)
    at async exports.listRatings (C:\Users\moham\Desktop\Alfa Project\Aman app\backend\src\controllers\cp_controllers\ratings.controller.js:3:67)
  MySQL: Illegal mix of collations (utf8mb4_0900_ai_ci,IMPLICIT) and (utf8mb4_unicode_ci,IMPLICIT) for operation '='
[2026-04-25 10:32:22] ERROR: Error
    at Query.run (C:\Users\moham\Desktop\Alfa Project\Aman app\backend\node_modules\sequelize\lib\dialects\mysql\query.js:52:25)
    at C:\Users\moham\Desktop\Alfa Project\Aman app\backend\node_modules\sequelize\lib\sequelize.js:315:28
    at process.processTicksAndRejections (node:internal/process/task_queues:104:5)
    at async MySQLQueryInterface.rawSelect (C:\Users\moham\Desktop\Alfa Project\Aman app\backend\node_modules\sequelize\lib\dialects\abstract\query-interface.js:434:18)
    at async Rating.aggregate (C:\Users\moham\Desktop\Alfa Project\Aman app\backend\node_modules\sequelize\lib\model.js:1277:19)
    at async Rating.count (C:\Users\moham\Desktop\Alfa Project\Aman app\backend\node_modules\sequelize\lib\model.js:1306:20)
    at async Promise.all (index 0)
    at async Rating.findAndCountAll (C:\Users\moham\Desktop\Alfa Project\Aman app\backend\node_modules\sequelize\lib\model.js:1322:27)
    at async exports.listRatings (C:\Users\moham\Desktop\Alfa Project\Aman app\backend\src\modules\cp_modules\ratings.service.js:5:27)
    at async exports.listRatings (C:\Users\moham\Desktop\Alfa Project\Aman app\backend\src\controllers\cp_controllers\ratings.controller.js:3:67)
  MySQL: Illegal mix of collations (utf8mb4_0900_ai_ci,IMPLICIT) and (utf8mb4_unicode_ci,IMPLICIT) for operation '='
[2026-04-25 10:32:22] ERROR: Error
    at Query.run (C:\Users\moham\Desktop\Alfa Project\Aman app\backend\node_modules\sequelize\lib\dialects\mysql\query.js:52:25)
    at C:\Users\moham\Desktop\Alfa Project\Aman app\backend\node_modules\sequelize\lib\sequelize.js:315:28
    at process.processTicksAndRejections (node:internal/process/task_queues:104:5)
    at async MySQLQueryInterface.rawSelect (C:\Users\moham\Desktop\Alfa Project\Aman app\backend\node_modules\sequelize\lib\dialects\abstract\query-interface.js:434:18)
    at async Rating.aggregate (C:\Users\moham\Desktop\Alfa Project\Aman app\backend\node_modules\sequelize\lib\model.js:1277:19)
    at async Rating.count (C:\Users\moham\Desktop\Alfa Project\Aman app\backend\node_modules\sequelize\lib\model.js:1306:20)
    at async Promise.all (index 0)
    at async Rating.findAndCountAll (C:\Users\moham\Desktop\Alfa Project\Aman app\backend\node_modules\sequelize\lib\model.js:1322:27)
    at async exports.listRatings (C:\Users\moham\Desktop\Alfa Project\Aman app\backend\src\modules\cp_modules\ratings.service.js:5:27)
    at async exports.listRatings (C:\Users\moham\Desktop\Alfa Project\Aman app\backend\src\controllers\cp_controllers\ratings.controller.js:3:67)
  MySQL: Illegal mix of collations (utf8mb4_0900_ai_ci,IMPLICIT) and (utf8mb4_unicode_ci,IMPLICIT) for operation '='
[2026-04-25 10:32:23] ERROR: Error
    at Query.run (C:\Users\moham\Desktop\Alfa Project\Aman app\backend\node_modules\sequelize\lib\dialects\mysql\query.js:52:25)
    at C:\Users\moham\Desktop\Alfa Project\Aman app\backend\node_modules\sequelize\lib\sequelize.js:315:28
    at process.processTicksAndRejections (node:internal/process/task_queues:104:5)
    at async MySQLQueryInterface.rawSelect (C:\Users\moham\Desktop\Alfa Project\Aman app\backend\node_modules\sequelize\lib\dialects\abstract\query-interface.js:434:18)
    at async Rating.aggregate (C:\Users\moham\Desktop\Alfa Project\Aman app\backend\node_modules\sequelize\lib\model.js:1277:19)
    at async Rating.count (C:\Users\moham\Desktop\Alfa Project\Aman app\backend\node_modules\sequelize\lib\model.js:1306:20)
    at async Promise.all (index 0)
    at async Rating.findAndCountAll (C:\Users\moham\Desktop\Alfa Project\Aman app\backend\node_modules\sequelize\lib\model.js:1322:27)
    at async exports.listRatings (C:\Users\moham\Desktop\Alfa Project\Aman app\backend\src\modules\cp_modules\ratings.service.js:5:27)
    at async exports.listRatings (C:\Users\moham\Desktop\Alfa Project\Aman app\backend\src\controllers\cp_controllers\ratings.controller.js:3:67)
  MySQL: Illegal mix of collations (utf8mb4_0900_ai_ci,IMPLICIT) and (utf8mb4_unicode_ci,IMPLICIT) for operation '='
[2026-04-25 10:32:24] ERROR: Error
    at Query.run (C:\Users\moham\Desktop\Alfa Project\Aman app\backend\node_modules\sequelize\lib\dialects\mysql\query.js:52:25)
    at C:\Users\moham\Desktop\Alfa Project\Aman app\backend\node_modules\sequelize\lib\sequelize.js:315:28
    at process.processTicksAndRejections (node:internal/process/task_queues:104:5)
    at async MySQLQueryInterface.rawSelect (C:\Users\moham\Desktop\Alfa Project\Aman app\backend\node_modules\sequelize\lib\dialects\abstract\query-interface.js:434:18)
    at async Rating.aggregate (C:\Users\moham\Desktop\Alfa Project\Aman app\backend\node_modules\sequelize\lib\model.js:1277:19)
    at async Rating.count (C:\Users\moham\Desktop\Alfa Project\Aman app\backend\node_modules\sequelize\lib\model.js:1306:20)
    at async Promise.all (index 0)
    at async Rating.findAndCountAll (C:\Users\moham\Desktop\Alfa Project\Aman app\backend\node_modules\sequelize\lib\model.js:1322:27)
    at async exports.listRatings (C:\Users\moham\Desktop\Alfa Project\Aman app\backend\src\modules\cp_modules\ratings.service.js:5:27)
    at async exports.listRatings (C:\Users\moham\Desktop\Alfa Project\Aman app\backend\src\controllers\cp_controllers\ratings.controller.js:3:67)
  MySQL: Illegal mix of collations (utf8mb4_0900_ai_ci,IMPLICIT) and (utf8mb4_unicode_ci,IMPLICIT) for operation '='
[2026-04-25 10:33:21] ERROR: Error
    at Query.run (C:\Users\moham\Desktop\Alfa Project\Aman app\backend\node_modules\sequelize\lib\dialects\mysql\query.js:52:25)
    at C:\Users\moham\Desktop\Alfa Project\Aman app\backend\node_modules\sequelize\lib\sequelize.js:315:28
    at process.processTicksAndRejections (node:internal/process/task_queues:104:5)
    at async MySQLQueryInterface.rawSelect (C:\Users\moham\Desktop\Alfa Project\Aman app\backend\node_modules\sequelize\lib\dialects\abstract\query-interface.js:434:18)
    at async Rating.aggregate (C:\Users\moham\Desktop\Alfa Project\Aman app\backend\node_modules\sequelize\lib\model.js:1277:19)
    at async Rating.count (C:\Users\moham\Desktop\Alfa Project\Aman app\backend\node_modules\sequelize\lib\model.js:1306:20)
    at async Promise.all (index 0)
    at async Rating.findAndCountAll (C:\Users\moham\Desktop\Alfa Project\Aman app\backend\node_modules\sequelize\lib\model.js:1322:27)
    at async exports.listRatings (C:\Users\moham\Desktop\Alfa Project\Aman app\backend\src\modules\cp_modules\ratings.service.js:5:27)
    at async exports.listRatings (C:\Users\moham\Desktop\Alfa Project\Aman app\backend\src\controllers\cp_controllers\ratings.controller.js:3:67)
  MySQL: Illegal mix of collations (utf8mb4_0900_ai_ci,IMPLICIT) and (utf8mb4_unicode_ci,IMPLICIT) for operation '='
[2026-04-25 10:33:23] ERROR: Error
    at Query.run (C:\Users\moham\Desktop\Alfa Project\Aman app\backend\node_modules\sequelize\lib\dialects\mysql\query.js:52:25)
    at C:\Users\moham\Desktop\Alfa Project\Aman app\backend\node_modules\sequelize\lib\sequelize.js:315:28
    at process.processTicksAndRejections (node:internal/process/task_queues:104:5)
    at async MySQLQueryInterface.rawSelect (C:\Users\moham\Desktop\Alfa Project\Aman app\backend\node_modules\sequelize\lib\dialects\abstract\query-interface.js:434:18)
    at async Rating.aggregate (C:\Users\moham\Desktop\Alfa Project\Aman app\backend\node_modules\sequelize\lib\model.js:1277:19)
    at async Rating.count (C:\Users\moham\Desktop\Alfa Project\Aman app\backend\node_modules\sequelize\lib\model.js:1306:20)
    at async Promise.all (index 0)
    at async Rating.findAndCountAll (C:\Users\moham\Desktop\Alfa Project\Aman app\backend\node_modules\sequelize\lib\model.js:1322:27)
    at async exports.listRatings (C:\Users\moham\Desktop\Alfa Project\Aman app\backend\src\modules\cp_modules\ratings.service.js:5:27)
    at async exports.listRatings (C:\Users\moham\Desktop\Alfa Project\Aman app\backend\src\controllers\cp_controllers\ratings.controller.js:3:67)
  MySQL: Illegal mix of collations (utf8mb4_0900_ai_ci,IMPLICIT) and (utf8mb4_unicode_ci,IMPLICIT) for operation '='
[2026-04-25 10:33:44] INFO: [DB] Sequelize connected to MySQL
[2026-04-25 10:33:44] INFO: [Migration] Already applied: drop ratings_ibfk_1
[2026-04-25 10:33:44] INFO: [Migration] Already applied: drop ratings_ibfk_2
[2026-04-25 10:33:44] INFO: [Migration] Already applied: drop pm_ibfk_1
[2026-04-25 10:33:44] INFO: [Migration] Already applied: drop pm_ibfk_2
[2026-04-25 10:33:44] INFO: [Migration] OK: ratings.rated_id nullable
[2026-04-25 10:33:44] WARN: [Migration] Skipped "groups.status": Duplicate column name 'status'
[2026-04-25 10:33:44] WARN: [Migration] Skipped "groups.is_active": Duplicate column name 'is_active'
[2026-04-25 10:33:44] INFO: [DB] All tables synced
[2026-04-25 10:33:44] INFO: [DB] app_content seeded
[2026-04-25 10:33:44] INFO: Wisber backend running on port 3000
[2026-04-25 10:33:44] INFO: [Socket] Connected: a7f8f1a1-12fb-40bf-9d60-41840f890fd0
[2026-04-25 10:33:44] INFO: [Socket] Connected: ef824feb-7931-4237-b328-b985473fbf2a
[2026-04-25 10:33:49] INFO: [DB] Sequelize connected to MySQL
[2026-04-25 10:33:49] INFO: [Migration] Already applied: drop ratings_ibfk_1
[2026-04-25 10:33:49] INFO: [Migration] Already applied: drop ratings_ibfk_2
[2026-04-25 10:33:49] INFO: [Migration] Already applied: drop pm_ibfk_1
[2026-04-25 10:33:49] INFO: [Migration] Already applied: drop pm_ibfk_2
[2026-04-25 10:33:49] INFO: [Migration] OK: ratings.rated_id nullable
[2026-04-25 10:33:49] WARN: [Migration] Skipped "groups.status": Duplicate column name 'status'
[2026-04-25 10:33:49] WARN: [Migration] Skipped "groups.is_active": Duplicate column name 'is_active'
[2026-04-25 10:33:49] INFO: [DB] All tables synced
[2026-04-25 10:33:49] INFO: [DB] app_content seeded
[2026-04-25 10:33:49] INFO: Wisber backend running on port 3000
[2026-04-25 10:33:50] INFO: [Socket] Connected: a7f8f1a1-12fb-40bf-9d60-41840f890fd0
[2026-04-25 10:33:50] INFO: [Socket] Connected: ef824feb-7931-4237-b328-b985473fbf2a
[2026-04-25 10:33:54] ERROR: Error
    at Query.run (C:\Users\moham\Desktop\Alfa Project\Aman app\backend\node_modules\sequelize\lib\dialects\mysql\query.js:52:25)
    at C:\Users\moham\Desktop\Alfa Project\Aman app\backend\node_modules\sequelize\lib\sequelize.js:315:28
    at process.processTicksAndRejections (node:internal/process/task_queues:104:5)
    at async MySQLQueryInterface.rawSelect (C:\Users\moham\Desktop\Alfa Project\Aman app\backend\node_modules\sequelize\lib\dialects\abstract\query-interface.js:434:18)
    at async Rating.aggregate (C:\Users\moham\Desktop\Alfa Project\Aman app\backend\node_modules\sequelize\lib\model.js:1277:19)
    at async Rating.count (C:\Users\moham\Desktop\Alfa Project\Aman app\backend\node_modules\sequelize\lib\model.js:1306:20)
    at async Promise.all (index 0)
    at async Rating.findAndCountAll (C:\Users\moham\Desktop\Alfa Project\Aman app\backend\node_modules\sequelize\lib\model.js:1322:27)
    at async exports.listRatings (C:\Users\moham\Desktop\Alfa Project\Aman app\backend\src\modules\cp_modules\ratings.service.js:5:27)
    at async exports.listRatings (C:\Users\moham\Desktop\Alfa Project\Aman app\backend\src\controllers\cp_controllers\ratings.controller.js:3:67)
  MySQL: Illegal mix of collations (utf8mb4_0900_ai_ci,IMPLICIT) and (utf8mb4_unicode_ci,IMPLICIT) for operation '='
[2026-04-25 10:33:55] ERROR: Error
    at Query.run (C:\Users\moham\Desktop\Alfa Project\Aman app\backend\node_modules\sequelize\lib\dialects\mysql\query.js:52:25)
    at C:\Users\moham\Desktop\Alfa Project\Aman app\backend\node_modules\sequelize\lib\sequelize.js:315:28
    at process.processTicksAndRejections (node:internal/process/task_queues:104:5)
    at async MySQLQueryInterface.rawSelect (C:\Users\moham\Desktop\Alfa Project\Aman app\backend\node_modules\sequelize\lib\dialects\abstract\query-interface.js:434:18)
    at async Rating.aggregate (C:\Users\moham\Desktop\Alfa Project\Aman app\backend\node_modules\sequelize\lib\model.js:1277:19)
    at async Rating.count (C:\Users\moham\Desktop\Alfa Project\Aman app\backend\node_modules\sequelize\lib\model.js:1306:20)
    at async Promise.all (index 0)
    at async Rating.findAndCountAll (C:\Users\moham\Desktop\Alfa Project\Aman app\backend\node_modules\sequelize\lib\model.js:1322:27)
    at async exports.listRatings (C:\Users\moham\Desktop\Alfa Project\Aman app\backend\src\modules\cp_modules\ratings.service.js:5:27)
    at async exports.listRatings (C:\Users\moham\Desktop\Alfa Project\Aman app\backend\src\controllers\cp_controllers\ratings.controller.js:3:67)
  MySQL: Illegal mix of collations (utf8mb4_0900_ai_ci,IMPLICIT) and (utf8mb4_unicode_ci,IMPLICIT) for operation '='
[2026-04-25 10:34:02] ERROR: Error
    at Query.run (C:\Users\moham\Desktop\Alfa Project\Aman app\backend\node_modules\sequelize\lib\dialects\mysql\query.js:52:25)
    at C:\Users\moham\Desktop\Alfa Project\Aman app\backend\node_modules\sequelize\lib\sequelize.js:315:28
    at process.processTicksAndRejections (node:internal/process/task_queues:104:5)
    at async MySQLQueryInterface.rawSelect (C:\Users\moham\Desktop\Alfa Project\Aman app\backend\node_modules\sequelize\lib\dialects\abstract\query-interface.js:434:18)
    at async Rating.aggregate (C:\Users\moham\Desktop\Alfa Project\Aman app\backend\node_modules\sequelize\lib\model.js:1277:19)
    at async Rating.count (C:\Users\moham\Desktop\Alfa Project\Aman app\backend\node_modules\sequelize\lib\model.js:1306:20)
    at async Promise.all (index 0)
    at async Rating.findAndCountAll (C:\Users\moham\Desktop\Alfa Project\Aman app\backend\node_modules\sequelize\lib\model.js:1322:27)
    at async exports.listRatings (C:\Users\moham\Desktop\Alfa Project\Aman app\backend\src\modules\cp_modules\ratings.service.js:5:27)
    at async exports.listRatings (C:\Users\moham\Desktop\Alfa Project\Aman app\backend\src\controllers\cp_controllers\ratings.controller.js:3:67)
  MySQL: Illegal mix of collations (utf8mb4_0900_ai_ci,IMPLICIT) and (utf8mb4_unicode_ci,IMPLICIT) for operation '='
[2026-04-25 10:34:10] INFO: [DB] Sequelize connected to MySQL
[2026-04-25 10:34:10] INFO: [Migration] Already applied: drop ratings_ibfk_1
[2026-04-25 10:34:10] INFO: [Migration] Already applied: drop ratings_ibfk_2
[2026-04-25 10:34:10] INFO: [Migration] Already applied: drop pm_ibfk_1
[2026-04-25 10:34:10] INFO: [Migration] Already applied: drop pm_ibfk_2
[2026-04-25 10:34:10] INFO: [Migration] OK: ratings.rated_id nullable
[2026-04-25 10:34:10] WARN: [Migration] Skipped "groups.status": Duplicate column name 'status'
[2026-04-25 10:34:10] WARN: [Migration] Skipped "groups.is_active": Duplicate column name 'is_active'
[2026-04-25 10:34:10] INFO: [DB] All tables synced
[2026-04-25 10:34:10] INFO: [DB] app_content seeded
[2026-04-25 10:34:10] INFO: Wisber backend running on port 3000
[2026-04-25 10:34:11] INFO: [Socket] Connected: ef824feb-7931-4237-b328-b985473fbf2a
[2026-04-25 10:34:11] INFO: [Socket] Connected: a7f8f1a1-12fb-40bf-9d60-41840f890fd0
[2026-04-25 10:34:26] INFO: [DB] Sequelize connected to MySQL
[2026-04-25 10:34:26] INFO: [Migration] Already applied: drop ratings_ibfk_1
[2026-04-25 10:34:26] INFO: [Migration] Already applied: drop ratings_ibfk_2
[2026-04-25 10:34:26] INFO: [Migration] Already applied: drop pm_ibfk_1
[2026-04-25 10:34:26] INFO: [Migration] Already applied: drop pm_ibfk_2
[2026-04-25 10:34:26] INFO: [Migration] OK: ratings.rated_id nullable
[2026-04-25 10:34:26] WARN: [Migration] Skipped "groups.status": Duplicate column name 'status'
[2026-04-25 10:34:26] WARN: [Migration] Skipped "groups.is_active": Duplicate column name 'is_active'
[2026-04-25 10:34:26] INFO: [DB] All tables synced
[2026-04-25 10:34:26] INFO: [DB] app_content seeded
[2026-04-25 10:34:26] INFO: Wisber backend running on port 3000
[2026-04-25 10:34:26] INFO: [Socket] Connected: a7f8f1a1-12fb-40bf-9d60-41840f890fd0
[2026-04-25 10:34:26] INFO: [Socket] Connected: ef824feb-7931-4237-b328-b985473fbf2a
[2026-04-25 10:34:50] ERROR: Error
    at Query.run (C:\Users\moham\Desktop\Alfa Project\Aman app\backend\node_modules\sequelize\lib\dialects\mysql\query.js:52:25)
    at C:\Users\moham\Desktop\Alfa Project\Aman app\backend\node_modules\sequelize\lib\sequelize.js:315:28
    at process.processTicksAndRejections (node:internal/process/task_queues:104:5)
    at async MySQLQueryInterface.select (C:\Users\moham\Desktop\Alfa Project\Aman app\backend\node_modules\sequelize\lib\dialects\abstract\query-interface.js:407:12)
    at async Rating.findAll (C:\Users\moham\Desktop\Alfa Project\Aman app\backend\node_modules\sequelize\lib\model.js:1140:21)
    at async Promise.all (index 1)
    at async Rating.findAndCountAll (C:\Users\moham\Desktop\Alfa Project\Aman app\backend\node_modules\sequelize\lib\model.js:1322:27)
    at async exports.listRatings (C:\Users\moham\Desktop\Alfa Project\Aman app\backend\src\modules\cp_modules\ratings.service.js:5:27)
    at async exports.listRatings (C:\Users\moham\Desktop\Alfa Project\Aman app\backend\src\controllers\cp_controllers\ratings.controller.js:3:67)
  MySQL: Illegal mix of collations (utf8mb4_0900_ai_ci,IMPLICIT) and (utf8mb4_unicode_ci,IMPLICIT) for operation '='
[2026-04-25 10:34:55] ERROR: Error
    at Query.run (C:\Users\moham\Desktop\Alfa Project\Aman app\backend\node_modules\sequelize\lib\dialects\mysql\query.js:52:25)
    at C:\Users\moham\Desktop\Alfa Project\Aman app\backend\node_modules\sequelize\lib\sequelize.js:315:28
    at process.processTicksAndRejections (node:internal/process/task_queues:104:5)
    at async MySQLQueryInterface.rawSelect (C:\Users\moham\Desktop\Alfa Project\Aman app\backend\node_modules\sequelize\lib\dialects\abstract\query-interface.js:434:18)
    at async Rating.aggregate (C:\Users\moham\Desktop\Alfa Project\Aman app\backend\node_modules\sequelize\lib\model.js:1277:19)
    at async Rating.count (C:\Users\moham\Desktop\Alfa Project\Aman app\backend\node_modules\sequelize\lib\model.js:1306:20)
    at async Promise.all (index 0)
    at async Rating.findAndCountAll (C:\Users\moham\Desktop\Alfa Project\Aman app\backend\node_modules\sequelize\lib\model.js:1322:27)
    at async exports.listRatings (C:\Users\moham\Desktop\Alfa Project\Aman app\backend\src\modules\cp_modules\ratings.service.js:5:27)
    at async exports.listRatings (C:\Users\moham\Desktop\Alfa Project\Aman app\backend\src\controllers\cp_controllers\ratings.controller.js:3:67)
  MySQL: Illegal mix of collations (utf8mb4_0900_ai_ci,IMPLICIT) and (utf8mb4_unicode_ci,IMPLICIT) for operation '='
[2026-04-25 10:36:24] ERROR: Error
    at Query.run (C:\Users\moham\Desktop\Alfa Project\Aman app\backend\node_modules\sequelize\lib\dialects\mysql\query.js:52:25)
    at C:\Users\moham\Desktop\Alfa Project\Aman app\backend\node_modules\sequelize\lib\sequelize.js:315:28
    at process.processTicksAndRejections (node:internal/process/task_queues:104:5)
    at async MySQLQueryInterface.rawSelect (C:\Users\moham\Desktop\Alfa Project\Aman app\backend\node_modules\sequelize\lib\dialects\abstract\query-interface.js:434:18)
    at async Rating.aggregate (C:\Users\moham\Desktop\Alfa Project\Aman app\backend\node_modules\sequelize\lib\model.js:1277:19)
    at async Rating.count (C:\Users\moham\Desktop\Alfa Project\Aman app\backend\node_modules\sequelize\lib\model.js:1306:20)
    at async Promise.all (index 0)
    at async Rating.findAndCountAll (C:\Users\moham\Desktop\Alfa Project\Aman app\backend\node_modules\sequelize\lib\model.js:1322:27)
    at async exports.listRatings (C:\Users\moham\Desktop\Alfa Project\Aman app\backend\src\modules\cp_modules\ratings.service.js:5:27)
    at async exports.listRatings (C:\Users\moham\Desktop\Alfa Project\Aman app\backend\src\controllers\cp_controllers\ratings.controller.js:3:67)
  MySQL: Illegal mix of collations (utf8mb4_0900_ai_ci,IMPLICIT) and (utf8mb4_unicode_ci,IMPLICIT) for operation '='
[2026-04-25 10:36:26] ERROR: Error
    at Query.run (C:\Users\moham\Desktop\Alfa Project\Aman app\backend\node_modules\sequelize\lib\dialects\mysql\query.js:52:25)
    at C:\Users\moham\Desktop\Alfa Project\Aman app\backend\node_modules\sequelize\lib\sequelize.js:315:28
    at process.processTicksAndRejections (node:internal/process/task_queues:104:5)
    at async MySQLQueryInterface.rawSelect (C:\Users\moham\Desktop\Alfa Project\Aman app\backend\node_modules\sequelize\lib\dialects\abstract\query-interface.js:434:18)
    at async Rating.aggregate (C:\Users\moham\Desktop\Alfa Project\Aman app\backend\node_modules\sequelize\lib\model.js:1277:19)
    at async Rating.count (C:\Users\moham\Desktop\Alfa Project\Aman app\backend\node_modules\sequelize\lib\model.js:1306:20)
    at async Promise.all (index 0)
    at async Rating.findAndCountAll (C:\Users\moham\Desktop\Alfa Project\Aman app\backend\node_modules\sequelize\lib\model.js:1322:27)
    at async exports.listRatings (C:\Users\moham\Desktop\Alfa Project\Aman app\backend\src\modules\cp_modules\ratings.service.js:5:27)
    at async exports.listRatings (C:\Users\moham\Desktop\Alfa Project\Aman app\backend\src\controllers\cp_controllers\ratings.controller.js:3:67)
  MySQL: Illegal mix of collations (utf8mb4_0900_ai_ci,IMPLICIT) and (utf8mb4_unicode_ci,IMPLICIT) for operation '='
[2026-04-25 10:37:12] ERROR: Error
    at Query.run (C:\Users\moham\Desktop\Alfa Project\Aman app\backend\node_modules\sequelize\lib\dialects\mysql\query.js:52:25)
    at C:\Users\moham\Desktop\Alfa Project\Aman app\backend\node_modules\sequelize\lib\sequelize.js:315:28
    at process.processTicksAndRejections (node:internal/process/task_queues:104:5)
    at async MySQLQueryInterface.rawSelect (C:\Users\moham\Desktop\Alfa Project\Aman app\backend\node_modules\sequelize\lib\dialects\abstract\query-interface.js:434:18)
    at async Rating.aggregate (C:\Users\moham\Desktop\Alfa Project\Aman app\backend\node_modules\sequelize\lib\model.js:1277:19)
    at async Rating.count (C:\Users\moham\Desktop\Alfa Project\Aman app\backend\node_modules\sequelize\lib\model.js:1306:20)
    at async Promise.all (index 0)
    at async Rating.findAndCountAll (C:\Users\moham\Desktop\Alfa Project\Aman app\backend\node_modules\sequelize\lib\model.js:1322:27)
    at async exports.listRatings (C:\Users\moham\Desktop\Alfa Project\Aman app\backend\src\modules\cp_modules\ratings.service.js:5:27)
    at async exports.listRatings (C:\Users\moham\Desktop\Alfa Project\Aman app\backend\src\controllers\cp_controllers\ratings.controller.js:3:67)
  MySQL: Illegal mix of collations (utf8mb4_0900_ai_ci,IMPLICIT) and (utf8mb4_unicode_ci,IMPLICIT) for operation '='
[2026-04-25 10:37:21] ERROR: Error
    at Query.run (C:\Users\moham\Desktop\Alfa Project\Aman app\backend\node_modules\sequelize\lib\dialects\mysql\query.js:52:25)
    at C:\Users\moham\Desktop\Alfa Project\Aman app\backend\node_modules\sequelize\lib\sequelize.js:315:28
    at process.processTicksAndRejections (node:internal/process/task_queues:104:5)
    at async MySQLQueryInterface.rawSelect (C:\Users\moham\Desktop\Alfa Project\Aman app\backend\node_modules\sequelize\lib\dialects\abstract\query-interface.js:434:18)
    at async Rating.aggregate (C:\Users\moham\Desktop\Alfa Project\Aman app\backend\node_modules\sequelize\lib\model.js:1277:19)
    at async Rating.count (C:\Users\moham\Desktop\Alfa Project\Aman app\backend\node_modules\sequelize\lib\model.js:1306:20)
    at async Promise.all (index 0)
    at async Rating.findAndCountAll (C:\Users\moham\Desktop\Alfa Project\Aman app\backend\node_modules\sequelize\lib\model.js:1322:27)
    at async exports.listRatings (C:\Users\moham\Desktop\Alfa Project\Aman app\backend\src\modules\cp_modules\ratings.service.js:5:27)
    at async exports.listRatings (C:\Users\moham\Desktop\Alfa Project\Aman app\backend\src\controllers\cp_controllers\ratings.controller.js:3:67)
  MySQL: Illegal mix of collations (utf8mb4_0900_ai_ci,IMPLICIT) and (utf8mb4_unicode_ci,IMPLICIT) for operation '='
[2026-04-25 10:37:22] ERROR: Error
    at Query.run (C:\Users\moham\Desktop\Alfa Project\Aman app\backend\node_modules\sequelize\lib\dialects\mysql\query.js:52:25)
    at C:\Users\moham\Desktop\Alfa Project\Aman app\backend\node_modules\sequelize\lib\sequelize.js:315:28
    at process.processTicksAndRejections (node:internal/process/task_queues:104:5)
    at async MySQLQueryInterface.rawSelect (C:\Users\moham\Desktop\Alfa Project\Aman app\backend\node_modules\sequelize\lib\dialects\abstract\query-interface.js:434:18)
    at async Rating.aggregate (C:\Users\moham\Desktop\Alfa Project\Aman app\backend\node_modules\sequelize\lib\model.js:1277:19)
    at async Rating.count (C:\Users\moham\Desktop\Alfa Project\Aman app\backend\node_modules\sequelize\lib\model.js:1306:20)
    at async Promise.all (index 0)
    at async Rating.findAndCountAll (C:\Users\moham\Desktop\Alfa Project\Aman app\backend\node_modules\sequelize\lib\model.js:1322:27)
    at async exports.listRatings (C:\Users\moham\Desktop\Alfa Project\Aman app\backend\src\modules\cp_modules\ratings.service.js:5:27)
    at async exports.listRatings (C:\Users\moham\Desktop\Alfa Project\Aman app\backend\src\controllers\cp_controllers\ratings.controller.js:3:67)
  MySQL: Illegal mix of collations (utf8mb4_0900_ai_ci,IMPLICIT) and (utf8mb4_unicode_ci,IMPLICIT) for operation '='
[2026-04-25 10:37:23] ERROR: Error
    at Query.run (C:\Users\moham\Desktop\Alfa Project\Aman app\backend\node_modules\sequelize\lib\dialects\mysql\query.js:52:25)
    at C:\Users\moham\Desktop\Alfa Project\Aman app\backend\node_modules\sequelize\lib\sequelize.js:315:28
    at process.processTicksAndRejections (node:internal/process/task_queues:104:5)
    at async MySQLQueryInterface.rawSelect (C:\Users\moham\Desktop\Alfa Project\Aman app\backend\node_modules\sequelize\lib\dialects\abstract\query-interface.js:434:18)
    at async Rating.aggregate (C:\Users\moham\Desktop\Alfa Project\Aman app\backend\node_modules\sequelize\lib\model.js:1277:19)
    at async Rating.count (C:\Users\moham\Desktop\Alfa Project\Aman app\backend\node_modules\sequelize\lib\model.js:1306:20)
    at async Promise.all (index 0)
    at async Rating.findAndCountAll (C:\Users\moham\Desktop\Alfa Project\Aman app\backend\node_modules\sequelize\lib\model.js:1322:27)
    at async exports.listRatings (C:\Users\moham\Desktop\Alfa Project\Aman app\backend\src\modules\cp_modules\ratings.service.js:5:27)
    at async exports.listRatings (C:\Users\moham\Desktop\Alfa Project\Aman app\backend\src\controllers\cp_controllers\ratings.controller.js:3:67)
  MySQL: Illegal mix of collations (utf8mb4_0900_ai_ci,IMPLICIT) and (utf8mb4_unicode_ci,IMPLICIT) for operation '='
[2026-04-25 10:37:44] ERROR: Error
    at Query.run (C:\Users\moham\Desktop\Alfa Project\Aman app\backend\node_modules\sequelize\lib\dialects\mysql\query.js:52:25)
    at C:\Users\moham\Desktop\Alfa Project\Aman app\backend\node_modules\sequelize\lib\sequelize.js:315:28
    at process.processTicksAndRejections (node:internal/process/task_queues:104:5)
    at async MySQLQueryInterface.rawSelect (C:\Users\moham\Desktop\Alfa Project\Aman app\backend\node_modules\sequelize\lib\dialects\abstract\query-interface.js:434:18)
    at async Rating.aggregate (C:\Users\moham\Desktop\Alfa Project\Aman app\backend\node_modules\sequelize\lib\model.js:1277:19)
    at async Rating.count (C:\Users\moham\Desktop\Alfa Project\Aman app\backend\node_modules\sequelize\lib\model.js:1306:20)
    at async Promise.all (index 0)
    at async Rating.findAndCountAll (C:\Users\moham\Desktop\Alfa Project\Aman app\backend\node_modules\sequelize\lib\model.js:1322:27)
    at async exports.listRatings (C:\Users\moham\Desktop\Alfa Project\Aman app\backend\src\modules\cp_modules\ratings.service.js:5:27)
    at async exports.listRatings (C:\Users\moham\Desktop\Alfa Project\Aman app\backend\src\controllers\cp_controllers\ratings.controller.js:3:67)
  MySQL: Illegal mix of collations (utf8mb4_0900_ai_ci,IMPLICIT) and (utf8mb4_unicode_ci,IMPLICIT) for operation '='
[2026-04-25 10:37:45] ERROR: Error
    at Query.run (C:\Users\moham\Desktop\Alfa Project\Aman app\backend\node_modules\sequelize\lib\dialects\mysql\query.js:52:25)
    at C:\Users\moham\Desktop\Alfa Project\Aman app\backend\node_modules\sequelize\lib\sequelize.js:315:28
    at process.processTicksAndRejections (node:internal/process/task_queues:104:5)
    at async MySQLQueryInterface.select (C:\Users\moham\Desktop\Alfa Project\Aman app\backend\node_modules\sequelize\lib\dialects\abstract\query-interface.js:407:12)
    at async Rating.findAll (C:\Users\moham\Desktop\Alfa Project\Aman app\backend\node_modules\sequelize\lib\model.js:1140:21)
    at async Promise.all (index 1)
    at async Rating.findAndCountAll (C:\Users\moham\Desktop\Alfa Project\Aman app\backend\node_modules\sequelize\lib\model.js:1322:27)
    at async exports.listRatings (C:\Users\moham\Desktop\Alfa Project\Aman app\backend\src\modules\cp_modules\ratings.service.js:5:27)
    at async exports.listRatings (C:\Users\moham\Desktop\Alfa Project\Aman app\backend\src\controllers\cp_controllers\ratings.controller.js:3:67)
  MySQL: Illegal mix of collations (utf8mb4_0900_ai_ci,IMPLICIT) and (utf8mb4_unicode_ci,IMPLICIT) for operation '='
[2026-04-25 10:37:45] ERROR: Error
    at Query.run (C:\Users\moham\Desktop\Alfa Project\Aman app\backend\node_modules\sequelize\lib\dialects\mysql\query.js:52:25)
    at C:\Users\moham\Desktop\Alfa Project\Aman app\backend\node_modules\sequelize\lib\sequelize.js:315:28
    at process.processTicksAndRejections (node:internal/process/task_queues:104:5)
    at async MySQLQueryInterface.rawSelect (C:\Users\moham\Desktop\Alfa Project\Aman app\backend\node_modules\sequelize\lib\dialects\abstract\query-interface.js:434:18)
    at async Rating.aggregate (C:\Users\moham\Desktop\Alfa Project\Aman app\backend\node_modules\sequelize\lib\model.js:1277:19)
    at async Rating.count (C:\Users\moham\Desktop\Alfa Project\Aman app\backend\node_modules\sequelize\lib\model.js:1306:20)
    at async Promise.all (index 0)
    at async Rating.findAndCountAll (C:\Users\moham\Desktop\Alfa Project\Aman app\backend\node_modules\sequelize\lib\model.js:1322:27)
    at async exports.listRatings (C:\Users\moham\Desktop\Alfa Project\Aman app\backend\src\modules\cp_modules\ratings.service.js:5:27)
    at async exports.listRatings (C:\Users\moham\Desktop\Alfa Project\Aman app\backend\src\controllers\cp_controllers\ratings.controller.js:3:67)
  MySQL: Illegal mix of collations (utf8mb4_0900_ai_ci,IMPLICIT) and (utf8mb4_unicode_ci,IMPLICIT) for operation '='
[2026-04-25 10:37:45] ERROR: Error
    at Query.run (C:\Users\moham\Desktop\Alfa Project\Aman app\backend\node_modules\sequelize\lib\dialects\mysql\query.js:52:25)
    at C:\Users\moham\Desktop\Alfa Project\Aman app\backend\node_modules\sequelize\lib\sequelize.js:315:28
    at process.processTicksAndRejections (node:internal/process/task_queues:104:5)
    at async MySQLQueryInterface.rawSelect (C:\Users\moham\Desktop\Alfa Project\Aman app\backend\node_modules\sequelize\lib\dialects\abstract\query-interface.js:434:18)
    at async Rating.aggregate (C:\Users\moham\Desktop\Alfa Project\Aman app\backend\node_modules\sequelize\lib\model.js:1277:19)
    at async Rating.count (C:\Users\moham\Desktop\Alfa Project\Aman app\backend\node_modules\sequelize\lib\model.js:1306:20)
    at async Promise.all (index 0)
    at async Rating.findAndCountAll (C:\Users\moham\Desktop\Alfa Project\Aman app\backend\node_modules\sequelize\lib\model.js:1322:27)
    at async exports.listRatings (C:\Users\moham\Desktop\Alfa Project\Aman app\backend\src\modules\cp_modules\ratings.service.js:5:27)
    at async exports.listRatings (C:\Users\moham\Desktop\Alfa Project\Aman app\backend\src\controllers\cp_controllers\ratings.controller.js:3:67)
  MySQL: Illegal mix of collations (utf8mb4_0900_ai_ci,IMPLICIT) and (utf8mb4_unicode_ci,IMPLICIT) for operation '='
[2026-04-25 10:38:31] INFO: [DB] Sequelize connected to MySQL
[2026-04-25 10:38:31] INFO: [Migration] Already applied: drop ratings_ibfk_1
[2026-04-25 10:38:31] INFO: [Migration] Already applied: drop ratings_ibfk_2
[2026-04-25 10:38:31] INFO: [Migration] Already applied: drop pm_ibfk_1
[2026-04-25 10:38:31] INFO: [Migration] Already applied: drop pm_ibfk_2
[2026-04-25 10:38:31] INFO: [Migration] OK: ratings.rated_id nullable
[2026-04-25 10:38:31] WARN: [Migration] Skipped "groups.status": Duplicate column name 'status'
[2026-04-25 10:38:31] WARN: [Migration] Skipped "groups.is_active": Duplicate column name 'is_active'
[2026-04-25 10:38:31] INFO: [DB] All tables synced
[2026-04-25 10:38:31] INFO: [DB] app_content seeded
[2026-04-25 10:38:31] INFO: Wisber backend running on port 3000
[2026-04-25 10:38:32] INFO: [Socket] Connected: a7f8f1a1-12fb-40bf-9d60-41840f890fd0
[2026-04-25 10:38:32] INFO: [Socket] Connected: ef824feb-7931-4237-b328-b985473fbf2a
[2026-04-25 10:38:52] ERROR: Error
    at Query.run (C:\Users\moham\Desktop\Alfa Project\Aman app\backend\node_modules\sequelize\lib\dialects\mysql\query.js:52:25)
    at C:\Users\moham\Desktop\Alfa Project\Aman app\backend\node_modules\sequelize\lib\sequelize.js:315:28
    at process.processTicksAndRejections (node:internal/process/task_queues:104:5)
    at async MySQLQueryInterface.rawSelect (C:\Users\moham\Desktop\Alfa Project\Aman app\backend\node_modules\sequelize\lib\dialects\abstract\query-interface.js:434:18)
    at async Rating.aggregate (C:\Users\moham\Desktop\Alfa Project\Aman app\backend\node_modules\sequelize\lib\model.js:1277:19)
    at async Rating.count (C:\Users\moham\Desktop\Alfa Project\Aman app\backend\node_modules\sequelize\lib\model.js:1306:20)
    at async Promise.all (index 0)
    at async Rating.findAndCountAll (C:\Users\moham\Desktop\Alfa Project\Aman app\backend\node_modules\sequelize\lib\model.js:1322:27)
    at async exports.listRatings (C:\Users\moham\Desktop\Alfa Project\Aman app\backend\src\modules\cp_modules\ratings.service.js:5:27)
    at async exports.listRatings (C:\Users\moham\Desktop\Alfa Project\Aman app\backend\src\controllers\cp_controllers\ratings.controller.js:3:67)
  MySQL: Illegal mix of collations (utf8mb4_0900_ai_ci,IMPLICIT) and (utf8mb4_unicode_ci,IMPLICIT) for operation '='
[2026-04-25 10:38:54] ERROR: Error
    at Query.run (C:\Users\moham\Desktop\Alfa Project\Aman app\backend\node_modules\sequelize\lib\dialects\mysql\query.js:52:25)
    at C:\Users\moham\Desktop\Alfa Project\Aman app\backend\node_modules\sequelize\lib\sequelize.js:315:28
    at process.processTicksAndRejections (node:internal/process/task_queues:104:5)
    at async MySQLQueryInterface.select (C:\Users\moham\Desktop\Alfa Project\Aman app\backend\node_modules\sequelize\lib\dialects\abstract\query-interface.js:407:12)
    at async Rating.findAll (C:\Users\moham\Desktop\Alfa Project\Aman app\backend\node_modules\sequelize\lib\model.js:1140:21)
    at async Promise.all (index 1)
    at async Rating.findAndCountAll (C:\Users\moham\Desktop\Alfa Project\Aman app\backend\node_modules\sequelize\lib\model.js:1322:27)
    at async exports.listRatings (C:\Users\moham\Desktop\Alfa Project\Aman app\backend\src\modules\cp_modules\ratings.service.js:5:27)
    at async exports.listRatings (C:\Users\moham\Desktop\Alfa Project\Aman app\backend\src\controllers\cp_controllers\ratings.controller.js:3:67)
  MySQL: Illegal mix of collations (utf8mb4_0900_ai_ci,IMPLICIT) and (utf8mb4_unicode_ci,IMPLICIT) for operation '='
[2026-04-25 10:38:54] ERROR: Error
    at Query.run (C:\Users\moham\Desktop\Alfa Project\Aman app\backend\node_modules\sequelize\lib\dialects\mysql\query.js:52:25)
    at C:\Users\moham\Desktop\Alfa Project\Aman app\backend\node_modules\sequelize\lib\sequelize.js:315:28
    at process.processTicksAndRejections (node:internal/process/task_queues:104:5)
    at async MySQLQueryInterface.rawSelect (C:\Users\moham\Desktop\Alfa Project\Aman app\backend\node_modules\sequelize\lib\dialects\abstract\query-interface.js:434:18)
    at async Rating.aggregate (C:\Users\moham\Desktop\Alfa Project\Aman app\backend\node_modules\sequelize\lib\model.js:1277:19)
    at async Rating.count (C:\Users\moham\Desktop\Alfa Project\Aman app\backend\node_modules\sequelize\lib\model.js:1306:20)
    at async Promise.all (index 0)
    at async Rating.findAndCountAll (C:\Users\moham\Desktop\Alfa Project\Aman app\backend\node_modules\sequelize\lib\model.js:1322:27)
    at async exports.listRatings (C:\Users\moham\Desktop\Alfa Project\Aman app\backend\src\modules\cp_modules\ratings.service.js:5:27)
    at async exports.listRatings (C:\Users\moham\Desktop\Alfa Project\Aman app\backend\src\controllers\cp_controllers\ratings.controller.js:3:67)
  MySQL: Illegal mix of collations (utf8mb4_0900_ai_ci,IMPLICIT) and (utf8mb4_unicode_ci,IMPLICIT) for operation '='
[2026-04-25 10:39:33] ERROR: Error
    at Query.run (C:\Users\moham\Desktop\Alfa Project\Aman app\backend\node_modules\sequelize\lib\dialects\mysql\query.js:52:25)
    at C:\Users\moham\Desktop\Alfa Project\Aman app\backend\node_modules\sequelize\lib\sequelize.js:315:28
    at process.processTicksAndRejections (node:internal/process/task_queues:104:5)
    at async MySQLQueryInterface.rawSelect (C:\Users\moham\Desktop\Alfa Project\Aman app\backend\node_modules\sequelize\lib\dialects\abstract\query-interface.js:434:18)
    at async Rating.aggregate (C:\Users\moham\Desktop\Alfa Project\Aman app\backend\node_modules\sequelize\lib\model.js:1277:19)
    at async Rating.count (C:\Users\moham\Desktop\Alfa Project\Aman app\backend\node_modules\sequelize\lib\model.js:1306:20)
    at async Promise.all (index 0)
    at async Rating.findAndCountAll (C:\Users\moham\Desktop\Alfa Project\Aman app\backend\node_modules\sequelize\lib\model.js:1322:27)
    at async exports.listRatings (C:\Users\moham\Desktop\Alfa Project\Aman app\backend\src\modules\cp_modules\ratings.service.js:5:27)
    at async exports.listRatings (C:\Users\moham\Desktop\Alfa Project\Aman app\backend\src\controllers\cp_controllers\ratings.controller.js:3:67)
  MySQL: Illegal mix of collations (utf8mb4_0900_ai_ci,IMPLICIT) and (utf8mb4_unicode_ci,IMPLICIT) for operation '='
[2026-04-25 10:40:18] ERROR: Error
    at Query.run (C:\Users\moham\Desktop\Alfa Project\Aman app\backend\node_modules\sequelize\lib\dialects\mysql\query.js:52:25)
    at C:\Users\moham\Desktop\Alfa Project\Aman app\backend\node_modules\sequelize\lib\sequelize.js:315:28
    at process.processTicksAndRejections (node:internal/process/task_queues:104:5)
    at async MySQLQueryInterface.rawSelect (C:\Users\moham\Desktop\Alfa Project\Aman app\backend\node_modules\sequelize\lib\dialects\abstract\query-interface.js:434:18)
    at async Rating.aggregate (C:\Users\moham\Desktop\Alfa Project\Aman app\backend\node_modules\sequelize\lib\model.js:1277:19)
    at async Rating.count (C:\Users\moham\Desktop\Alfa Project\Aman app\backend\node_modules\sequelize\lib\model.js:1306:20)
    at async Promise.all (index 0)
    at async Rating.findAndCountAll (C:\Users\moham\Desktop\Alfa Project\Aman app\backend\node_modules\sequelize\lib\model.js:1322:27)
    at async exports.listRatings (C:\Users\moham\Desktop\Alfa Project\Aman app\backend\src\modules\cp_modules\ratings.service.js:5:27)
    at async exports.listRatings (C:\Users\moham\Desktop\Alfa Project\Aman app\backend\src\controllers\cp_controllers\ratings.controller.js:3:67)
  MySQL: Illegal mix of collations (utf8mb4_0900_ai_ci,IMPLICIT) and (utf8mb4_unicode_ci,IMPLICIT) for operation '='
[2026-04-25 10:40:19] ERROR: Error
    at Query.run (C:\Users\moham\Desktop\Alfa Project\Aman app\backend\node_modules\sequelize\lib\dialects\mysql\query.js:52:25)
    at C:\Users\moham\Desktop\Alfa Project\Aman app\backend\node_modules\sequelize\lib\sequelize.js:315:28
    at process.processTicksAndRejections (node:internal/process/task_queues:104:5)
    at async MySQLQueryInterface.rawSelect (C:\Users\moham\Desktop\Alfa Project\Aman app\backend\node_modules\sequelize\lib\dialects\abstract\query-interface.js:434:18)
    at async Rating.aggregate (C:\Users\moham\Desktop\Alfa Project\Aman app\backend\node_modules\sequelize\lib\model.js:1277:19)
    at async Rating.count (C:\Users\moham\Desktop\Alfa Project\Aman app\backend\node_modules\sequelize\lib\model.js:1306:20)
    at async Promise.all (index 0)
    at async Rating.findAndCountAll (C:\Users\moham\Desktop\Alfa Project\Aman app\backend\node_modules\sequelize\lib\model.js:1322:27)
    at async exports.listRatings (C:\Users\moham\Desktop\Alfa Project\Aman app\backend\src\modules\cp_modules\ratings.service.js:5:27)
    at async exports.listRatings (C:\Users\moham\Desktop\Alfa Project\Aman app\backend\src\controllers\cp_controllers\ratings.controller.js:3:67)
  MySQL: Illegal mix of collations (utf8mb4_0900_ai_ci,IMPLICIT) and (utf8mb4_unicode_ci,IMPLICIT) for operation '='
[2026-04-25 10:40:19] ERROR: Error
    at Query.run (C:\Users\moham\Desktop\Alfa Project\Aman app\backend\node_modules\sequelize\lib\dialects\mysql\query.js:52:25)
    at C:\Users\moham\Desktop\Alfa Project\Aman app\backend\node_modules\sequelize\lib\sequelize.js:315:28
    at process.processTicksAndRejections (node:internal/process/task_queues:104:5)
    at async MySQLQueryInterface.rawSelect (C:\Users\moham\Desktop\Alfa Project\Aman app\backend\node_modules\sequelize\lib\dialects\abstract\query-interface.js:434:18)
    at async Rating.aggregate (C:\Users\moham\Desktop\Alfa Project\Aman app\backend\node_modules\sequelize\lib\model.js:1277:19)
    at async Rating.count (C:\Users\moham\Desktop\Alfa Project\Aman app\backend\node_modules\sequelize\lib\model.js:1306:20)
    at async Promise.all (index 0)
    at async Rating.findAndCountAll (C:\Users\moham\Desktop\Alfa Project\Aman app\backend\node_modules\sequelize\lib\model.js:1322:27)
    at async exports.listRatings (C:\Users\moham\Desktop\Alfa Project\Aman app\backend\src\modules\cp_modules\ratings.service.js:5:27)
    at async exports.listRatings (C:\Users\moham\Desktop\Alfa Project\Aman app\backend\src\controllers\cp_controllers\ratings.controller.js:3:67)
  MySQL: Illegal mix of collations (utf8mb4_0900_ai_ci,IMPLICIT) and (utf8mb4_unicode_ci,IMPLICIT) for operation '='
[2026-04-25 10:40:20] ERROR: Error
    at Query.run (C:\Users\moham\Desktop\Alfa Project\Aman app\backend\node_modules\sequelize\lib\dialects\mysql\query.js:52:25)
    at C:\Users\moham\Desktop\Alfa Project\Aman app\backend\node_modules\sequelize\lib\sequelize.js:315:28
    at process.processTicksAndRejections (node:internal/process/task_queues:104:5)
    at async MySQLQueryInterface.rawSelect (C:\Users\moham\Desktop\Alfa Project\Aman app\backend\node_modules\sequelize\lib\dialects\abstract\query-interface.js:434:18)
    at async Rating.aggregate (C:\Users\moham\Desktop\Alfa Project\Aman app\backend\node_modules\sequelize\lib\model.js:1277:19)
    at async Rating.count (C:\Users\moham\Desktop\Alfa Project\Aman app\backend\node_modules\sequelize\lib\model.js:1306:20)
    at async Promise.all (index 0)
    at async Rating.findAndCountAll (C:\Users\moham\Desktop\Alfa Project\Aman app\backend\node_modules\sequelize\lib\model.js:1322:27)
    at async exports.listRatings (C:\Users\moham\Desktop\Alfa Project\Aman app\backend\src\modules\cp_modules\ratings.service.js:5:27)
    at async exports.listRatings (C:\Users\moham\Desktop\Alfa Project\Aman app\backend\src\controllers\cp_controllers\ratings.controller.js:3:67)
  MySQL: Illegal mix of collations (utf8mb4_0900_ai_ci,IMPLICIT) and (utf8mb4_unicode_ci,IMPLICIT) for operation '='
[2026-04-25 10:40:24] ERROR: Error
    at Query.run (C:\Users\moham\Desktop\Alfa Project\Aman app\backend\node_modules\sequelize\lib\dialects\mysql\query.js:52:25)
    at C:\Users\moham\Desktop\Alfa Project\Aman app\backend\node_modules\sequelize\lib\sequelize.js:315:28
    at process.processTicksAndRejections (node:internal/process/task_queues:104:5)
    at async MySQLQueryInterface.rawSelect (C:\Users\moham\Desktop\Alfa Project\Aman app\backend\node_modules\sequelize\lib\dialects\abstract\query-interface.js:434:18)
    at async Rating.aggregate (C:\Users\moham\Desktop\Alfa Project\Aman app\backend\node_modules\sequelize\lib\model.js:1277:19)
    at async Rating.count (C:\Users\moham\Desktop\Alfa Project\Aman app\backend\node_modules\sequelize\lib\model.js:1306:20)
    at async Promise.all (index 0)
    at async Rating.findAndCountAll (C:\Users\moham\Desktop\Alfa Project\Aman app\backend\node_modules\sequelize\lib\model.js:1322:27)
    at async exports.listRatings (C:\Users\moham\Desktop\Alfa Project\Aman app\backend\src\modules\cp_modules\ratings.service.js:5:27)
    at async exports.listRatings (C:\Users\moham\Desktop\Alfa Project\Aman app\backend\src\controllers\cp_controllers\ratings.controller.js:3:67)
  MySQL: Illegal mix of collations (utf8mb4_0900_ai_ci,IMPLICIT) and (utf8mb4_unicode_ci,IMPLICIT) for operation '='
[2026-04-25 10:40:26] ERROR: Error
    at Query.run (C:\Users\moham\Desktop\Alfa Project\Aman app\backend\node_modules\sequelize\lib\dialects\mysql\query.js:52:25)
    at C:\Users\moham\Desktop\Alfa Project\Aman app\backend\node_modules\sequelize\lib\sequelize.js:315:28
    at process.processTicksAndRejections (node:internal/process/task_queues:104:5)
    at async MySQLQueryInterface.rawSelect (C:\Users\moham\Desktop\Alfa Project\Aman app\backend\node_modules\sequelize\lib\dialects\abstract\query-interface.js:434:18)
    at async Rating.aggregate (C:\Users\moham\Desktop\Alfa Project\Aman app\backend\node_modules\sequelize\lib\model.js:1277:19)
    at async Rating.count (C:\Users\moham\Desktop\Alfa Project\Aman app\backend\node_modules\sequelize\lib\model.js:1306:20)
    at async Promise.all (index 0)
    at async Rating.findAndCountAll (C:\Users\moham\Desktop\Alfa Project\Aman app\backend\node_modules\sequelize\lib\model.js:1322:27)
    at async exports.listRatings (C:\Users\moham\Desktop\Alfa Project\Aman app\backend\src\modules\cp_modules\ratings.service.js:5:27)
    at async exports.listRatings (C:\Users\moham\Desktop\Alfa Project\Aman app\backend\src\controllers\cp_controllers\ratings.controller.js:3:67)
  MySQL: Illegal mix of collations (utf8mb4_0900_ai_ci,IMPLICIT) and (utf8mb4_unicode_ci,IMPLICIT) for operation '='
[2026-04-25 10:40:26] ERROR: Error
    at Query.run (C:\Users\moham\Desktop\Alfa Project\Aman app\backend\node_modules\sequelize\lib\dialects\mysql\query.js:52:25)
    at C:\Users\moham\Desktop\Alfa Project\Aman app\backend\node_modules\sequelize\lib\sequelize.js:315:28
    at process.processTicksAndRejections (node:internal/process/task_queues:104:5)
    at async MySQLQueryInterface.rawSelect (C:\Users\moham\Desktop\Alfa Project\Aman app\backend\node_modules\sequelize\lib\dialects\abstract\query-interface.js:434:18)
    at async Rating.aggregate (C:\Users\moham\Desktop\Alfa Project\Aman app\backend\node_modules\sequelize\lib\model.js:1277:19)
    at async Rating.count (C:\Users\moham\Desktop\Alfa Project\Aman app\backend\node_modules\sequelize\lib\model.js:1306:20)
    at async Promise.all (index 0)
    at async Rating.findAndCountAll (C:\Users\moham\Desktop\Alfa Project\Aman app\backend\node_modules\sequelize\lib\model.js:1322:27)
    at async exports.listRatings (C:\Users\moham\Desktop\Alfa Project\Aman app\backend\src\modules\cp_modules\ratings.service.js:5:27)
    at async exports.listRatings (C:\Users\moham\Desktop\Alfa Project\Aman app\backend\src\controllers\cp_controllers\ratings.controller.js:3:67)
  MySQL: Illegal mix of collations (utf8mb4_0900_ai_ci,IMPLICIT) and (utf8mb4_unicode_ci,IMPLICIT) for operation '='
[2026-04-25 10:40:54] ERROR: Error
    at Query.run (C:\Users\moham\Desktop\Alfa Project\Aman app\backend\node_modules\sequelize\lib\dialects\mysql\query.js:52:25)
    at C:\Users\moham\Desktop\Alfa Project\Aman app\backend\node_modules\sequelize\lib\sequelize.js:315:28
    at process.processTicksAndRejections (node:internal/process/task_queues:104:5)
    at async MySQLQueryInterface.rawSelect (C:\Users\moham\Desktop\Alfa Project\Aman app\backend\node_modules\sequelize\lib\dialects\abstract\query-interface.js:434:18)
    at async Rating.aggregate (C:\Users\moham\Desktop\Alfa Project\Aman app\backend\node_modules\sequelize\lib\model.js:1277:19)
    at async Rating.count (C:\Users\moham\Desktop\Alfa Project\Aman app\backend\node_modules\sequelize\lib\model.js:1306:20)
    at async Promise.all (index 0)
    at async Rating.findAndCountAll (C:\Users\moham\Desktop\Alfa Project\Aman app\backend\node_modules\sequelize\lib\model.js:1322:27)
    at async exports.listRatings (C:\Users\moham\Desktop\Alfa Project\Aman app\backend\src\modules\cp_modules\ratings.service.js:5:27)
    at async exports.listRatings (C:\Users\moham\Desktop\Alfa Project\Aman app\backend\src\controllers\cp_controllers\ratings.controller.js:3:67)
  MySQL: Illegal mix of collations (utf8mb4_0900_ai_ci,IMPLICIT) and (utf8mb4_unicode_ci,IMPLICIT) for operation '='
[2026-04-25 10:40:55] ERROR: Error
    at Query.run (C:\Users\moham\Desktop\Alfa Project\Aman app\backend\node_modules\sequelize\lib\dialects\mysql\query.js:52:25)
    at C:\Users\moham\Desktop\Alfa Project\Aman app\backend\node_modules\sequelize\lib\sequelize.js:315:28
    at process.processTicksAndRejections (node:internal/process/task_queues:104:5)
    at async MySQLQueryInterface.rawSelect (C:\Users\moham\Desktop\Alfa Project\Aman app\backend\node_modules\sequelize\lib\dialects\abstract\query-interface.js:434:18)
    at async Rating.aggregate (C:\Users\moham\Desktop\Alfa Project\Aman app\backend\node_modules\sequelize\lib\model.js:1277:19)
    at async Rating.count (C:\Users\moham\Desktop\Alfa Project\Aman app\backend\node_modules\sequelize\lib\model.js:1306:20)
    at async Promise.all (index 0)
    at async Rating.findAndCountAll (C:\Users\moham\Desktop\Alfa Project\Aman app\backend\node_modules\sequelize\lib\model.js:1322:27)
    at async exports.listRatings (C:\Users\moham\Desktop\Alfa Project\Aman app\backend\src\modules\cp_modules\ratings.service.js:5:27)
    at async exports.listRatings (C:\Users\moham\Desktop\Alfa Project\Aman app\backend\src\controllers\cp_controllers\ratings.controller.js:3:67)
  MySQL: Illegal mix of collations (utf8mb4_0900_ai_ci,IMPLICIT) and (utf8mb4_unicode_ci,IMPLICIT) for operation '='
[2026-04-25 10:40:55] ERROR: Error
    at Query.run (C:\Users\moham\Desktop\Alfa Project\Aman app\backend\node_modules\sequelize\lib\dialects\mysql\query.js:52:25)
    at C:\Users\moham\Desktop\Alfa Project\Aman app\backend\node_modules\sequelize\lib\sequelize.js:315:28
    at process.processTicksAndRejections (node:internal/process/task_queues:104:5)
    at async MySQLQueryInterface.rawSelect (C:\Users\moham\Desktop\Alfa Project\Aman app\backend\node_modules\sequelize\lib\dialects\abstract\query-interface.js:434:18)
    at async Rating.aggregate (C:\Users\moham\Desktop\Alfa Project\Aman app\backend\node_modules\sequelize\lib\model.js:1277:19)
    at async Rating.count (C:\Users\moham\Desktop\Alfa Project\Aman app\backend\node_modules\sequelize\lib\model.js:1306:20)
    at async Promise.all (index 0)
    at async Rating.findAndCountAll (C:\Users\moham\Desktop\Alfa Project\Aman app\backend\node_modules\sequelize\lib\model.js:1322:27)
    at async exports.listRatings (C:\Users\moham\Desktop\Alfa Project\Aman app\backend\src\modules\cp_modules\ratings.service.js:5:27)
    at async exports.listRatings (C:\Users\moham\Desktop\Alfa Project\Aman app\backend\src\controllers\cp_controllers\ratings.controller.js:3:67)
  MySQL: Illegal mix of collations (utf8mb4_0900_ai_ci,IMPLICIT) and (utf8mb4_unicode_ci,IMPLICIT) for operation '='
[2026-04-25 10:40:56] ERROR: Error
    at Query.run (C:\Users\moham\Desktop\Alfa Project\Aman app\backend\node_modules\sequelize\lib\dialects\mysql\query.js:52:25)
    at C:\Users\moham\Desktop\Alfa Project\Aman app\backend\node_modules\sequelize\lib\sequelize.js:315:28
    at process.processTicksAndRejections (node:internal/process/task_queues:104:5)
    at async MySQLQueryInterface.rawSelect (C:\Users\moham\Desktop\Alfa Project\Aman app\backend\node_modules\sequelize\lib\dialects\abstract\query-interface.js:434:18)
    at async Rating.aggregate (C:\Users\moham\Desktop\Alfa Project\Aman app\backend\node_modules\sequelize\lib\model.js:1277:19)
    at async Rating.count (C:\Users\moham\Desktop\Alfa Project\Aman app\backend\node_modules\sequelize\lib\model.js:1306:20)
    at async Promise.all (index 0)
    at async Rating.findAndCountAll (C:\Users\moham\Desktop\Alfa Project\Aman app\backend\node_modules\sequelize\lib\model.js:1322:27)
    at async exports.listRatings (C:\Users\moham\Desktop\Alfa Project\Aman app\backend\src\modules\cp_modules\ratings.service.js:5:27)
    at async exports.listRatings (C:\Users\moham\Desktop\Alfa Project\Aman app\backend\src\controllers\cp_controllers\ratings.controller.js:3:67)
  MySQL: Illegal mix of collations (utf8mb4_0900_ai_ci,IMPLICIT) and (utf8mb4_unicode_ci,IMPLICIT) for operation '='
[2026-04-25 10:41:40] ERROR: Error
    at Query.run (C:\Users\moham\Desktop\Alfa Project\Aman app\backend\node_modules\sequelize\lib\dialects\mysql\query.js:52:25)
    at C:\Users\moham\Desktop\Alfa Project\Aman app\backend\node_modules\sequelize\lib\sequelize.js:315:28
    at process.processTicksAndRejections (node:internal/process/task_queues:104:5)
    at async MySQLQueryInterface.rawSelect (C:\Users\moham\Desktop\Alfa Project\Aman app\backend\node_modules\sequelize\lib\dialects\abstract\query-interface.js:434:18)
    at async Rating.aggregate (C:\Users\moham\Desktop\Alfa Project\Aman app\backend\node_modules\sequelize\lib\model.js:1277:19)
    at async Rating.count (C:\Users\moham\Desktop\Alfa Project\Aman app\backend\node_modules\sequelize\lib\model.js:1306:20)
    at async Promise.all (index 0)
    at async Rating.findAndCountAll (C:\Users\moham\Desktop\Alfa Project\Aman app\backend\node_modules\sequelize\lib\model.js:1322:27)
    at async exports.listRatings (C:\Users\moham\Desktop\Alfa Project\Aman app\backend\src\modules\cp_modules\ratings.service.js:5:27)
    at async exports.listRatings (C:\Users\moham\Desktop\Alfa Project\Aman app\backend\src\controllers\cp_controllers\ratings.controller.js:3:67)
  MySQL: Illegal mix of collations (utf8mb4_0900_ai_ci,IMPLICIT) and (utf8mb4_unicode_ci,IMPLICIT) for operation '='
[2026-04-25 10:41:42] ERROR: Error
    at Query.run (C:\Users\moham\Desktop\Alfa Project\Aman app\backend\node_modules\sequelize\lib\dialects\mysql\query.js:52:25)
    at C:\Users\moham\Desktop\Alfa Project\Aman app\backend\node_modules\sequelize\lib\sequelize.js:315:28
    at process.processTicksAndRejections (node:internal/process/task_queues:104:5)
    at async MySQLQueryInterface.rawSelect (C:\Users\moham\Desktop\Alfa Project\Aman app\backend\node_modules\sequelize\lib\dialects\abstract\query-interface.js:434:18)
    at async Rating.aggregate (C:\Users\moham\Desktop\Alfa Project\Aman app\backend\node_modules\sequelize\lib\model.js:1277:19)
    at async Rating.count (C:\Users\moham\Desktop\Alfa Project\Aman app\backend\node_modules\sequelize\lib\model.js:1306:20)
    at async Promise.all (index 0)
    at async Rating.findAndCountAll (C:\Users\moham\Desktop\Alfa Project\Aman app\backend\node_modules\sequelize\lib\model.js:1322:27)
    at async exports.listRatings (C:\Users\moham\Desktop\Alfa Project\Aman app\backend\src\modules\cp_modules\ratings.service.js:5:27)
    at async exports.listRatings (C:\Users\moham\Desktop\Alfa Project\Aman app\backend\src\controllers\cp_controllers\ratings.controller.js:3:67)
  MySQL: Illegal mix of collations (utf8mb4_0900_ai_ci,IMPLICIT) and (utf8mb4_unicode_ci,IMPLICIT) for operation '='
[2026-04-25 10:41:44] ERROR: Error
    at Query.run (C:\Users\moham\Desktop\Alfa Project\Aman app\backend\node_modules\sequelize\lib\dialects\mysql\query.js:52:25)
    at C:\Users\moham\Desktop\Alfa Project\Aman app\backend\node_modules\sequelize\lib\sequelize.js:315:28
    at process.processTicksAndRejections (node:internal/process/task_queues:104:5)
    at async MySQLQueryInterface.rawSelect (C:\Users\moham\Desktop\Alfa Project\Aman app\backend\node_modules\sequelize\lib\dialects\abstract\query-interface.js:434:18)
    at async Rating.aggregate (C:\Users\moham\Desktop\Alfa Project\Aman app\backend\node_modules\sequelize\lib\model.js:1277:19)
    at async Rating.count (C:\Users\moham\Desktop\Alfa Project\Aman app\backend\node_modules\sequelize\lib\model.js:1306:20)
    at async Promise.all (index 0)
    at async Rating.findAndCountAll (C:\Users\moham\Desktop\Alfa Project\Aman app\backend\node_modules\sequelize\lib\model.js:1322:27)
    at async exports.listRatings (C:\Users\moham\Desktop\Alfa Project\Aman app\backend\src\modules\cp_modules\ratings.service.js:5:27)
    at async exports.listRatings (C:\Users\moham\Desktop\Alfa Project\Aman app\backend\src\controllers\cp_controllers\ratings.controller.js:3:67)
  MySQL: Illegal mix of collations (utf8mb4_0900_ai_ci,IMPLICIT) and (utf8mb4_unicode_ci,IMPLICIT) for operation '='
[2026-04-25 10:41:44] ERROR: Error
    at Query.run (C:\Users\moham\Desktop\Alfa Project\Aman app\backend\node_modules\sequelize\lib\dialects\mysql\query.js:52:25)
    at C:\Users\moham\Desktop\Alfa Project\Aman app\backend\node_modules\sequelize\lib\sequelize.js:315:28
    at process.processTicksAndRejections (node:internal/process/task_queues:104:5)
    at async MySQLQueryInterface.rawSelect (C:\Users\moham\Desktop\Alfa Project\Aman app\backend\node_modules\sequelize\lib\dialects\abstract\query-interface.js:434:18)
    at async Rating.aggregate (C:\Users\moham\Desktop\Alfa Project\Aman app\backend\node_modules\sequelize\lib\model.js:1277:19)
    at async Rating.count (C:\Users\moham\Desktop\Alfa Project\Aman app\backend\node_modules\sequelize\lib\model.js:1306:20)
    at async Promise.all (index 0)
    at async Rating.findAndCountAll (C:\Users\moham\Desktop\Alfa Project\Aman app\backend\node_modules\sequelize\lib\model.js:1322:27)
    at async exports.listRatings (C:\Users\moham\Desktop\Alfa Project\Aman app\backend\src\modules\cp_modules\ratings.service.js:5:27)
    at async exports.listRatings (C:\Users\moham\Desktop\Alfa Project\Aman app\backend\src\controllers\cp_controllers\ratings.controller.js:3:67)
  MySQL: Illegal mix of collations (utf8mb4_0900_ai_ci,IMPLICIT) and (utf8mb4_unicode_ci,IMPLICIT) for operation '='
[2026-04-25 10:41:45] ERROR: Error
    at Query.run (C:\Users\moham\Desktop\Alfa Project\Aman app\backend\node_modules\sequelize\lib\dialects\mysql\query.js:52:25)
    at C:\Users\moham\Desktop\Alfa Project\Aman app\backend\node_modules\sequelize\lib\sequelize.js:315:28
    at process.processTicksAndRejections (node:internal/process/task_queues:104:5)
    at async MySQLQueryInterface.rawSelect (C:\Users\moham\Desktop\Alfa Project\Aman app\backend\node_modules\sequelize\lib\dialects\abstract\query-interface.js:434:18)
    at async Rating.aggregate (C:\Users\moham\Desktop\Alfa Project\Aman app\backend\node_modules\sequelize\lib\model.js:1277:19)
    at async Rating.count (C:\Users\moham\Desktop\Alfa Project\Aman app\backend\node_modules\sequelize\lib\model.js:1306:20)
    at async Promise.all (index 0)
    at async Rating.findAndCountAll (C:\Users\moham\Desktop\Alfa Project\Aman app\backend\node_modules\sequelize\lib\model.js:1322:27)
    at async exports.listRatings (C:\Users\moham\Desktop\Alfa Project\Aman app\backend\src\modules\cp_modules\ratings.service.js:5:27)
    at async exports.listRatings (C:\Users\moham\Desktop\Alfa Project\Aman app\backend\src\controllers\cp_controllers\ratings.controller.js:3:67)
  MySQL: Illegal mix of collations (utf8mb4_0900_ai_ci,IMPLICIT) and (utf8mb4_unicode_ci,IMPLICIT) for operation '='
[2026-04-25 10:41:45] ERROR: Error
    at Query.run (C:\Users\moham\Desktop\Alfa Project\Aman app\backend\node_modules\sequelize\lib\dialects\mysql\query.js:52:25)
    at C:\Users\moham\Desktop\Alfa Project\Aman app\backend\node_modules\sequelize\lib\sequelize.js:315:28
    at process.processTicksAndRejections (node:internal/process/task_queues:104:5)
    at async MySQLQueryInterface.rawSelect (C:\Users\moham\Desktop\Alfa Project\Aman app\backend\node_modules\sequelize\lib\dialects\abstract\query-interface.js:434:18)
    at async Rating.aggregate (C:\Users\moham\Desktop\Alfa Project\Aman app\backend\node_modules\sequelize\lib\model.js:1277:19)
    at async Rating.count (C:\Users\moham\Desktop\Alfa Project\Aman app\backend\node_modules\sequelize\lib\model.js:1306:20)
    at async Promise.all (index 0)
    at async Rating.findAndCountAll (C:\Users\moham\Desktop\Alfa Project\Aman app\backend\node_modules\sequelize\lib\model.js:1322:27)
    at async exports.listRatings (C:\Users\moham\Desktop\Alfa Project\Aman app\backend\src\modules\cp_modules\ratings.service.js:5:27)
    at async exports.listRatings (C:\Users\moham\Desktop\Alfa Project\Aman app\backend\src\controllers\cp_controllers\ratings.controller.js:3:67)
  MySQL: Illegal mix of collations (utf8mb4_0900_ai_ci,IMPLICIT) and (utf8mb4_unicode_ci,IMPLICIT) for operation '='
[2026-04-25 10:41:45] ERROR: Error
    at Query.run (C:\Users\moham\Desktop\Alfa Project\Aman app\backend\node_modules\sequelize\lib\dialects\mysql\query.js:52:25)
    at C:\Users\moham\Desktop\Alfa Project\Aman app\backend\node_modules\sequelize\lib\sequelize.js:315:28
    at process.processTicksAndRejections (node:internal/process/task_queues:104:5)
    at async MySQLQueryInterface.rawSelect (C:\Users\moham\Desktop\Alfa Project\Aman app\backend\node_modules\sequelize\lib\dialects\abstract\query-interface.js:434:18)
    at async Rating.aggregate (C:\Users\moham\Desktop\Alfa Project\Aman app\backend\node_modules\sequelize\lib\model.js:1277:19)
    at async Rating.count (C:\Users\moham\Desktop\Alfa Project\Aman app\backend\node_modules\sequelize\lib\model.js:1306:20)
    at async Promise.all (index 0)
    at async Rating.findAndCountAll (C:\Users\moham\Desktop\Alfa Project\Aman app\backend\node_modules\sequelize\lib\model.js:1322:27)
    at async exports.listRatings (C:\Users\moham\Desktop\Alfa Project\Aman app\backend\src\modules\cp_modules\ratings.service.js:5:27)
    at async exports.listRatings (C:\Users\moham\Desktop\Alfa Project\Aman app\backend\src\controllers\cp_controllers\ratings.controller.js:3:67)
  MySQL: Illegal mix of collations (utf8mb4_0900_ai_ci,IMPLICIT) and (utf8mb4_unicode_ci,IMPLICIT) for operation '='
[2026-04-25 10:41:46] ERROR: Error
    at Query.run (C:\Users\moham\Desktop\Alfa Project\Aman app\backend\node_modules\sequelize\lib\dialects\mysql\query.js:52:25)
    at C:\Users\moham\Desktop\Alfa Project\Aman app\backend\node_modules\sequelize\lib\sequelize.js:315:28
    at process.processTicksAndRejections (node:internal/process/task_queues:104:5)
    at async MySQLQueryInterface.rawSelect (C:\Users\moham\Desktop\Alfa Project\Aman app\backend\node_modules\sequelize\lib\dialects\abstract\query-interface.js:434:18)
    at async Rating.aggregate (C:\Users\moham\Desktop\Alfa Project\Aman app\backend\node_modules\sequelize\lib\model.js:1277:19)
    at async Rating.count (C:\Users\moham\Desktop\Alfa Project\Aman app\backend\node_modules\sequelize\lib\model.js:1306:20)
    at async Promise.all (index 0)
    at async Rating.findAndCountAll (C:\Users\moham\Desktop\Alfa Project\Aman app\backend\node_modules\sequelize\lib\model.js:1322:27)
    at async exports.listRatings (C:\Users\moham\Desktop\Alfa Project\Aman app\backend\src\modules\cp_modules\ratings.service.js:5:27)
    at async exports.listRatings (C:\Users\moham\Desktop\Alfa Project\Aman app\backend\src\controllers\cp_controllers\ratings.controller.js:3:67)
  MySQL: Illegal mix of collations (utf8mb4_0900_ai_ci,IMPLICIT) and (utf8mb4_unicode_ci,IMPLICIT) for operation '='
[2026-04-25 10:41:46] ERROR: Error
    at Query.run (C:\Users\moham\Desktop\Alfa Project\Aman app\backend\node_modules\sequelize\lib\dialects\mysql\query.js:52:25)
    at C:\Users\moham\Desktop\Alfa Project\Aman app\backend\node_modules\sequelize\lib\sequelize.js:315:28
    at process.processTicksAndRejections (node:internal/process/task_queues:104:5)
    at async MySQLQueryInterface.rawSelect (C:\Users\moham\Desktop\Alfa Project\Aman app\backend\node_modules\sequelize\lib\dialects\abstract\query-interface.js:434:18)
    at async Rating.aggregate (C:\Users\moham\Desktop\Alfa Project\Aman app\backend\node_modules\sequelize\lib\model.js:1277:19)
    at async Rating.count (C:\Users\moham\Desktop\Alfa Project\Aman app\backend\node_modules\sequelize\lib\model.js:1306:20)
    at async Promise.all (index 0)
    at async Rating.findAndCountAll (C:\Users\moham\Desktop\Alfa Project\Aman app\backend\node_modules\sequelize\lib\model.js:1322:27)
    at async exports.listRatings (C:\Users\moham\Desktop\Alfa Project\Aman app\backend\src\modules\cp_modules\ratings.service.js:5:27)
    at async exports.listRatings (C:\Users\moham\Desktop\Alfa Project\Aman app\backend\src\controllers\cp_controllers\ratings.controller.js:3:67)
  MySQL: Illegal mix of collations (utf8mb4_0900_ai_ci,IMPLICIT) and (utf8mb4_unicode_ci,IMPLICIT) for operation '='
[2026-04-25 10:45:40] ERROR: Error
    at Query.run (C:\Users\moham\Desktop\Alfa Project\Aman app\backend\node_modules\sequelize\lib\dialects\mysql\query.js:52:25)
    at C:\Users\moham\Desktop\Alfa Project\Aman app\backend\node_modules\sequelize\lib\sequelize.js:315:28
    at process.processTicksAndRejections (node:internal/process/task_queues:104:5)
    at async MySQLQueryInterface.rawSelect (C:\Users\moham\Desktop\Alfa Project\Aman app\backend\node_modules\sequelize\lib\dialects\abstract\query-interface.js:434:18)
    at async Rating.aggregate (C:\Users\moham\Desktop\Alfa Project\Aman app\backend\node_modules\sequelize\lib\model.js:1277:19)
    at async Rating.count (C:\Users\moham\Desktop\Alfa Project\Aman app\backend\node_modules\sequelize\lib\model.js:1306:20)
    at async Promise.all (index 0)
    at async Rating.findAndCountAll (C:\Users\moham\Desktop\Alfa Project\Aman app\backend\node_modules\sequelize\lib\model.js:1322:27)
    at async exports.listRatings (C:\Users\moham\Desktop\Alfa Project\Aman app\backend\src\modules\cp_modules\ratings.service.js:5:27)
    at async exports.listRatings (C:\Users\moham\Desktop\Alfa Project\Aman app\backend\src\controllers\cp_controllers\ratings.controller.js:3:67)
  MySQL: Illegal mix of collations (utf8mb4_0900_ai_ci,IMPLICIT) and (utf8mb4_unicode_ci,IMPLICIT) for operation '='
[2026-04-25 10:45:41] ERROR: Error
    at Query.run (C:\Users\moham\Desktop\Alfa Project\Aman app\backend\node_modules\sequelize\lib\dialects\mysql\query.js:52:25)
    at C:\Users\moham\Desktop\Alfa Project\Aman app\backend\node_modules\sequelize\lib\sequelize.js:315:28
    at process.processTicksAndRejections (node:internal/process/task_queues:104:5)
    at async MySQLQueryInterface.rawSelect (C:\Users\moham\Desktop\Alfa Project\Aman app\backend\node_modules\sequelize\lib\dialects\abstract\query-interface.js:434:18)
    at async Rating.aggregate (C:\Users\moham\Desktop\Alfa Project\Aman app\backend\node_modules\sequelize\lib\model.js:1277:19)
    at async Rating.count (C:\Users\moham\Desktop\Alfa Project\Aman app\backend\node_modules\sequelize\lib\model.js:1306:20)
    at async Promise.all (index 0)
    at async Rating.findAndCountAll (C:\Users\moham\Desktop\Alfa Project\Aman app\backend\node_modules\sequelize\lib\model.js:1322:27)
    at async exports.listRatings (C:\Users\moham\Desktop\Alfa Project\Aman app\backend\src\modules\cp_modules\ratings.service.js:5:27)
    at async exports.listRatings (C:\Users\moham\Desktop\Alfa Project\Aman app\backend\src\controllers\cp_controllers\ratings.controller.js:3:67)
  MySQL: Illegal mix of collations (utf8mb4_0900_ai_ci,IMPLICIT) and (utf8mb4_unicode_ci,IMPLICIT) for operation '='
[2026-04-25 10:45:41] ERROR: Error
    at Query.run (C:\Users\moham\Desktop\Alfa Project\Aman app\backend\node_modules\sequelize\lib\dialects\mysql\query.js:52:25)
    at C:\Users\moham\Desktop\Alfa Project\Aman app\backend\node_modules\sequelize\lib\sequelize.js:315:28
    at process.processTicksAndRejections (node:internal/process/task_queues:104:5)
    at async MySQLQueryInterface.rawSelect (C:\Users\moham\Desktop\Alfa Project\Aman app\backend\node_modules\sequelize\lib\dialects\abstract\query-interface.js:434:18)
    at async Rating.aggregate (C:\Users\moham\Desktop\Alfa Project\Aman app\backend\node_modules\sequelize\lib\model.js:1277:19)
    at async Rating.count (C:\Users\moham\Desktop\Alfa Project\Aman app\backend\node_modules\sequelize\lib\model.js:1306:20)
    at async Promise.all (index 0)
    at async Rating.findAndCountAll (C:\Users\moham\Desktop\Alfa Project\Aman app\backend\node_modules\sequelize\lib\model.js:1322:27)
    at async exports.listRatings (C:\Users\moham\Desktop\Alfa Project\Aman app\backend\src\modules\cp_modules\ratings.service.js:5:27)
    at async exports.listRatings (C:\Users\moham\Desktop\Alfa Project\Aman app\backend\src\controllers\cp_controllers\ratings.controller.js:3:67)
  MySQL: Illegal mix of collations (utf8mb4_0900_ai_ci,IMPLICIT) and (utf8mb4_unicode_ci,IMPLICIT) for operation '='
[2026-04-25 10:48:16] ERROR: Error
    at Query.run (C:\Users\moham\Desktop\Alfa Project\Aman app\backend\node_modules\sequelize\lib\dialects\mysql\query.js:52:25)
    at C:\Users\moham\Desktop\Alfa Project\Aman app\backend\node_modules\sequelize\lib\sequelize.js:315:28
    at process.processTicksAndRejections (node:internal/process/task_queues:104:5)
    at async MySQLQueryInterface.rawSelect (C:\Users\moham\Desktop\Alfa Project\Aman app\backend\node_modules\sequelize\lib\dialects\abstract\query-interface.js:434:18)
    at async Rating.aggregate (C:\Users\moham\Desktop\Alfa Project\Aman app\backend\node_modules\sequelize\lib\model.js:1277:19)
    at async Rating.count (C:\Users\moham\Desktop\Alfa Project\Aman app\backend\node_modules\sequelize\lib\model.js:1306:20)
    at async Promise.all (index 0)
    at async Rating.findAndCountAll (C:\Users\moham\Desktop\Alfa Project\Aman app\backend\node_modules\sequelize\lib\model.js:1322:27)
    at async exports.listRatings (C:\Users\moham\Desktop\Alfa Project\Aman app\backend\src\modules\cp_modules\ratings.service.js:5:27)
    at async exports.listRatings (C:\Users\moham\Desktop\Alfa Project\Aman app\backend\src\controllers\cp_controllers\ratings.controller.js:3:67)
  MySQL: Illegal mix of collations (utf8mb4_0900_ai_ci,IMPLICIT) and (utf8mb4_unicode_ci,IMPLICIT) for operation '='
[2026-04-25 10:48:17] ERROR: Error
    at Query.run (C:\Users\moham\Desktop\Alfa Project\Aman app\backend\node_modules\sequelize\lib\dialects\mysql\query.js:52:25)
    at C:\Users\moham\Desktop\Alfa Project\Aman app\backend\node_modules\sequelize\lib\sequelize.js:315:28
    at process.processTicksAndRejections (node:internal/process/task_queues:104:5)
    at async MySQLQueryInterface.rawSelect (C:\Users\moham\Desktop\Alfa Project\Aman app\backend\node_modules\sequelize\lib\dialects\abstract\query-interface.js:434:18)
    at async Rating.aggregate (C:\Users\moham\Desktop\Alfa Project\Aman app\backend\node_modules\sequelize\lib\model.js:1277:19)
    at async Rating.count (C:\Users\moham\Desktop\Alfa Project\Aman app\backend\node_modules\sequelize\lib\model.js:1306:20)
    at async Promise.all (index 0)
    at async Rating.findAndCountAll (C:\Users\moham\Desktop\Alfa Project\Aman app\backend\node_modules\sequelize\lib\model.js:1322:27)
    at async exports.listRatings (C:\Users\moham\Desktop\Alfa Project\Aman app\backend\src\modules\cp_modules\ratings.service.js:5:27)
    at async exports.listRatings (C:\Users\moham\Desktop\Alfa Project\Aman app\backend\src\controllers\cp_controllers\ratings.controller.js:3:67)
  MySQL: Illegal mix of collations (utf8mb4_0900_ai_ci,IMPLICIT) and (utf8mb4_unicode_ci,IMPLICIT) for operation '='
[2026-04-25 10:48:17] ERROR: Error
    at Query.run (C:\Users\moham\Desktop\Alfa Project\Aman app\backend\node_modules\sequelize\lib\dialects\mysql\query.js:52:25)
    at C:\Users\moham\Desktop\Alfa Project\Aman app\backend\node_modules\sequelize\lib\sequelize.js:315:28
    at process.processTicksAndRejections (node:internal/process/task_queues:104:5)
    at async MySQLQueryInterface.rawSelect (C:\Users\moham\Desktop\Alfa Project\Aman app\backend\node_modules\sequelize\lib\dialects\abstract\query-interface.js:434:18)
    at async Rating.aggregate (C:\Users\moham\Desktop\Alfa Project\Aman app\backend\node_modules\sequelize\lib\model.js:1277:19)
    at async Rating.count (C:\Users\moham\Desktop\Alfa Project\Aman app\backend\node_modules\sequelize\lib\model.js:1306:20)
    at async Promise.all (index 0)
    at async Rating.findAndCountAll (C:\Users\moham\Desktop\Alfa Project\Aman app\backend\node_modules\sequelize\lib\model.js:1322:27)
    at async exports.listRatings (C:\Users\moham\Desktop\Alfa Project\Aman app\backend\src\modules\cp_modules\ratings.service.js:5:27)
    at async exports.listRatings (C:\Users\moham\Desktop\Alfa Project\Aman app\backend\src\controllers\cp_controllers\ratings.controller.js:3:67)
  MySQL: Illegal mix of collations (utf8mb4_0900_ai_ci,IMPLICIT) and (utf8mb4_unicode_ci,IMPLICIT) for operation '='
[2026-04-25 10:48:18] ERROR: Error
    at Query.run (C:\Users\moham\Desktop\Alfa Project\Aman app\backend\node_modules\sequelize\lib\dialects\mysql\query.js:52:25)
    at C:\Users\moham\Desktop\Alfa Project\Aman app\backend\node_modules\sequelize\lib\sequelize.js:315:28
    at process.processTicksAndRejections (node:internal/process/task_queues:104:5)
    at async MySQLQueryInterface.rawSelect (C:\Users\moham\Desktop\Alfa Project\Aman app\backend\node_modules\sequelize\lib\dialects\abstract\query-interface.js:434:18)
    at async Rating.aggregate (C:\Users\moham\Desktop\Alfa Project\Aman app\backend\node_modules\sequelize\lib\model.js:1277:19)
    at async Rating.count (C:\Users\moham\Desktop\Alfa Project\Aman app\backend\node_modules\sequelize\lib\model.js:1306:20)
    at async Promise.all (index 0)
    at async Rating.findAndCountAll (C:\Users\moham\Desktop\Alfa Project\Aman app\backend\node_modules\sequelize\lib\model.js:1322:27)
    at async exports.listRatings (C:\Users\moham\Desktop\Alfa Project\Aman app\backend\src\modules\cp_modules\ratings.service.js:5:27)
    at async exports.listRatings (C:\Users\moham\Desktop\Alfa Project\Aman app\backend\src\controllers\cp_controllers\ratings.controller.js:3:67)
  MySQL: Illegal mix of collations (utf8mb4_0900_ai_ci,IMPLICIT) and (utf8mb4_unicode_ci,IMPLICIT) for operation '='
[2026-04-25 10:48:18] ERROR: Error
    at Query.run (C:\Users\moham\Desktop\Alfa Project\Aman app\backend\node_modules\sequelize\lib\dialects\mysql\query.js:52:25)
    at C:\Users\moham\Desktop\Alfa Project\Aman app\backend\node_modules\sequelize\lib\sequelize.js:315:28
    at process.processTicksAndRejections (node:internal/process/task_queues:104:5)
    at async MySQLQueryInterface.rawSelect (C:\Users\moham\Desktop\Alfa Project\Aman app\backend\node_modules\sequelize\lib\dialects\abstract\query-interface.js:434:18)
    at async Rating.aggregate (C:\Users\moham\Desktop\Alfa Project\Aman app\backend\node_modules\sequelize\lib\model.js:1277:19)
    at async Rating.count (C:\Users\moham\Desktop\Alfa Project\Aman app\backend\node_modules\sequelize\lib\model.js:1306:20)
    at async Promise.all (index 0)
    at async Rating.findAndCountAll (C:\Users\moham\Desktop\Alfa Project\Aman app\backend\node_modules\sequelize\lib\model.js:1322:27)
    at async exports.listRatings (C:\Users\moham\Desktop\Alfa Project\Aman app\backend\src\modules\cp_modules\ratings.service.js:5:27)
    at async exports.listRatings (C:\Users\moham\Desktop\Alfa Project\Aman app\backend\src\controllers\cp_controllers\ratings.controller.js:3:67)
  MySQL: Illegal mix of collations (utf8mb4_0900_ai_ci,IMPLICIT) and (utf8mb4_unicode_ci,IMPLICIT) for operation '='
[2026-04-25 10:48:18] ERROR: Error
    at Query.run (C:\Users\moham\Desktop\Alfa Project\Aman app\backend\node_modules\sequelize\lib\dialects\mysql\query.js:52:25)
    at C:\Users\moham\Desktop\Alfa Project\Aman app\backend\node_modules\sequelize\lib\sequelize.js:315:28
    at process.processTicksAndRejections (node:internal/process/task_queues:104:5)
    at async MySQLQueryInterface.rawSelect (C:\Users\moham\Desktop\Alfa Project\Aman app\backend\node_modules\sequelize\lib\dialects\abstract\query-interface.js:434:18)
    at async Rating.aggregate (C:\Users\moham\Desktop\Alfa Project\Aman app\backend\node_modules\sequelize\lib\model.js:1277:19)
    at async Rating.count (C:\Users\moham\Desktop\Alfa Project\Aman app\backend\node_modules\sequelize\lib\model.js:1306:20)
    at async Promise.all (index 0)
    at async Rating.findAndCountAll (C:\Users\moham\Desktop\Alfa Project\Aman app\backend\node_modules\sequelize\lib\model.js:1322:27)
    at async exports.listRatings (C:\Users\moham\Desktop\Alfa Project\Aman app\backend\src\modules\cp_modules\ratings.service.js:5:27)
    at async exports.listRatings (C:\Users\moham\Desktop\Alfa Project\Aman app\backend\src\controllers\cp_controllers\ratings.controller.js:3:67)
  MySQL: Illegal mix of collations (utf8mb4_0900_ai_ci,IMPLICIT) and (utf8mb4_unicode_ci,IMPLICIT) for operation '='
[2026-04-25 10:48:18] ERROR: Error
    at Query.run (C:\Users\moham\Desktop\Alfa Project\Aman app\backend\node_modules\sequelize\lib\dialects\mysql\query.js:52:25)
    at C:\Users\moham\Desktop\Alfa Project\Aman app\backend\node_modules\sequelize\lib\sequelize.js:315:28
    at process.processTicksAndRejections (node:internal/process/task_queues:104:5)
    at async MySQLQueryInterface.rawSelect (C:\Users\moham\Desktop\Alfa Project\Aman app\backend\node_modules\sequelize\lib\dialects\abstract\query-interface.js:434:18)
    at async Rating.aggregate (C:\Users\moham\Desktop\Alfa Project\Aman app\backend\node_modules\sequelize\lib\model.js:1277:19)
    at async Rating.count (C:\Users\moham\Desktop\Alfa Project\Aman app\backend\node_modules\sequelize\lib\model.js:1306:20)
    at async Promise.all (index 0)
    at async Rating.findAndCountAll (C:\Users\moham\Desktop\Alfa Project\Aman app\backend\node_modules\sequelize\lib\model.js:1322:27)
    at async exports.listRatings (C:\Users\moham\Desktop\Alfa Project\Aman app\backend\src\modules\cp_modules\ratings.service.js:5:27)
    at async exports.listRatings (C:\Users\moham\Desktop\Alfa Project\Aman app\backend\src\controllers\cp_controllers\ratings.controller.js:3:67)
  MySQL: Illegal mix of collations (utf8mb4_0900_ai_ci,IMPLICIT) and (utf8mb4_unicode_ci,IMPLICIT) for operation '='
[2026-04-25 10:49:35] INFO: [DB] Sequelize connected to MySQL
[2026-04-25 10:49:35] INFO: [Migration] Already applied: drop ratings_ibfk_1
[2026-04-25 10:49:35] INFO: [Migration] Already applied: drop ratings_ibfk_2
[2026-04-25 10:49:35] INFO: [Migration] Already applied: drop pm_ibfk_1
[2026-04-25 10:49:35] INFO: [Migration] Already applied: drop pm_ibfk_2
[2026-04-25 10:49:35] INFO: [Migration] OK: ratings.rated_id nullable
[2026-04-25 10:49:35] WARN: [Migration] Skipped "groups.status": Duplicate column name 'status'
[2026-04-25 10:49:35] WARN: [Migration] Skipped "groups.is_active": Duplicate column name 'is_active'
[2026-04-25 10:49:35] INFO: [DB] All tables synced
[2026-04-25 10:49:35] INFO: [DB] app_content seeded
[2026-04-25 10:49:35] INFO: Wisber backend running on port 3000
[2026-04-25 10:49:36] INFO: [Socket] Connected: ef824feb-7931-4237-b328-b985473fbf2a
[2026-04-25 10:49:36] INFO: [Socket] Connected: a7f8f1a1-12fb-40bf-9d60-41840f890fd0
[2026-04-25 10:49:50] INFO: [DB] Sequelize connected to MySQL
[2026-04-25 10:49:50] INFO: [Migration] Already applied: drop ratings_ibfk_1
[2026-04-25 10:49:50] INFO: [Migration] Already applied: drop ratings_ibfk_2
[2026-04-25 10:49:50] INFO: [Migration] Already applied: drop pm_ibfk_1
[2026-04-25 10:49:50] INFO: [Migration] Already applied: drop pm_ibfk_2
[2026-04-25 10:49:50] INFO: [Migration] OK: ratings.rated_id nullable
[2026-04-25 10:49:50] WARN: [Migration] Skipped "groups.status": Duplicate column name 'status'
[2026-04-25 10:49:50] WARN: [Migration] Skipped "groups.is_active": Duplicate column name 'is_active'
[2026-04-25 10:49:50] INFO: [DB] All tables synced
[2026-04-25 10:49:50] INFO: [DB] app_content seeded
[2026-04-25 10:49:50] INFO: Wisber backend running on port 3000
[2026-04-25 10:49:50] INFO: [Socket] Connected: ef824feb-7931-4237-b328-b985473fbf2a
[2026-04-25 10:49:50] INFO: [Socket] Connected: a7f8f1a1-12fb-40bf-9d60-41840f890fd0
[2026-04-25 10:56:35] INFO: [Socket] Disconnected: a7f8f1a1-12fb-40bf-9d60-41840f890fd0
[2026-04-25 10:56:57] INFO: [Socket] Connected: a7f8f1a1-12fb-40bf-9d60-41840f890fd0
[2026-04-25 11:19:27] INFO: [Socket] Disconnected: a7f8f1a1-12fb-40bf-9d60-41840f890fd0
[2026-04-25 11:58:27] INFO: [Socket] Connected: a7f8f1a1-12fb-40bf-9d60-41840f890fd0
[2026-04-25 11:58:42] INFO: [Socket] Disconnected: a7f8f1a1-12fb-40bf-9d60-41840f890fd0
[2026-04-25 11:58:59] INFO: [DB] Sequelize connected to MySQL
[2026-04-25 11:58:59] INFO: [Migration] Already applied: drop ratings_ibfk_1
[2026-04-25 11:58:59] INFO: [Migration] Already applied: drop ratings_ibfk_2
[2026-04-25 11:58:59] INFO: [Migration] Already applied: drop pm_ibfk_1
[2026-04-25 11:58:59] INFO: [Migration] Already applied: drop pm_ibfk_2
[2026-04-25 11:58:59] INFO: [Migration] OK: ratings.rated_id nullable
[2026-04-25 11:58:59] WARN: [Migration] Skipped "groups.status": Duplicate column name 'status'
[2026-04-25 11:58:59] WARN: [Migration] Skipped "groups.is_active": Duplicate column name 'is_active'
[2026-04-25 11:58:59] INFO: [DB] All tables synced
[2026-04-25 11:58:59] INFO: [DB] app_content seeded
[2026-04-25 11:58:59] INFO: Wisber backend running on port 3000
[2026-04-25 11:59:00] INFO: [Socket] Connected: ef824feb-7931-4237-b328-b985473fbf2a
[2026-04-25 11:59:26] INFO: [Socket] Disconnected: ef824feb-7931-4237-b328-b985473fbf2a
[2026-04-25 11:59:46] INFO: [Socket] Connected: a7f8f1a1-12fb-40bf-9d60-41840f890fd0
[2026-04-25 12:00:42] INFO: [Socket] Connected: ef824feb-7931-4237-b328-b985473fbf2a
[2026-04-25 12:05:41] INFO: [Socket] Disconnected: a7f8f1a1-12fb-40bf-9d60-41840f890fd0
[2026-04-25 12:05:59] INFO: [Socket] Connected: a7f8f1a1-12fb-40bf-9d60-41840f890fd0
[2026-04-25 12:06:04] INFO: [Socket] Disconnected: a7f8f1a1-12fb-40bf-9d60-41840f890fd0
[2026-04-25 12:20:53] INFO: [Socket] Connected: a7f8f1a1-12fb-40bf-9d60-41840f890fd0
[2026-04-25 12:21:21] INFO: [Socket] Disconnected: a7f8f1a1-12fb-40bf-9d60-41840f890fd0
[2026-04-25 12:52:45] INFO: [Socket] Connected: a7f8f1a1-12fb-40bf-9d60-41840f890fd0
[2026-04-25 12:58:38] INFO: [Socket] Disconnected: a7f8f1a1-12fb-40bf-9d60-41840f890fd0
[2026-04-25 13:22:34] INFO: [DB] Sequelize connected to MySQL
[2026-04-25 13:22:34] INFO: [Migration] Already applied: drop ratings_ibfk_1
[2026-04-25 13:22:34] INFO: [Migration] Already applied: drop ratings_ibfk_2
[2026-04-25 13:22:34] INFO: [Migration] Already applied: drop pm_ibfk_1
[2026-04-25 13:22:34] INFO: [Migration] Already applied: drop pm_ibfk_2
[2026-04-25 13:22:34] INFO: [Migration] OK: ratings.rated_id nullable
[2026-04-25 13:22:34] WARN: [Migration] Skipped "groups.status": Duplicate column name 'status'
[2026-04-25 13:22:34] WARN: [Migration] Skipped "groups.is_active": Duplicate column name 'is_active'
[2026-04-25 13:22:34] INFO: [DB] All tables synced
[2026-04-25 13:22:34] INFO: [DB] app_content seeded
[2026-04-25 13:22:34] INFO: Wisber backend running on port 3000
[2026-04-25 13:31:46] INFO: [Socket] Connected: a7f8f1a1-12fb-40bf-9d60-41840f890fd0
[2026-04-25 13:31:49] INFO: [Socket] Disconnected: a7f8f1a1-12fb-40bf-9d60-41840f890fd0
[2026-04-25 13:31:58] INFO: [Socket] Connected: a7f8f1a1-12fb-40bf-9d60-41840f890fd0
[2026-04-25 13:58:37] INFO: [Socket] Disconnected: a7f8f1a1-12fb-40bf-9d60-41840f890fd0
[2026-04-25 14:04:32] INFO: [DB] Sequelize connected to MySQL
[2026-04-25 14:04:32] INFO: [Migration] Already applied: drop ratings_ibfk_1
[2026-04-25 14:04:32] INFO: [Migration] Already applied: drop ratings_ibfk_2
[2026-04-25 14:04:32] INFO: [Migration] Already applied: drop pm_ibfk_1
[2026-04-25 14:04:32] INFO: [Migration] Already applied: drop pm_ibfk_2
[2026-04-25 14:04:32] INFO: [Migration] OK: ratings.rated_id nullable
[2026-04-25 14:04:32] WARN: [Migration] Skipped "groups.status": Duplicate column name 'status'
[2026-04-25 14:04:32] WARN: [Migration] Skipped "groups.is_active": Duplicate column name 'is_active'
[2026-04-25 14:04:32] INFO: [DB] All tables synced
[2026-04-25 14:04:32] INFO: [DB] app_content seeded
[2026-04-25 14:04:32] INFO: Wisber backend running on port 3000
[2026-04-25 14:27:39] INFO: [DB] Sequelize connected to MySQL
[2026-04-25 14:27:39] INFO: [Migration] Already applied: drop ratings_ibfk_1
[2026-04-25 14:27:39] INFO: [Migration] Already applied: drop ratings_ibfk_2
[2026-04-25 14:27:39] INFO: [Migration] Already applied: drop pm_ibfk_1
[2026-04-25 14:27:39] INFO: [Migration] Already applied: drop pm_ibfk_2
[2026-04-25 14:27:39] INFO: [Migration] OK: ratings.rated_id nullable
[2026-04-25 14:27:39] WARN: [Migration] Skipped "groups.status": Duplicate column name 'status'
[2026-04-25 14:27:39] WARN: [Migration] Skipped "groups.is_active": Duplicate column name 'is_active'
[2026-04-25 14:27:39] INFO: [DB] All tables synced
[2026-04-25 14:27:39] INFO: [DB] app_content seeded
[2026-04-25 14:27:39] INFO: Wisber backend running on port 3000
[2026-04-25 14:28:00] INFO: [Socket] Connected: a7f8f1a1-12fb-40bf-9d60-41840f890fd0
[2026-04-25 14:28:55] INFO: [Socket] Disconnected: a7f8f1a1-12fb-40bf-9d60-41840f890fd0
[2026-04-25 15:41:32] INFO: [Socket] Connected: ef824feb-7931-4237-b328-b985473fbf2a
[2026-04-25 15:41:48] INFO: [Socket] Disconnected: ef824feb-7931-4237-b328-b985473fbf2a
[2026-04-25 16:46:50] INFO: [Socket] Connected: a7f8f1a1-12fb-40bf-9d60-41840f890fd0
[2026-04-25 16:46:52] INFO: [Socket] Disconnected: a7f8f1a1-12fb-40bf-9d60-41840f890fd0
